model,method,fold,filename,surgery_id,IoU,pointing,coverage,area,mask_area
ResNet50,grad-cam,0,c_121_v_(video_3630.mp4)_f_37.jpg,c_121,0.257232,1,0.142412,0.101961,0.026228
ResNet50,grad-cam,0,c_12_v_(video_364.mp4)_f_253.jpg,c_12,0.192914,0,0.093306,0.092176,0.017877
ResNet50,grad-cam,0,c_12_v_(video_365.mp4)_f_174.jpg,c_12,0.0,0,0.019336,0.067841,0.038365
ResNet50,grad-cam,0,c_12_v_(video_365.mp4)_f_49.jpg,c_12,0.401082,1,0.268413,0.078783,0.070831
ResNet50,grad-cam,0,c_12_v_(video_368.mp4)_f_167.jpg,c_12,0.0,0,0.035031,0.070053,0.045101
ResNet50,grad-cam,0,c_12_v_(video_368.mp4)_f_261.jpg,c_12,0.059473,0,0.070248,0.131198,0.027503
ResNet50,grad-cam,0,c_12_v_(video_370.mp4)_f_25.jpg,c_12,0.012543,0,0.038895,0.137616,0.037747
ResNet50,grad-cam,0,c_12_v_(video_370.mp4)_f_67.jpg,c_12,0.101051,1,0.142996,0.086316,0.093272
ResNet50,grad-cam,0,c_135_v_(video_4058.mp4)_f_1.jpg,c_135,0.116214,0,0.48035,0.069695,0.266442
ResNet50,grad-cam,0,c_135_v_(video_4079.mp4)_f_229.jpg,c_135,0.300092,1,0.540458,0.013552,0.042829
ResNet50,grad-cam,0,c_159_v_(video_4770.mp4)_f_4585.jpg,c_159,0.083767,0,0.102876,0.082589,0.029576
ResNet50,grad-cam,0,c_165_v_(video_5033.mp4)_f_19.jpg,c_165,0.041616,0,0.040894,0.040956,0.009925
ResNet50,grad-cam,0,c_165_v_(video_5033.mp4)_f_547.jpg,c_165,0.049593,0,0.026797,0.088907,0.016542
ResNet50,grad-cam,0,c_165_v_(video_5035.mp4)_f_13.jpg,c_165,0.156257,0,0.478722,0.074577,0.218013
ResNet50,grad-cam,0,c_165_v_(video_5037.mp4)_f_1790.jpg,c_165,0.200145,1,0.41129,0.119818,0.210738
ResNet50,grad-cam,0,c_165_v_(video_5038.mp4)_f_161.jpg,c_165,0.055173,0,0.159448,0.077069,0.148956
ResNet50,grad-cam,0,c_165_v_(video_5046.mp4)_f_117.jpg,c_165,0.27743,0,0.178677,0.105529,0.052954
ResNet50,grad-cam,0,c_165_v_(video_5046.mp4)_f_180.jpg,c_165,0.115541,0,0.183583,0.137954,0.091219
ResNet50,grad-cam,0,c_165_v_(video_5046.mp4)_f_962.jpg,c_165,0.095114,0,0.658184,0.099649,0.545839
ResNet50,grad-cam,0,c_169_v_(video_5210.mp4)_f_102.jpg,c_169,0.295056,1,0.260707,0.078284,0.065788
ResNet50,grad-cam,0,c_169_v_(video_5211.mp4)_f_104.jpg,c_169,0.318626,1,0.282963,0.048489,0.050981
ResNet50,grad-cam,0,c_173_v_(video_5306.mp4)_f_20.jpg,c_173,0.0,0,0.0,0.068738,0.009168
ResNet50,grad-cam,0,c_173_v_(video_5306.mp4)_f_228.jpg,c_173,0.0,0,0.022445,0.040836,0.009387
ResNet50,grad-cam,0,c_20_v_(video_539.mp4)_f_16.jpg,c_20,0.0,0,0.034176,0.051658,0.022461
ResNet50,grad-cam,0,c_20_v_(video_539.mp4)_f_201.jpg,c_20,0.0,0,7.3e-05,0.123864,0.007454
ResNet50,grad-cam,0,c_20_v_(video_539.mp4)_f_305.jpg,c_20,0.0,0,0.008417,0.0567,0.020767
ResNet50,grad-cam,0,c_20_v_(video_539.mp4)_f_560.jpg,c_20,0.072626,0,0.053919,0.078304,0.017359
ResNet50,grad-cam,0,c_20_v_(video_539.mp4)_f_800.jpg,c_20,0.139988,1,0.108978,0.144093,0.038006
ResNet50,grad-cam,0,c_24_v_(video_693.mp4)_f_136.jpg,c_24,0.406827,0,0.344417,0.046118,0.043407
ResNet50,grad-cam,0,c_24_v_(video_693.mp4)_f_1495.jpg,c_24,0.202378,0,0.253188,0.115713,0.089844
ResNet50,grad-cam,0,c_24_v_(video_693.mp4)_f_1606.jpg,c_24,0.392779,1,0.212178,0.080357,0.046496
ResNet50,grad-cam,0,c_24_v_(video_693.mp4)_f_1630.jpg,c_24,0.038253,0,0.025279,0.125598,0.011798
ResNet50,grad-cam,0,c_24_v_(video_693.mp4)_f_1697.jpg,c_24,0.311044,1,0.315859,0.090123,0.091578
ResNet50,grad-cam,0,c_24_v_(video_695.mp4)_f_166.jpg,c_24,0.386958,1,0.452272,0.057936,0.109076
ResNet50,grad-cam,0,c_24_v_(video_704.mp4)_f_198.jpg,c_24,0.116412,0,0.169525,0.102818,0.067861
ResNet50,grad-cam,0,c_295_v_(video_9755.mp4)_f_3595.jpg,c_295,0.009447,0,0.016238,0.102798,0.029237
ResNet50,grad-cam,0,c_33_v_(video_1058.mp4)_f_1034.jpg,c_33,0.104343,0,0.044909,0.067164,0.008351
ResNet50,grad-cam,0,c_33_v_(video_1058.mp4)_f_1254.jpg,c_33,0.382442,1,0.406297,0.102679,0.161571
ResNet50,grad-cam,0,c_33_v_(video_1058.mp4)_f_1427.jpg,c_33,0.0,0,0.005991,0.135324,0.018335
ResNet50,grad-cam,0,c_34_v_(video_1099.mp4)_f_261.jpg,c_34,0.126325,0,0.126625,0.088369,0.08524
ResNet50,grad-cam,0,c_34_v_(video_1099.mp4)_f_5.jpg,c_34,0.062929,0,0.051838,0.138831,0.027802
ResNet50,grad-cam,0,c_49_v_(video_1561.mp4)_f_1248.jpg,c_49,0.218379,1,0.676821,0.074438,0.3124
ResNet50,grad-cam,0,c_49_v_(video_1561.mp4)_f_1299.jpg,c_49,0.168778,1,0.455266,0.106884,0.282864
ResNet50,grad-cam,0,c_49_v_(video_1561.mp4)_f_141.jpg,c_49,0.443361,1,0.370455,0.09377,0.103795
ResNet50,grad-cam,0,c_49_v_(video_1561.mp4)_f_202.jpg,c_49,0.0,0,0.002674,0.163485,0.008709
ResNet50,grad-cam,0,c_49_v_(video_1561.mp4)_f_334.jpg,c_49,0.078863,0,0.098965,0.120855,0.05391
ResNet50,grad-cam,0,c_49_v_(video_1561.mp4)_f_411.jpg,c_49,0.209152,1,0.762541,0.077148,0.344667
ResNet50,grad-cam,0,c_50_v_(video_1589.mp4)_f_109.jpg,c_50,0.348792,1,0.499834,0.07384,0.119758
ResNet50,grad-cam,0,c_50_v_(video_1589.mp4)_f_220.jpg,c_50,0.429229,1,0.376457,0.083088,0.102459
ResNet50,grad-cam,0,c_59_v_(video_1898.mp4)_f_1838.jpg,c_59,0.023378,0,0.031301,0.133889,0.013552
ResNet50,grad-cam,0,c_59_v_(video_1898.mp4)_f_47.jpg,c_59,0.0,0,0.010571,0.063855,0.018634
ResNet50,grad-cam,0,c_59_v_(video_1898.mp4)_f_917.jpg,c_59,0.0,0,0.059132,0.082091,0.070572
ResNet50,grad-cam,0,c_61_v_(video_1990.mp4)_f_194.jpg,c_61,0.318866,1,0.816209,0.090362,0.283303
ResNet50,grad-cam,0,c_61_v_(video_1991.mp4)_f_140.jpg,c_61,0.306813,1,0.776993,0.099988,0.325893
ResNet50,grad-cam,0,c_61_v_(video_1991.mp4)_f_83.jpg,c_61,0.174563,0,0.235459,0.053811,0.055883
ResNet50,grad-cam,0,c_63_v_(video_2060.mp4)_f_0.jpg,c_63,0.275432,1,0.263807,0.051519,0.091159
ResNet50,grad-cam,0,c_79_v_(video_2401.mp4)_f_210.jpg,c_79,0.157237,0,0.201573,0.067562,0.06533
ResNet50,grad-cam,0,c_79_v_(video_2403.mp4)_f_1001.jpg,c_79,0.238222,1,0.28156,0.098553,0.077447
ResNet50,grad-cam,0,c_79_v_(video_2404.mp4)_f_688.jpg,c_79,0.060384,0,0.061452,0.093212,0.019133
ResNet50,grad-cam,0,c_79_v_(video_2405.mp4)_f_42.jpg,c_79,0.232691,0,0.316265,0.10796,0.107422
ResNet50,grad-cam,0,c_8_v_(video_145.mp4)_f_496.jpg,c_8,0.0,0,0.02634,0.032785,0.018654
ResNet50,grad-cam,0,c_8_v_(video_146.mp4)_f_298.jpg,c_8,0.048515,0,0.027979,0.122588,0.006198
ResNet50,grad-cam,0,c_8_v_(video_146.mp4)_f_344.jpg,c_8,0.03401,0,0.043435,0.124741,0.022501
ResNet50,grad-cam,0,c_8_v_(video_146.mp4)_f_388.jpg,c_8,0.197638,0,0.196545,0.082111,0.055325
ResNet50,grad-cam,0,c_8_v_(video_147.mp4)_f_11.jpg,c_8,0.0,0,0.003658,0.104811,0.00564
ResNet50,grad-cam,0,c_8_v_(video_148.mp4)_f_1079.jpg,c_8,0.0,0,0.014868,0.069735,0.008072
ResNet50,grad-cam,0,c_8_v_(video_148.mp4)_f_164.jpg,c_8,0.014337,0,0.008412,0.216518,0.003448
ResNet50,grad-cam,0,c_8_v_(video_148.mp4)_f_185.jpg,c_8,0.000815,0,0.02022,0.131816,0.015047
ResNet50,grad-cam,0,c_8_v_(video_148.mp4)_f_2515.jpg,c_8,0.143399,0,0.142214,0.06264,0.033502
ResNet50,grad-cam,0,c_8_v_(video_148.mp4)_f_2723.jpg,c_8,0.150667,0,0.088291,0.071628,0.017718
ResNet50,grad-cam,0,c_8_v_(video_148.mp4)_f_973.jpg,c_8,0.0,0,0.00253,0.046775,0.003707
ResNet50,grad-cam,0,c_8_v_(video_153.mp4)_f_2707.jpg,c_8,0.036687,0,0.045052,0.143993,0.01989
ResNet50,grad-cam,0,c_93_v_(video_2819.mp4)_f_1744.jpg,c_93,0.123215,1,0.42811,0.070133,0.230907
ResNet50,grad-cam,0,c_93_v_(video_2819.mp4)_f_992.jpg,c_93,0.153134,1,0.956582,0.056003,0.365713
ResNet50,grad-cam,0,c_93_v_(video_2824.mp4)_f_0.jpg,c_93,0.099445,0,0.051781,0.089425,0.013253
ResNet50,grad-cam,0,c_93_v_(video_2824.mp4)_f_116.jpg,c_93,0.170087,0,0.108105,0.12205,0.03137
ResNet50,grad-cam,0,c_93_v_(video_2824.mp4)_f_283.jpg,c_93,0.120249,1,0.178818,0.065689,0.088787
ResNet50,grad-cam,0,c_93_v_(video_2824.mp4)_f_383.jpg,c_93,0.052495,0,0.069457,0.14495,0.074019
ResNet50,grad-cam,0,c_93_v_(video_2824.mp4)_f_436.jpg,c_93,0.155801,0,0.365794,0.119858,0.211914
ResNet50,grad-cam,0,c_93_v_(video_2846.mp4)_f_54.jpg,c_93,0.010396,0,0.09766,0.106764,0.04819
ResNet50,grad-cam,1,c_100_v_(video_3062.mp4)_f_1458.jpg,c_100,0.060825,0,0.045216,0.07105,0.010981
ResNet50,grad-cam,1,c_102_v_(video_3119.mp4)_f_1311.jpg,c_102,0.180765,1,0.191198,0.07962,0.101204
ResNet50,grad-cam,1,c_102_v_(video_3119.mp4)_f_185.jpg,c_102,0.066773,0,0.125322,0.136878,0.075494
ResNet50,grad-cam,1,c_102_v_(video_3124.mp4)_f_97.jpg,c_102,0.319413,1,0.249527,0.126375,0.108498
ResNet50,grad-cam,1,c_102_v_(video_3130.mp4)_f_0.jpg,c_102,0.259237,0,0.233783,0.171038,0.1251
ResNet50,grad-cam,1,c_10_v_(video_182.mp4)_f_494.jpg,c_10,0.19093,0,0.161748,0.186185,0.060328
ResNet50,grad-cam,1,c_10_v_(video_184.mp4)_f_22.jpg,c_10,0.222364,0,0.179803,0.12209,0.068539
ResNet50,grad-cam,1,c_10_v_(video_185.mp4)_f_112.jpg,c_10,0.121334,0,0.045634,0.068778,0.01429
ResNet50,grad-cam,1,c_10_v_(video_185.mp4)_f_176.jpg,c_10,0.037003,0,0.068245,0.293168,0.065968
ResNet50,grad-cam,1,c_10_v_(video_186.mp4)_f_200.jpg,c_10,0.0,0,0.024863,0.117746,0.018395
ResNet50,grad-cam,1,c_10_v_(video_188.mp4)_f_455.jpg,c_10,0.283109,1,0.172089,0.033562,0.046377
ResNet50,grad-cam,1,c_113_v_(video_3427.mp4)_f_211.jpg,c_113,0.243625,0,0.211927,0.127471,0.072744
ResNet50,grad-cam,1,c_114_v_(video_3461.mp4)_f_610.jpg,c_114,0.0,0,0.010644,0.100925,0.009208
ResNet50,grad-cam,1,c_137_v_(video_4143.mp4)_f_1016.jpg,c_137,0.002497,0,0.044342,0.083765,0.028261
ResNet50,grad-cam,1,c_137_v_(video_4143.mp4)_f_427.jpg,c_137,0.028542,0,0.018585,0.132812,0.007235
ResNet50,grad-cam,1,c_137_v_(video_4143.mp4)_f_639.jpg,c_137,0.062972,0,0.087461,0.07671,0.046755
ResNet50,grad-cam,1,c_144_v_(video_4371.mp4)_f_66.jpg,c_144,0.006442,0,0.134197,0.060926,0.11655
ResNet50,grad-cam,1,c_144_v_(video_4371.mp4)_f_872.jpg,c_144,0.099959,0,0.074297,0.086814,0.019551
ResNet50,grad-cam,1,c_144_v_(video_4374.mp4)_f_2517.jpg,c_144,0.0,0,0.017045,0.057597,0.038664
ResNet50,grad-cam,1,c_144_v_(video_4374.mp4)_f_2771.jpg,c_144,0.384229,1,0.412357,0.100566,0.162867
ResNet50,grad-cam,1,c_150_v_(video_4517.mp4)_f_109.jpg,c_150,0.158557,0,0.146649,0.094667,0.05387
ResNet50,grad-cam,1,c_150_v_(video_4518.mp4)_f_28.jpg,c_150,0.127835,0,0.11164,0.107581,0.03414
ResNet50,grad-cam,1,c_150_v_(video_4520.mp4)_f_132.jpg,c_150,0.067606,0,0.095393,0.1249,0.063935
ResNet50,grad-cam,1,c_178_v_(video_5419.mp4)_f_794.jpg,c_178,0.0,0,0.00225,0.138831,0.001734
ResNet50,grad-cam,1,c_178_v_(video_5426.mp4)_f_90.jpg,c_178,0.048481,0,0.031855,0.135941,0.014051
ResNet50,grad-cam,1,c_189_v_(video_5727.mp4)_f_14.jpg,c_189,0.184185,0,0.217375,0.083705,0.086715
ResNet50,grad-cam,1,c_21_v_(video_605.mp4)_f_79.jpg,c_21,0.0,0,0.00373,0.125159,0.004006
ResNet50,grad-cam,1,c_21_v_(video_607.mp4)_f_46.jpg,c_21,0.056875,0,0.066747,0.134068,0.050363
ResNet50,grad-cam,1,c_23_v_(video_672.mp4)_f_1006.jpg,c_23,0.217966,1,0.309197,0.106924,0.192203
ResNet50,grad-cam,1,c_23_v_(video_672.mp4)_f_1268.jpg,c_23,0.0,0,0.021802,0.103516,0.012297
ResNet50,grad-cam,1,c_23_v_(video_672.mp4)_f_13.jpg,c_23,0.11365,1,0.064787,0.050682,0.021185
ResNet50,grad-cam,1,c_23_v_(video_672.mp4)_f_195.jpg,c_23,0.082481,0,0.142672,0.068379,0.072864
ResNet50,grad-cam,1,c_23_v_(video_672.mp4)_f_256.jpg,c_23,0.0,0,0.064176,0.077647,0.044045
ResNet50,grad-cam,1,c_23_v_(video_672.mp4)_f_397.jpg,c_23,0.165179,1,0.131793,0.178671,0.068479
ResNet50,grad-cam,1,c_23_v_(video_672.mp4)_f_778.jpg,c_23,0.057903,0,0.073002,0.084503,0.071708
ResNet50,grad-cam,1,c_23_v_(video_674.mp4)_f_1579.jpg,c_23,0.208353,0,0.129644,0.163225,0.046098
ResNet50,grad-cam,1,c_23_v_(video_674.mp4)_f_41.jpg,c_23,0.155412,0,0.172566,0.141323,0.093969
ResNet50,grad-cam,1,c_23_v_(video_674.mp4)_f_837.jpg,c_23,0.353276,1,0.221895,0.079062,0.053472
ResNet50,grad-cam,1,c_23_v_(video_674.mp4)_f_870.jpg,c_23,0.0,0,0.020059,0.102878,0.011101
ResNet50,grad-cam,1,c_28_v_(video_903.mp4)_f_1330.jpg,c_28,0.09405,0,0.047025,0.103835,0.009766
ResNet50,grad-cam,1,c_28_v_(video_903.mp4)_f_1635.jpg,c_28,0.094162,0,0.042675,0.143674,0.013572
ResNet50,grad-cam,1,c_28_v_(video_903.mp4)_f_1761.jpg,c_28,0.147447,0,0.156314,0.111866,0.091
ResNet50,grad-cam,1,c_28_v_(video_903.mp4)_f_330.jpg,c_28,0.022843,0,0.071772,0.246173,0.073302
ResNet50,grad-cam,1,c_28_v_(video_903.mp4)_f_627.jpg,c_28,0.18733,0,0.123189,0.115195,0.050283
ResNet50,grad-cam,1,c_28_v_(video_903.mp4)_f_853.jpg,c_28,0.0,0,0.000405,0.043487,0.035973
ResNet50,grad-cam,1,c_28_v_(video_905.mp4)_f_53.jpg,c_28,0.608409,1,0.553316,0.146783,0.179508
ResNet50,grad-cam,1,c_28_v_(video_907.mp4)_f_73.jpg,c_28,0.028894,0,0.191738,0.115214,0.177176
ResNet50,grad-cam,1,c_28_v_(video_934.mp4)_f_288.jpg,c_28,0.227503,0,0.317479,0.114238,0.156529
ResNet50,grad-cam,1,c_29_v_(video_940.mp4)_f_1371.jpg,c_29,0.215556,1,0.114244,0.123246,0.026566
ResNet50,grad-cam,1,c_29_v_(video_940.mp4)_f_1635.jpg,c_29,0.079279,0,0.036169,0.143674,0.011519
ResNet50,grad-cam,1,c_31_v_(video_1002.mp4)_f_499.jpg,c_31,0.007319,0,0.063126,0.095544,0.044344
ResNet50,grad-cam,1,c_31_v_(video_1002.mp4)_f_91.jpg,c_31,0.517611,1,0.392016,0.134945,0.11924
ResNet50,grad-cam,1,c_31_v_(video_1004.mp4)_f_869.jpg,c_31,0.576341,1,0.317829,0.108538,0.074179
ResNet50,grad-cam,1,c_31_v_(video_993.mp4)_f_75.jpg,c_31,0.012905,0,0.056347,0.106904,0.049526
ResNet50,grad-cam,1,c_31_v_(video_997.mp4)_f_161.jpg,c_31,0.0,0,0.070812,0.116091,0.048888
ResNet50,grad-cam,1,c_31_v_(video_998.mp4)_f_85.jpg,c_31,0.03012,0,0.059594,0.117945,0.038146
ResNet50,grad-cam,1,c_42_v_(video_1320.mp4)_f_565.jpg,c_42,0.123349,0,0.278773,0.117307,0.187799
ResNet50,grad-cam,1,c_42_v_(video_1320.mp4)_f_653.jpg,c_42,0.0,0,0.052924,0.118622,0.037289
ResNet50,grad-cam,1,c_42_v_(video_1322.mp4)_f_276.jpg,c_42,0.0,0,0.011538,0.099231,0.055604
ResNet50,grad-cam,1,c_42_v_(video_1322.mp4)_f_471.jpg,c_42,0.109229,0,0.160667,0.121512,0.07946
ResNet50,grad-cam,1,c_42_v_(video_1322.mp4)_f_624.jpg,c_42,0.080331,0,0.209272,0.104951,0.168168
ResNet50,grad-cam,1,c_42_v_(video_1323.mp4)_f_183.jpg,c_42,0.062136,1,0.06796,0.333865,0.055525
ResNet50,grad-cam,1,c_45_v_(video_1386.mp4)_f_563.jpg,c_45,0.084756,0,0.069642,0.275889,0.039381
ResNet50,grad-cam,1,c_45_v_(video_1386.mp4)_f_622.jpg,c_45,0.081607,0,0.055263,0.300163,0.048509
ResNet50,grad-cam,1,c_45_v_(video_1386.mp4)_f_753.jpg,c_45,0.07845,0,0.165275,0.249502,0.138174
ResNet50,grad-cam,1,c_45_v_(video_1396.mp4)_f_1483.jpg,c_45,0.000212,0,0.006557,0.276487,0.005182
ResNet50,grad-cam,1,c_45_v_(video_1396.mp4)_f_2895.jpg,c_45,0.056781,0,0.034321,0.159877,0.014828
ResNet50,grad-cam,1,c_45_v_(video_1396.mp4)_f_3007.jpg,c_45,0.0,0,0.002452,0.26704,0.013313
ResNet50,grad-cam,1,c_45_v_(video_1396.mp4)_f_408.jpg,c_45,0.417327,1,0.296933,0.112883,0.101004
ResNet50,grad-cam,1,c_52_v_(video_1656.mp4)_f_2711.jpg,c_52,0.31249,1,0.212463,0.107422,0.060328
ResNet50,grad-cam,1,c_52_v_(video_1656.mp4)_f_5548.jpg,c_52,0.174795,0,0.12071,0.059251,0.026208
ResNet50,grad-cam,1,c_7_v_(video_130.mp4)_f_100.jpg,c_7,0.0,0,0.02148,0.120436,0.016741
ResNet50,grad-cam,1,c_7_v_(video_130.mp4)_f_1233.jpg,c_7,0.024249,1,0.027812,0.114896,0.015585
ResNet50,grad-cam,1,c_7_v_(video_130.mp4)_f_1360.jpg,c_7,0.005092,0,0.02517,0.053213,0.029397
ResNet50,grad-cam,1,c_7_v_(video_130.mp4)_f_241.jpg,c_7,0.0,0,0.046311,0.022361,0.017817
ResNet50,grad-cam,1,c_7_v_(video_130.mp4)_f_411.jpg,c_7,0.04845,0,0.02937,0.109375,0.030792
ResNet50,grad-cam,1,c_7_v_(video_130.mp4)_f_986.jpg,c_7,0.058701,0,0.025521,0.105269,0.006517
ResNet50,grad-cam,1,c_7_v_(video_134.mp4)_f_1093.jpg,c_7,0.0,0,0.004699,0.06262,0.003288
ResNet50,grad-cam,1,c_7_v_(video_134.mp4)_f_1716.jpg,c_7,0.206943,1,0.265096,0.062879,0.063237
ResNet50,grad-cam,1,c_7_v_(video_134.mp4)_f_2323.jpg,c_7,0.172573,0,0.131936,0.083347,0.032705
ResNet50,grad-cam,1,c_82_v_(video_2507.mp4)_f_2154.jpg,c_82,0.04188,0,0.26496,0.107741,0.188756
ResNet50,grad-cam,1,c_86_v_(video_2617.mp4)_f_177.jpg,c_86,0.487357,0,0.359121,0.122369,0.108578
ResNet50,grad-cam,1,c_86_v_(video_2638.mp4)_f_150.jpg,c_86,0.074599,0,0.055649,0.134626,0.02557
ResNet50,grad-cam,2,c_123_v_(video_3706.mp4)_f_659.jpg,c_123,0.10405,0,0.118302,0.054309,0.036412
ResNet50,grad-cam,2,c_125_v_(video_3726.mp4)_f_247.jpg,c_125,0.106762,0,0.062747,0.208227,0.02565
ResNet50,grad-cam,2,c_127_v_(video_3756.mp4)_f_40.jpg,c_127,0.367716,1,0.662301,0.066785,0.181621
ResNet50,grad-cam,2,c_145_v_(video_4391.mp4)_f_27.jpg,c_145,0.0,0,0.040356,0.023657,0.037867
ResNet50,grad-cam,2,c_15_v_(video_449.mp4)_f_2374.jpg,c_15,0.0,0,0.001391,0.024773,0.002611
ResNet50,grad-cam,2,c_15_v_(video_449.mp4)_f_2831.jpg,c_15,0.051776,0,0.07974,0.124362,0.079281
ResNet50,grad-cam,2,c_15_v_(video_450.mp4)_f_623.jpg,c_15,0.033919,0,0.095231,0.098274,0.085798
ResNet50,grad-cam,2,c_15_v_(video_451.mp4)_f_251.jpg,c_15,0.134747,0,0.059015,0.152643,0.022242
ResNet50,grad-cam,2,c_15_v_(video_454.mp4)_f_144.jpg,c_15,0.104107,0,0.139371,0.070253,0.066924
ResNet50,grad-cam,2,c_168_v_(video_5163.mp4)_f_264.jpg,c_168,0.049728,0,0.013823,0.076431,0.004345
ResNet50,grad-cam,2,c_16_v_(video_467.mp4)_f_184.jpg,c_16,0.0,0,0.068242,0.043985,0.063337
ResNet50,grad-cam,2,c_16_v_(video_471.mp4)_f_220.jpg,c_16,0.38429,0,0.195143,0.0283,0.043347
ResNet50,grad-cam,2,c_170_v_(video_5222.mp4)_f_64.jpg,c_170,0.233692,1,0.335449,0.024055,0.074318
ResNet50,grad-cam,2,c_17_v_(video_481.mp4)_f_1292.jpg,c_17,0.0,0,0.115681,0.060148,0.072286
ResNet50,grad-cam,2,c_37_v_(video_1215.mp4)_f_0.jpg,c_37,0.441796,1,0.662357,0.207729,0.33237
ResNet50,grad-cam,2,c_37_v_(video_1229.mp4)_f_36.jpg,c_37,0.15816,1,0.347374,0.045639,0.147003
ResNet50,grad-cam,2,c_38_v_(video_1253.mp4)_f_1117.jpg,c_38,0.0,0,0.010704,0.099131,0.006338
ResNet50,grad-cam,2,c_43_v_(video_1363.mp4)_f_1062.jpg,c_43,0.284938,1,0.215441,0.030752,0.072963
ResNet50,grad-cam,2,c_43_v_(video_1363.mp4)_f_2080.jpg,c_43,0.176569,0,0.088477,0.100845,0.025849
ResNet50,grad-cam,2,c_43_v_(video_1363.mp4)_f_778.jpg,c_43,0.172398,0,0.083753,0.132713,0.024235
ResNet50,grad-cam,2,c_43_v_(video_1364.mp4)_f_495.jpg,c_43,0.0,0,0.018872,0.149334,0.019531
ResNet50,grad-cam,2,c_43_v_(video_1366.mp4)_f_0.jpg,c_43,0.0,0,0.017433,0.145029,0.078464
ResNet50,grad-cam,2,c_51_v_(video_1638.mp4)_f_1710.jpg,c_51,0.057468,0,0.029499,0.069555,0.015525
ResNet50,grad-cam,2,c_51_v_(video_1640.mp4)_f_1162.jpg,c_51,0.548009,1,0.307941,0.070412,0.061324
ResNet50,grad-cam,2,c_51_v_(video_1640.mp4)_f_25.jpg,c_51,0.0,0,0.029641,0.105748,0.014768
ResNet50,grad-cam,2,c_51_v_(video_1640.mp4)_f_535.jpg,c_51,0.0,0,0.014991,0.021086,0.02852
ResNet50,grad-cam,2,c_51_v_(video_1640.mp4)_f_643.jpg,c_51,0.122397,0,0.219323,0.05409,0.068359
ResNet50,grad-cam,2,c_55_v_(video_1729.mp4)_f_1915.jpg,c_55,0.180616,1,0.452236,0.016004,0.087173
ResNet50,grad-cam,2,c_60_v_(video_1945.mp4)_f_1392.jpg,c_60,0.43694,1,0.480127,0.203623,0.256876
ResNet50,grad-cam,2,c_60_v_(video_1945.mp4)_f_366.jpg,c_60,0.0,0,0.05876,0.013552,0.091717
ResNet50,grad-cam,2,c_60_v_(video_1945.mp4)_f_52.jpg,c_60,0.176157,1,0.740474,0.03687,0.209303
ResNet50,grad-cam,2,c_60_v_(video_1946.mp4)_f_1754.jpg,c_60,0.0,0,0.020394,0.020289,0.010961
ResNet50,grad-cam,2,c_60_v_(video_1946.mp4)_f_792.jpg,c_60,0.0,0,0.0,0.084841,0.00291
ResNet50,grad-cam,2,c_60_v_(video_1946.mp4)_f_963.jpg,c_60,0.018293,0,0.006709,0.028041,0.001913
ResNet50,grad-cam,2,c_65_v_(video_2087.mp4)_f_1648.jpg,c_65,0.041018,0,0.038172,0.059989,0.01993
ResNet50,grad-cam,2,c_65_v_(video_2087.mp4)_f_1816.jpg,c_65,0.128645,0,0.183625,0.230847,0.134068
ResNet50,grad-cam,2,c_65_v_(video_2087.mp4)_f_2155.jpg,c_65,0.077933,1,0.069515,0.183076,0.026427
ResNet50,grad-cam,2,c_65_v_(video_2087.mp4)_f_2161.jpg,c_65,0.01468,0,0.07129,0.073681,0.043407
ResNet50,grad-cam,2,c_65_v_(video_2087.mp4)_f_274.jpg,c_65,0.157133,1,0.443594,0.081413,0.26128
ResNet50,grad-cam,2,c_65_v_(video_2087.mp4)_f_278.jpg,c_65,0.045213,0,0.017153,0.064593,0.005899
ResNet50,grad-cam,2,c_65_v_(video_2087.mp4)_f_66.jpg,c_65,0.167294,0,0.115266,0.085559,0.031808
ResNet50,grad-cam,2,c_65_v_(video_2087.mp4)_f_714.jpg,c_65,0.093729,1,0.609576,0.041952,0.446429
ResNet50,grad-cam,2,c_65_v_(video_2087.mp4)_f_918.jpg,c_65,0.191336,0,0.093036,0.110511,0.027603
ResNet50,grad-cam,2,c_70_v_(video_2176.mp4)_f_221.jpg,c_70,0.032973,0,0.035572,0.159399,0.021664
ResNet50,grad-cam,2,c_70_v_(video_2176.mp4)_f_308.jpg,c_70,0.14462,0,0.132861,0.071648,0.061484
ResNet50,grad-cam,2,c_70_v_(video_2176.mp4)_f_502.jpg,c_70,0.065934,0,0.050318,0.032745,0.009786
ResNet50,grad-cam,2,c_70_v_(video_2178.mp4)_f_769.jpg,c_70,0.0,0,0.0,0.047373,0.005959
ResNet50,grad-cam,2,c_85_v_(video_2607.mp4)_f_284.jpg,c_85,0.203866,1,0.236123,0.091438,0.108398
ResNet50,grad-cam,2,c_85_v_(video_2607.mp4)_f_733.jpg,c_85,0.091841,0,0.120354,0.116988,0.080377
ResNet50,grad-cam,2,c_88_v_(video_2665.mp4)_f_2058.jpg,c_88,0.0,0,0.0,0.018435,0.002272
ResNet50,grad-cam,2,c_88_v_(video_2665.mp4)_f_485.jpg,c_88,0.128615,0,0.222316,0.081653,0.101104
ResNet50,grad-cam,3,c_105_v_(video_3214.mp4)_f_2954.jpg,c_105,0.166634,0,0.156454,0.075434,0.044842
ResNet50,grad-cam,3,c_117_v_(video_3530.mp4)_f_811.jpg,c_117,0.125833,0,0.204823,0.085001,0.073342
ResNet50,grad-cam,3,c_117_v_(video_3533.mp4)_f_195.jpg,c_117,0.026074,0,0.098772,0.043387,0.063277
ResNet50,grad-cam,3,c_120_v_(video_3598.mp4)_f_713.jpg,c_120,0.123806,0,0.121897,0.043726,0.026646
ResNet50,grad-cam,3,c_120_v_(video_3599.mp4)_f_39.jpg,c_120,0.078039,0,0.186051,0.065828,0.120835
ResNet50,grad-cam,3,c_141_v_(video_4253.mp4)_f_205.jpg,c_141,0.203947,0,0.352862,0.063955,0.146405
ResNet50,grad-cam,3,c_141_v_(video_4253.mp4)_f_386.jpg,c_141,0.088904,1,0.410015,0.061982,0.250957
ResNet50,grad-cam,3,c_141_v_(video_4253.mp4)_f_55.jpg,c_141,0.160587,1,0.816786,0.077667,0.421995
ResNet50,grad-cam,3,c_141_v_(video_4254.mp4)_f_324.jpg,c_141,0.16829,1,0.587534,0.065609,0.312101
ResNet50,grad-cam,3,c_141_v_(video_4254.mp4)_f_5.jpg,c_141,0.0812,0,0.192377,0.099191,0.179448
ResNet50,grad-cam,3,c_141_v_(video_4257.mp4)_f_115.jpg,c_141,0.179049,0,0.573578,0.101762,0.30403
ResNet50,grad-cam,3,c_141_v_(video_4257.mp4)_f_212.jpg,c_141,0.220092,0,0.4302,0.101483,0.233279
ResNet50,grad-cam,3,c_141_v_(video_4257.mp4)_f_272.jpg,c_141,0.383657,1,0.611087,0.074577,0.184251
ResNet50,grad-cam,3,c_141_v_(video_4299.mp4)_f_29.jpg,c_141,0.0,0,0.026845,0.054548,0.026287
ResNet50,grad-cam,3,c_149_v_(video_4479.mp4)_f_1577.jpg,c_149,0.0,0,0.005483,0.053013,0.013353
ResNet50,grad-cam,3,c_149_v_(video_4479.mp4)_f_3137.jpg,c_149,0.079131,0,0.06791,0.08803,0.01987
ResNet50,grad-cam,3,c_14_v_(video_400.mp4)_f_810.jpg,c_14,0.120226,1,0.457756,0.066028,0.218092
ResNet50,grad-cam,3,c_14_v_(video_401.mp4)_f_253.jpg,c_14,0.100809,0,0.106348,0.072345,0.027982
ResNet50,grad-cam,3,c_14_v_(video_401.mp4)_f_90.jpg,c_14,0.0,0,0.020831,0.058335,0.015645
ResNet50,grad-cam,3,c_14_v_(video_401.mp4)_f_910.jpg,c_14,0.0,0,0.001836,0.050124,0.009487
ResNet50,grad-cam,3,c_14_v_(video_422.mp4)_f_59.jpg,c_14,0.0,0,0.002125,0.077966,0.037528
ResNet50,grad-cam,3,c_14_v_(video_425.mp4)_f_118.jpg,c_14,0.001584,0,0.048157,0.060806,0.014788
ResNet50,grad-cam,3,c_172_v_(video_5281.mp4)_f_1193.jpg,c_172,0.0,0,0.014449,0.077567,0.0057
ResNet50,grad-cam,3,c_172_v_(video_5281.mp4)_f_484.jpg,c_172,0.056499,0,0.061461,0.100965,0.024255
ResNet50,grad-cam,3,c_19_v_(video_507.mp4)_f_2389.jpg,c_19,0.104169,0,0.090971,0.13076,0.037608
ResNet50,grad-cam,3,c_22_v_(video_631.mp4)_f_25.jpg,c_22,0.0,0,0.009543,0.06804,0.01979
ResNet50,grad-cam,3,c_22_v_(video_631.mp4)_f_358.jpg,c_22,0.083601,1,0.049352,0.080576,0.006736
ResNet50,grad-cam,3,c_22_v_(video_631.mp4)_f_706.jpg,c_22,0.143944,0,0.125819,0.10804,0.032765
ResNet50,grad-cam,3,c_22_v_(video_632.mp4)_f_228.jpg,c_22,0.085512,0,0.07607,0.043228,0.014708
ResNet50,grad-cam,3,c_22_v_(video_632.mp4)_f_2825.jpg,c_22,0.242167,0,0.169607,0.060746,0.032486
ResNet50,grad-cam,3,c_22_v_(video_634.mp4)_f_22.jpg,c_22,0.153251,1,0.142074,0.109255,0.039222
ResNet50,grad-cam,3,c_27_v_(video_829.mp4)_f_0.jpg,c_27,0.241947,1,0.867052,0.072604,0.300084
ResNet50,grad-cam,3,c_32_v_(video_1044.mp4)_f_1545.jpg,c_32,0.320293,1,0.320885,0.03964,0.046456
ResNet50,grad-cam,3,c_39_v_(video_1263.mp4)_f_1769.jpg,c_39,0.060601,0,0.100831,0.080297,0.04841
ResNet50,grad-cam,3,c_39_v_(video_1263.mp4)_f_481.jpg,c_39,0.267203,1,0.583925,0.077567,0.176778
ResNet50,grad-cam,3,c_40_v_(video_1275.mp4)_f_184.jpg,c_40,0.203205,1,0.866352,0.071767,0.353177
ResNet50,grad-cam,3,c_40_v_(video_1277.mp4)_f_411.jpg,c_40,0.086661,0,0.213809,0.06812,0.103815
ResNet50,grad-cam,3,c_40_v_(video_1281.mp4)_f_262.jpg,c_40,0.246547,1,0.203777,0.043208,0.05393
ResNet50,grad-cam,3,c_40_v_(video_1286.mp4)_f_126.jpg,c_40,0.009627,0,0.068168,0.047074,0.036531
ResNet50,grad-cam,3,c_40_v_(video_1286.mp4)_f_775.jpg,c_40,0.0,0,0.027968,0.056302,0.025949
ResNet50,grad-cam,3,c_40_v_(video_1288.mp4)_f_17.jpg,c_40,0.0,0,0.001651,0.054807,0.006696
ResNet50,grad-cam,3,c_41_v_(video_1297.mp4)_f_140.jpg,c_41,0.195939,1,0.221975,0.077766,0.083048
ResNet50,grad-cam,3,c_41_v_(video_1297.mp4)_f_500.jpg,c_41,0.0,0,0.018412,0.066067,0.032326
ResNet50,grad-cam,3,c_41_v_(video_1297.mp4)_f_826.jpg,c_41,0.092182,0,0.054613,0.083287,0.017777
ResNet50,grad-cam,3,c_44_v_(video_1373.mp4)_f_1199.jpg,c_44,0.0,0,0.00218,0.062321,0.00558
ResNet50,grad-cam,3,c_44_v_(video_1373.mp4)_f_201.jpg,c_44,0.0,0,0.004152,0.065709,0.055525
ResNet50,grad-cam,3,c_44_v_(video_1373.mp4)_f_211.jpg,c_44,0.0,0,0.002571,0.086037,0.007394
ResNet50,grad-cam,3,c_44_v_(video_1373.mp4)_f_215.jpg,c_44,0.0,0,0.000439,0.069735,0.02272
ResNet50,grad-cam,3,c_44_v_(video_1373.mp4)_f_903.jpg,c_44,0.185071,1,0.335089,0.104771,0.155313
ResNet50,grad-cam,3,c_44_v_(video_1377.mp4)_f_212.jpg,c_44,0.0,0,0.033182,0.092634,0.054727
ResNet50,grad-cam,3,c_48_v_(video_1525.mp4)_f_685.jpg,c_48,0.397341,1,0.584346,0.07683,0.193359
ResNet50,grad-cam,3,c_48_v_(video_1525.mp4)_f_759.jpg,c_48,0.0,0,0.053975,0.110013,0.035794
ResNet50,grad-cam,3,c_58_v_(video_1853.mp4)_f_1061.jpg,c_58,0.127916,1,0.902593,0.076491,0.5739
ResNet50,grad-cam,3,c_58_v_(video_1853.mp4)_f_109.jpg,c_58,0.118721,1,0.971906,0.064912,0.546755
ResNet50,grad-cam,3,c_58_v_(video_1853.mp4)_f_510.jpg,c_58,0.130013,0,0.305053,0.077089,0.13632
ResNet50,grad-cam,3,c_58_v_(video_1853.mp4)_f_586.jpg,c_58,0.0,0,0.003566,0.048609,0.041235
ResNet50,grad-cam,3,c_58_v_(video_1875.mp4)_f_281.jpg,c_58,0.184904,1,0.71021,0.050383,0.248724
ResNet50,grad-cam,3,c_62_v_(video_2045.mp4)_f_363.jpg,c_62,0.175573,1,0.189839,0.0967,0.059829
ResNet50,grad-cam,3,c_62_v_(video_2045.mp4)_f_379.jpg,c_62,0.218419,1,0.496618,0.064533,0.187281
ResNet50,grad-cam,3,c_62_v_(video_2045.mp4)_f_846.jpg,c_62,0.407503,1,0.637343,0.097616,0.205198
ResNet50,grad-cam,3,c_62_v_(video_2046.mp4)_f_357.jpg,c_62,0.171001,0,0.276767,0.078364,0.101104
ResNet50,grad-cam,3,c_62_v_(video_2056.mp4)_f_312.jpg,c_62,0.084434,0,0.190073,0.09387,0.117307
ResNet50,grad-cam,3,c_62_v_(video_2056.mp4)_f_56.jpg,c_62,0.031641,0,0.145241,0.05684,0.086117
ResNet50,grad-cam,3,c_62_v_(video_2057.mp4)_f_53.jpg,c_62,0.066891,0,0.151332,0.105309,0.109255
ResNet50,grad-cam,3,c_69_v_(video_2170.mp4)_f_711.jpg,c_69,0.0,0,0.0,0.024055,0.008689
ResNet50,grad-cam,3,c_69_v_(video_2171.mp4)_f_40.jpg,c_69,0.014421,0,0.020581,0.14485,0.010762
ResNet50,grad-cam,3,c_72_v_(video_2199.mp4)_f_0.jpg,c_72,0.0,0,0.003601,0.06252,0.018355
ResNet50,grad-cam,3,c_77_v_(video_2376.mp4)_f_578.jpg,c_77,0.143927,1,0.153453,0.075654,0.039979
ResNet50,grad-cam,3,c_77_v_(video_2376.mp4)_f_817.jpg,c_77,0.0,0,0.018796,0.077348,0.009028
ResNet50,grad-cam,3,c_77_v_(video_2376.mp4)_f_938.jpg,c_77,0.012971,0,0.104831,0.053432,0.044623
ResNet50,grad-cam,3,c_77_v_(video_2383.mp4)_f_171.jpg,c_77,0.250626,0,0.151207,0.077009,0.032486
ResNet50,grad-cam,3,c_77_v_(video_2383.mp4)_f_54.jpg,c_77,0.000112,0,0.029649,0.140067,0.037867
ResNet50,grad-cam,3,c_87_v_(video_2641.mp4)_f_163.jpg,c_87,0.094426,0,0.197163,0.058594,0.055285
ResNet50,grad-cam,3,c_87_v_(video_2662.mp4)_f_143.jpg,c_87,0.0,0,0.038441,0.055086,0.021684
ResNet50,grad-cam,3,c_97_v_(video_2912.mp4)_f_71.jpg,c_97,0.381083,1,0.621991,0.052515,0.137516
ResNet50,grad-cam,3,c_97_v_(video_2915.mp4)_f_114.jpg,c_97,0.1624,0,0.11702,0.080736,0.029676
ResNet50,grad-cam,3,c_97_v_(video_2915.mp4)_f_16.jpg,c_97,0.009069,0,0.045236,0.072246,0.012018
ResNet50,grad-cam,4,c_108_v_(video_3312.mp4)_f_619.jpg,c_108,0.134401,0,0.054302,0.054707,0.010224
ResNet50,grad-cam,4,c_13_v_(video_391.mp4)_f_226.jpg,c_13,0.082415,0,0.034805,0.120496,0.010643
ResNet50,grad-cam,4,c_146_v_(video_4410.mp4)_f_2066.jpg,c_146,0.0,0,0.037893,0.062719,0.037588
ResNet50,grad-cam,4,c_146_v_(video_4410.mp4)_f_740.jpg,c_146,0.27932,1,0.142517,0.04546,0.061065
ResNet50,grad-cam,4,c_146_v_(video_4412.mp4)_f_43.jpg,c_146,0.069051,0,0.0319,0.129305,0.008929
ResNet50,grad-cam,4,c_157_v_(video_4727.mp4)_f_0.jpg,c_157,0.43938,1,0.357952,0.083426,0.077706
ResNet50,grad-cam,4,c_162_v_(video_4957.mp4)_f_230.jpg,c_162,0.169737,0,0.087521,0.09381,0.025132
ResNet50,grad-cam,4,c_174_v_(video_5312.mp4)_f_1125.jpg,c_174,0.0,0,0.000966,0.027802,0.010762
ResNet50,grad-cam,4,c_174_v_(video_5312.mp4)_f_1319.jpg,c_174,0.0,0,0.0,0.06804,0.005461
ResNet50,grad-cam,4,c_188_v_(video_5701.mp4)_f_226.jpg,c_188,0.127158,0,0.22416,0.110132,0.117586
ResNet50,grad-cam,4,c_1_v_(video_17.mp4)_f_1232.jpg,c_1,0.19701,0,0.17167,0.07683,0.057219
ResNet50,grad-cam,4,c_1_v_(video_17.mp4)_f_530.jpg,c_1,0.335938,1,0.32334,0.057278,0.058594
ResNet50,grad-cam,4,c_1_v_(video_17.mp4)_f_925.jpg,c_1,0.363585,1,0.25244,0.054707,0.041414
ResNet50,grad-cam,4,c_1_v_(video_7.mp4)_f_1299.jpg,c_1,0.168596,0,0.05571,0.0228,0.009387
ResNet50,grad-cam,4,c_1_v_(video_7.mp4)_f_36.jpg,c_1,0.49505,1,0.18705,0.030074,0.021086
ResNet50,grad-cam,4,c_25_v_(video_774.mp4)_f_1246.jpg,c_25,0.0,0,0.075072,0.032565,0.046118
ResNet50,grad-cam,4,c_25_v_(video_774.mp4)_f_608.jpg,c_25,0.09232,0,0.060146,0.164381,0.026387
ResNet50,grad-cam,4,c_25_v_(video_774.mp4)_f_772.jpg,c_25,0.013531,0,0.019084,0.187141,0.0114
ResNet50,grad-cam,4,c_25_v_(video_776.mp4)_f_1436.jpg,c_25,0.218624,0,0.139343,0.193359,0.06537
ResNet50,grad-cam,4,c_25_v_(video_776.mp4)_f_750.jpg,c_25,0.0,0,0.016028,0.085379,0.027384
ResNet50,grad-cam,4,c_25_v_(video_777.mp4)_f_33.jpg,c_25,0.201734,0,0.134118,0.121712,0.044025
ResNet50,grad-cam,4,c_3_v_(video_24.mp4)_f_72.jpg,c_3,0.469477,1,0.371514,0.020269,0.040179
ResNet50,grad-cam,4,c_3_v_(video_25.mp4)_f_238.jpg,c_3,0.564492,1,0.579265,0.070751,0.09363
ResNet50,grad-cam,4,c_3_v_(video_25.mp4)_f_249.jpg,c_3,0.144796,1,0.109655,0.057936,0.027782
ResNet50,grad-cam,4,c_3_v_(video_25.mp4)_f_348.jpg,c_3,0.004766,0,0.009678,0.063277,0.003946
ResNet50,grad-cam,4,c_3_v_(video_27.mp4)_f_163.jpg,c_3,0.000763,0,0.027322,0.036511,0.015765
ResNet50,grad-cam,4,c_3_v_(video_27.mp4)_f_338.jpg,c_3,0.012542,0,0.023141,0.057577,0.014828
ResNet50,grad-cam,4,c_3_v_(video_27.mp4)_f_501.jpg,c_3,0.193154,1,0.236019,0.045859,0.121572
ResNet50,grad-cam,4,c_3_v_(video_29.mp4)_f_287.jpg,c_3,0.397166,1,0.568088,0.062321,0.136161
ResNet50,grad-cam,4,c_3_v_(video_29.mp4)_f_443.jpg,c_3,0.55384,1,0.42284,0.067024,0.089425
ResNet50,grad-cam,4,c_3_v_(video_29.mp4)_f_480.jpg,c_3,0.459499,1,0.654928,0.068539,0.12789
ResNet50,grad-cam,4,c_3_v_(video_29.mp4)_f_510.jpg,c_3,0.390268,1,0.409805,0.046855,0.063616
ResNet50,grad-cam,4,c_3_v_(video_29.mp4)_f_627.jpg,c_3,0.264365,0,0.187964,0.060846,0.034758
ResNet50,grad-cam,4,c_46_v_(video_1405.mp4)_f_299.jpg,c_46,0.206537,0,0.109171,0.062181,0.020946
ResNet50,grad-cam,4,c_46_v_(video_1405.mp4)_f_36.jpg,c_46,0.0,0,0.019459,0.044583,0.091
ResNet50,grad-cam,4,c_46_v_(video_1405.mp4)_f_568.jpg,c_46,0.101584,1,0.108802,0.111049,0.060766
ResNet50,grad-cam,4,c_46_v_(video_1406.mp4)_f_108.jpg,c_46,0.445906,0,0.423438,0.061683,0.085081
ResNet50,grad-cam,4,c_46_v_(video_1406.mp4)_f_209.jpg,c_46,0.0,0,0.000769,0.053831,0.004684
ResNet50,grad-cam,4,c_46_v_(video_1406.mp4)_f_426.jpg,c_46,0.100178,0,0.053639,0.063975,0.009786
ResNet50,grad-cam,4,c_46_v_(video_1406.mp4)_f_81.jpg,c_46,0.0,0,0.007767,0.106047,0.098812
ResNet50,grad-cam,4,c_4_v_(video_47.mp4)_f_3852.jpg,c_4,0.000631,0,0.068202,0.066486,0.059949
ResNet50,grad-cam,4,c_4_v_(video_48.mp4)_f_402.jpg,c_4,0.003614,0,0.035119,0.11936,0.046696
ResNet50,grad-cam,4,c_57_v_(video_1790.mp4)_f_557.jpg,c_57,0.438483,1,0.460347,0.121592,0.180863
ResNet50,grad-cam,4,c_5_v_(video_62.mp4)_f_681.jpg,c_5,0.295218,1,0.186446,0.088289,0.082828
ResNet50,grad-cam,4,c_5_v_(video_64.mp4)_f_712.jpg,c_5,0.0,0,0.02287,0.018236,0.016183
ResNet50,grad-cam,4,c_5_v_(video_66.mp4)_f_1754.jpg,c_5,0.015854,0,0.02212,0.217215,0.013931
ResNet50,grad-cam,4,c_5_v_(video_66.mp4)_f_3.jpg,c_5,0.071576,0,0.040902,0.147581,0.018017
ResNet50,grad-cam,4,c_6_v_(video_112.mp4)_f_1122.jpg,c_6,0.26149,1,0.082769,0.048988,0.023218
ResNet50,grad-cam,4,c_6_v_(video_112.mp4)_f_120.jpg,c_6,0.009731,0,0.038656,0.066067,0.014589
ResNet50,grad-cam,4,c_6_v_(video_112.mp4)_f_174.jpg,c_6,0.095567,0,0.062364,0.117447,0.018495
ResNet50,grad-cam,4,c_6_v_(video_112.mp4)_f_709.jpg,c_6,0.140562,0,0.07126,0.120097,0.01995
ResNet50,grad-cam,4,c_6_v_(video_84.mp4)_f_459.jpg,c_6,0.152789,0,0.117967,0.112245,0.034817
ResNet50,grad-cam,4,c_6_v_(video_84.mp4)_f_695.jpg,c_6,0.000688,0,0.025526,0.071488,0.015525
ResNet50,grad-cam,4,c_6_v_(video_84.mp4)_f_93.jpg,c_6,0.132399,1,0.127433,0.099968,0.086854
ResNet50,grad-cam,4,c_6_v_(video_89.mp4)_f_177.jpg,c_6,0.047611,0,0.074292,0.099171,0.031071
ResNet50,grad-cam,4,c_6_v_(video_89.mp4)_f_340.jpg,c_6,0.06509,1,0.045893,0.125538,0.008171
ResNet50,grad-cam,4,c_6_v_(video_89.mp4)_f_511.jpg,c_6,0.022793,0,0.025063,0.154098,0.015824
ResNet50,grad-cam,4,c_6_v_(video_90.mp4)_f_212.jpg,c_6,0.237772,1,0.178073,0.095823,0.056999
ResNet50,grad-cam,4,c_6_v_(video_90.mp4)_f_684.jpg,c_6,0.0,0,0.027554,0.070532,0.023836
ResNet50,grad-cam,4,c_6_v_(video_95.mp4)_f_173.jpg,c_6,0.057831,0,0.0503,0.151128,0.023856
ResNet50,grad-cam,4,c_6_v_(video_95.mp4)_f_226.jpg,c_6,0.076894,0,0.049592,0.091458,0.020747
ResNet50,grad-cam,4,c_6_v_(video_96.mp4)_f_84.jpg,c_6,0.286419,0,0.184377,0.129385,0.052595
ResNet50,grad-cam,4,c_76_v_(video_2329.mp4)_f_1012.jpg,c_76,0.02923,0,0.026876,0.169404,0.016562
ResNet50,grad-cam,4,c_76_v_(video_2329.mp4)_f_59.jpg,c_76,0.134393,0,0.112445,0.126654,0.034
ResNet50,grad-cam,4,c_76_v_(video_2330.mp4)_f_161.jpg,c_76,0.0,0,0.009462,0.117746,0.036731
ResNet50,grad-cam,4,c_76_v_(video_2364.mp4)_f_25.jpg,c_76,0.226179,0,0.14147,0.077766,0.05124
ResNet50,grad-cam,4,c_92_v_(video_2749.mp4)_f_25.jpg,c_92,0.105872,1,0.626098,0.047573,0.449338
ResNet50,grad-cam,4,c_92_v_(video_2787.mp4)_f_199.jpg,c_92,0.0,0,0.007909,0.058255,0.043527
ResNet50,grad-cam,4,c_92_v_(video_2787.mp4)_f_462.jpg,c_92,0.0,0,0.005881,0.03988,0.080198
ResNet50,grad-cam,4,c_99_v_(video_2998.mp4)_f_256.jpg,c_99,0.188791,0,0.107742,0.153241,0.030234
ResNet50,grad-cam,4,c_99_v_(video_2998.mp4)_f_73.jpg,c_99,0.174696,1,0.090334,0.147939,0.027483
ResNet50,grad-cam,4,c_99_v_(video_3000.mp4)_f_51.jpg,c_99,0.267789,0,0.120209,0.071787,0.021245
ResNet50,grad-cam,4,c_99_v_(video_3006.mp4)_f_102.jpg,c_99,0.124974,0,0.09279,0.072565,0.034
ResNet50,grad-cam,4,c_99_v_(video_3041.mp4)_f_0.jpg,c_99,0.402144,1,0.197259,0.112743,0.051459
ResNet50,grad-cam,4,c_9_v_(video_168.mp4)_f_1146.jpg,c_9,0.0,0,0.013508,0.030732,0.020029
ResNet50,grad-cam,4,c_9_v_(video_168.mp4)_f_2210.jpg,c_9,0.092438,0,0.071407,0.106047,0.027264
ResNet50,grad-cam,4,c_9_v_(video_168.mp4)_f_515.jpg,c_9,0.046424,0,0.024946,0.081653,0.007294
ResNet50,grad-cam,4,c_9_v_(video_168.mp4)_f_517.jpg,c_9,0.084242,0,0.041471,0.100546,0.00847
ResNet50,grad-cam,4,c_9_v_(video_168.mp4)_f_670.jpg,c_9,0.0,0,0.012009,0.056999,0.009586
ResNet50,grad-cam,4,c_9_v_(video_169.mp4)_f_79.jpg,c_9,0.020419,0,0.021645,0.061205,0.014489
ResNet50,grad-cam,4,c_9_v_(video_170.mp4)_f_111.jpg,c_9,0.172198,0,0.048822,0.082868,0.01427
ResNet50,grad-cam,4,c_9_v_(video_172.mp4)_f_0.jpg,c_9,0.073674,0,0.033978,0.129305,0.009526
EfficientNet-B0,grad-cam,0,c_121_v_(video_3630.mp4)_f_37.jpg,c_121,0.083733,0,0.068542,0.126993,0.026228
EfficientNet-B0,grad-cam,0,c_12_v_(video_364.mp4)_f_253.jpg,c_12,0.078235,0,0.039226,0.222736,0.017877
EfficientNet-B0,grad-cam,0,c_12_v_(video_365.mp4)_f_174.jpg,c_12,0.103244,0,0.068367,0.151387,0.038365
EfficientNet-B0,grad-cam,0,c_12_v_(video_365.mp4)_f_49.jpg,c_12,0.209203,1,0.1582,0.206214,0.070831
EfficientNet-B0,grad-cam,0,c_12_v_(video_368.mp4)_f_167.jpg,c_12,0.0,0,0.025073,0.090701,0.045101
EfficientNet-B0,grad-cam,0,c_12_v_(video_368.mp4)_f_261.jpg,c_12,0.042601,0,0.042775,0.23003,0.027503
EfficientNet-B0,grad-cam,0,c_12_v_(video_370.mp4)_f_25.jpg,c_12,0.06177,0,0.055913,0.246592,0.037747
EfficientNet-B0,grad-cam,0,c_12_v_(video_370.mp4)_f_67.jpg,c_12,0.128542,0,0.132244,0.314772,0.093272
EfficientNet-B0,grad-cam,0,c_135_v_(video_4058.mp4)_f_1.jpg,c_135,0.347138,1,0.521832,0.145867,0.266442
EfficientNet-B0,grad-cam,0,c_135_v_(video_4079.mp4)_f_229.jpg,c_135,0.119111,1,0.141911,0.065589,0.042829
EfficientNet-B0,grad-cam,0,c_159_v_(video_4770.mp4)_f_4585.jpg,c_159,0.0,0,0.038634,0.076551,0.029576
EfficientNet-B0,grad-cam,0,c_165_v_(video_5033.mp4)_f_19.jpg,c_165,0.049057,0,0.03778,0.062101,0.009925
EfficientNet-B0,grad-cam,0,c_165_v_(video_5033.mp4)_f_547.jpg,c_165,0.0,0,0.013558,0.10513,0.016542
EfficientNet-B0,grad-cam,0,c_165_v_(video_5035.mp4)_f_13.jpg,c_165,0.346708,1,0.478112,0.093033,0.218013
EfficientNet-B0,grad-cam,0,c_165_v_(video_5037.mp4)_f_1790.jpg,c_165,0.322709,0,0.288435,0.462532,0.210738
EfficientNet-B0,grad-cam,0,c_165_v_(video_5038.mp4)_f_161.jpg,c_165,0.07043,0,0.140685,0.23876,0.148956
EfficientNet-B0,grad-cam,0,c_165_v_(video_5046.mp4)_f_117.jpg,c_165,0.281951,0,0.150437,0.143953,0.052954
EfficientNet-B0,grad-cam,0,c_165_v_(video_5046.mp4)_f_180.jpg,c_165,0.451256,1,0.293383,0.128627,0.091219
EfficientNet-B0,grad-cam,0,c_165_v_(video_5046.mp4)_f_962.jpg,c_165,0.333145,1,0.601065,0.347796,0.545839
EfficientNet-B0,grad-cam,0,c_169_v_(video_5210.mp4)_f_102.jpg,c_169,0.399674,1,0.232585,0.122449,0.065788
EfficientNet-B0,grad-cam,0,c_169_v_(video_5211.mp4)_f_104.jpg,c_169,0.359339,1,0.201461,0.112923,0.050981
EfficientNet-B0,grad-cam,0,c_173_v_(video_5306.mp4)_f_20.jpg,c_173,0.0,0,0.019608,0.132693,0.009168
EfficientNet-B0,grad-cam,0,c_173_v_(video_5306.mp4)_f_228.jpg,c_173,0.0,0,0.004735,0.046257,0.009387
EfficientNet-B0,grad-cam,0,c_20_v_(video_539.mp4)_f_16.jpg,c_20,0.0,0,0.005034,0.162229,0.022461
EfficientNet-B0,grad-cam,0,c_20_v_(video_539.mp4)_f_201.jpg,c_20,0.0,0,0.000834,0.069994,0.007454
EfficientNet-B0,grad-cam,0,c_20_v_(video_539.mp4)_f_305.jpg,c_20,0.090015,0,0.050697,0.155891,0.020767
EfficientNet-B0,grad-cam,0,c_20_v_(video_539.mp4)_f_560.jpg,c_20,0.027213,0,0.026688,0.199298,0.017359
EfficientNet-B0,grad-cam,0,c_20_v_(video_539.mp4)_f_800.jpg,c_20,0.113336,1,0.095945,0.092773,0.038006
EfficientNet-B0,grad-cam,0,c_24_v_(video_693.mp4)_f_136.jpg,c_24,0.061598,0,0.090342,0.082649,0.043407
EfficientNet-B0,grad-cam,0,c_24_v_(video_693.mp4)_f_1495.jpg,c_24,0.179155,0,0.171226,0.146006,0.089844
EfficientNet-B0,grad-cam,0,c_24_v_(video_693.mp4)_f_1606.jpg,c_24,0.311942,1,0.177507,0.138074,0.046496
EfficientNet-B0,grad-cam,0,c_24_v_(video_693.mp4)_f_1630.jpg,c_24,0.0,0,0.00824,0.070631,0.011798
EfficientNet-B0,grad-cam,0,c_24_v_(video_693.mp4)_f_1697.jpg,c_24,0.183972,0,0.210775,0.148398,0.091578
EfficientNet-B0,grad-cam,0,c_24_v_(video_695.mp4)_f_166.jpg,c_24,0.422784,1,0.299231,0.069396,0.109076
EfficientNet-B0,grad-cam,0,c_24_v_(video_704.mp4)_f_198.jpg,c_24,0.295939,1,0.201983,0.159837,0.067861
EfficientNet-B0,grad-cam,0,c_295_v_(video_9755.mp4)_f_3595.jpg,c_295,0.081483,0,0.051627,0.23581,0.029237
EfficientNet-B0,grad-cam,0,c_33_v_(video_1058.mp4)_f_1034.jpg,c_33,0.090968,0,0.047423,0.091797,0.008351
EfficientNet-B0,grad-cam,0,c_33_v_(video_1058.mp4)_f_1254.jpg,c_33,0.418249,1,0.38658,0.161531,0.161571
EfficientNet-B0,grad-cam,0,c_33_v_(video_1058.mp4)_f_1427.jpg,c_33,0.018952,0,0.029149,0.19597,0.018335
EfficientNet-B0,grad-cam,0,c_34_v_(video_1099.mp4)_f_261.jpg,c_34,0.207927,1,0.158261,0.255501,0.08524
EfficientNet-B0,grad-cam,0,c_34_v_(video_1099.mp4)_f_5.jpg,c_34,0.021729,0,0.034943,0.148378,0.027802
EfficientNet-B0,grad-cam,0,c_49_v_(video_1561.mp4)_f_1248.jpg,c_49,0.343295,1,0.47893,0.291354,0.3124
EfficientNet-B0,grad-cam,0,c_49_v_(video_1561.mp4)_f_1299.jpg,c_49,0.30051,1,0.428771,0.154596,0.282864
EfficientNet-B0,grad-cam,0,c_49_v_(video_1561.mp4)_f_141.jpg,c_49,0.28166,1,0.212294,0.32099,0.103795
EfficientNet-B0,grad-cam,0,c_49_v_(video_1561.mp4)_f_202.jpg,c_49,0.038844,0,0.029078,0.224211,0.008709
EfficientNet-B0,grad-cam,0,c_49_v_(video_1561.mp4)_f_334.jpg,c_49,0.162268,0,0.105784,0.254145,0.05391
EfficientNet-B0,grad-cam,0,c_49_v_(video_1561.mp4)_f_411.jpg,c_49,0.420039,1,0.529274,0.291713,0.344667
EfficientNet-B0,grad-cam,0,c_50_v_(video_1589.mp4)_f_109.jpg,c_50,0.622622,1,0.4195,0.128408,0.119758
EfficientNet-B0,grad-cam,0,c_50_v_(video_1589.mp4)_f_220.jpg,c_50,0.293108,1,0.226192,0.340681,0.102459
EfficientNet-B0,grad-cam,0,c_59_v_(video_1898.mp4)_f_1838.jpg,c_59,0.04615,0,0.027818,0.145926,0.013552
EfficientNet-B0,grad-cam,0,c_59_v_(video_1898.mp4)_f_47.jpg,c_59,0.0,0,0.005201,0.213449,0.018634
EfficientNet-B0,grad-cam,0,c_59_v_(video_1898.mp4)_f_917.jpg,c_59,0.0,0,0.055833,0.14497,0.070572
EfficientNet-B0,grad-cam,0,c_61_v_(video_1990.mp4)_f_194.jpg,c_61,0.475835,1,0.69882,0.134805,0.283303
EfficientNet-B0,grad-cam,0,c_61_v_(video_1991.mp4)_f_140.jpg,c_61,0.279398,1,0.549217,0.147022,0.325893
EfficientNet-B0,grad-cam,0,c_61_v_(video_1991.mp4)_f_83.jpg,c_61,0.234656,1,0.199141,0.068798,0.055883
EfficientNet-B0,grad-cam,0,c_63_v_(video_2060.mp4)_f_0.jpg,c_63,0.214049,1,0.179867,0.135144,0.091159
EfficientNet-B0,grad-cam,0,c_79_v_(video_2401.mp4)_f_210.jpg,c_79,0.36392,1,0.221992,0.126335,0.06533
EfficientNet-B0,grad-cam,0,c_79_v_(video_2403.mp4)_f_1001.jpg,c_79,0.364494,1,0.247841,0.118622,0.077447
EfficientNet-B0,grad-cam,0,c_79_v_(video_2404.mp4)_f_688.jpg,c_79,0.101365,0,0.048067,0.115992,0.019133
EfficientNet-B0,grad-cam,0,c_79_v_(video_2405.mp4)_f_42.jpg,c_79,0.314463,1,0.251894,0.124422,0.107422
EfficientNet-B0,grad-cam,0,c_8_v_(video_145.mp4)_f_496.jpg,c_8,0.0,0,0.0,0.030812,0.018654
EfficientNet-B0,grad-cam,0,c_8_v_(video_146.mp4)_f_298.jpg,c_8,0.010799,0,0.008391,0.200873,0.006198
EfficientNet-B0,grad-cam,0,c_8_v_(video_146.mp4)_f_344.jpg,c_8,0.037115,0,0.049181,0.125638,0.022501
EfficientNet-B0,grad-cam,0,c_8_v_(video_146.mp4)_f_388.jpg,c_8,0.229806,0,0.139432,0.118842,0.055325
EfficientNet-B0,grad-cam,0,c_8_v_(video_147.mp4)_f_11.jpg,c_8,0.0,0,0.002345,0.159359,0.00564
EfficientNet-B0,grad-cam,0,c_8_v_(video_148.mp4)_f_1079.jpg,c_8,0.0,0,0.005867,0.140725,0.008072
EfficientNet-B0,grad-cam,0,c_8_v_(video_148.mp4)_f_164.jpg,c_8,0.011405,0,0.007231,0.166215,0.003448
EfficientNet-B0,grad-cam,0,c_8_v_(video_148.mp4)_f_185.jpg,c_8,0.02947,0,0.02262,0.19312,0.015047
EfficientNet-B0,grad-cam,0,c_8_v_(video_148.mp4)_f_2515.jpg,c_8,0.084383,0,0.05548,0.222098,0.033502
EfficientNet-B0,grad-cam,0,c_8_v_(video_148.mp4)_f_2723.jpg,c_8,0.059801,0,0.033401,0.296277,0.017718
EfficientNet-B0,grad-cam,0,c_8_v_(video_148.mp4)_f_973.jpg,c_8,0.030527,0,0.014228,0.121433,0.003707
EfficientNet-B0,grad-cam,0,c_8_v_(video_153.mp4)_f_2707.jpg,c_8,0.0,0,0.001858,0.110312,0.01989
EfficientNet-B0,grad-cam,0,c_93_v_(video_2819.mp4)_f_1744.jpg,c_93,0.122375,0,0.268617,0.241968,0.230907
EfficientNet-B0,grad-cam,0,c_93_v_(video_2819.mp4)_f_992.jpg,c_93,0.376106,1,0.722237,0.145747,0.365713
EfficientNet-B0,grad-cam,0,c_93_v_(video_2824.mp4)_f_0.jpg,c_93,0.12,0,0.061051,0.079939,0.013253
EfficientNet-B0,grad-cam,0,c_93_v_(video_2824.mp4)_f_116.jpg,c_93,0.080844,0,0.058978,0.34646,0.03137
EfficientNet-B0,grad-cam,0,c_93_v_(video_2824.mp4)_f_283.jpg,c_93,0.158093,0,0.131612,0.236488,0.088787
EfficientNet-B0,grad-cam,0,c_93_v_(video_2824.mp4)_f_383.jpg,c_93,0.096442,0,0.118151,0.129903,0.074019
EfficientNet-B0,grad-cam,0,c_93_v_(video_2824.mp4)_f_436.jpg,c_93,0.210069,1,0.401353,0.104253,0.211914
EfficientNet-B0,grad-cam,0,c_93_v_(video_2846.mp4)_f_54.jpg,c_93,0.088483,0,0.071656,0.196488,0.04819
EfficientNet-B0,grad-cam,1,c_100_v_(video_3062.mp4)_f_1458.jpg,c_100,0.046499,0,0.036349,0.146006,0.010981
EfficientNet-B0,grad-cam,1,c_102_v_(video_3119.mp4)_f_1311.jpg,c_102,0.170535,0,0.150937,0.237504,0.101204
EfficientNet-B0,grad-cam,1,c_102_v_(video_3119.mp4)_f_185.jpg,c_102,0.047247,0,0.083948,0.245217,0.075494
EfficientNet-B0,grad-cam,1,c_102_v_(video_3124.mp4)_f_97.jpg,c_102,0.623441,1,0.37356,0.112066,0.108498
EfficientNet-B0,grad-cam,1,c_102_v_(video_3130.mp4)_f_0.jpg,c_102,0.0,0,0.153446,0.069236,0.1251
EfficientNet-B0,grad-cam,1,c_10_v_(video_182.mp4)_f_494.jpg,c_10,0.405873,1,0.208605,0.090442,0.060328
EfficientNet-B0,grad-cam,1,c_10_v_(video_184.mp4)_f_22.jpg,c_10,0.404321,0,0.258742,0.085619,0.068539
EfficientNet-B0,grad-cam,1,c_10_v_(video_185.mp4)_f_112.jpg,c_10,0.035744,0,0.036654,0.084463,0.01429
EfficientNet-B0,grad-cam,1,c_10_v_(video_185.mp4)_f_176.jpg,c_10,0.219427,1,0.171992,0.220006,0.065968
EfficientNet-B0,grad-cam,1,c_10_v_(video_186.mp4)_f_200.jpg,c_10,0.11129,0,0.049684,0.105389,0.018395
EfficientNet-B0,grad-cam,1,c_10_v_(video_188.mp4)_f_455.jpg,c_10,0.309643,0,0.224088,0.084363,0.046377
EfficientNet-B0,grad-cam,1,c_113_v_(video_3427.mp4)_f_211.jpg,c_113,0.0,0,5.3e-05,0.038365,0.072744
EfficientNet-B0,grad-cam,1,c_114_v_(video_3461.mp4)_f_610.jpg,c_114,0.076465,0,0.027837,0.120416,0.009208
EfficientNet-B0,grad-cam,1,c_137_v_(video_4143.mp4)_f_1016.jpg,c_137,0.037325,0,0.035664,0.171138,0.028261
EfficientNet-B0,grad-cam,1,c_137_v_(video_4143.mp4)_f_427.jpg,c_137,0.022588,0,0.015639,0.231864,0.007235
EfficientNet-B0,grad-cam,1,c_137_v_(video_4143.mp4)_f_639.jpg,c_137,0.0,0,0.049005,0.100965,0.046755
EfficientNet-B0,grad-cam,1,c_144_v_(video_4371.mp4)_f_66.jpg,c_144,0.117172,0,0.26093,0.087532,0.11655
EfficientNet-B0,grad-cam,1,c_144_v_(video_4371.mp4)_f_872.jpg,c_144,0.138934,0,0.129822,0.036651,0.019551
EfficientNet-B0,grad-cam,1,c_144_v_(video_4374.mp4)_f_2517.jpg,c_144,0.10086,0,0.068555,0.104253,0.038664
EfficientNet-B0,grad-cam,1,c_144_v_(video_4374.mp4)_f_2771.jpg,c_144,0.414607,1,0.449827,0.090362,0.162867
EfficientNet-B0,grad-cam,1,c_150_v_(video_4517.mp4)_f_109.jpg,c_150,0.209944,1,0.181451,0.057199,0.05387
EfficientNet-B0,grad-cam,1,c_150_v_(video_4518.mp4)_f_28.jpg,c_150,0.2639,0,0.126458,0.096341,0.03414
EfficientNet-B0,grad-cam,1,c_150_v_(video_4520.mp4)_f_132.jpg,c_150,0.133457,0,0.11258,0.155433,0.063935
EfficientNet-B0,grad-cam,1,c_178_v_(video_5419.mp4)_f_794.jpg,c_178,0.007035,0,0.005638,0.246472,0.001734
EfficientNet-B0,grad-cam,1,c_178_v_(video_5426.mp4)_f_90.jpg,c_178,0.084675,1,0.049151,0.165936,0.014051
EfficientNet-B0,grad-cam,1,c_189_v_(video_5727.mp4)_f_14.jpg,c_189,0.312464,0,0.193177,0.272999,0.086715
EfficientNet-B0,grad-cam,1,c_21_v_(video_605.mp4)_f_79.jpg,c_21,0.0,0,0.000109,0.055305,0.004006
EfficientNet-B0,grad-cam,1,c_21_v_(video_607.mp4)_f_46.jpg,c_21,0.0,0,0.045978,0.02282,0.050363
EfficientNet-B0,grad-cam,1,c_23_v_(video_672.mp4)_f_1006.jpg,c_23,0.239381,1,0.291582,0.150889,0.192203
EfficientNet-B0,grad-cam,1,c_23_v_(video_672.mp4)_f_1268.jpg,c_23,0.0,0,0.005987,0.124462,0.012297
EfficientNet-B0,grad-cam,1,c_23_v_(video_672.mp4)_f_13.jpg,c_23,0.007793,0,0.032389,0.07675,0.021185
EfficientNet-B0,grad-cam,1,c_23_v_(video_672.mp4)_f_195.jpg,c_23,0.189371,1,0.148804,0.220165,0.072864
EfficientNet-B0,grad-cam,1,c_23_v_(video_672.mp4)_f_256.jpg,c_23,0.0,0,0.05277,0.070871,0.044045
EfficientNet-B0,grad-cam,1,c_23_v_(video_672.mp4)_f_397.jpg,c_23,0.04038,0,0.081742,0.230887,0.068479
EfficientNet-B0,grad-cam,1,c_23_v_(video_672.mp4)_f_778.jpg,c_23,0.003508,0,0.076999,0.11641,0.071708
EfficientNet-B0,grad-cam,1,c_23_v_(video_674.mp4)_f_1579.jpg,c_23,0.051789,0,0.11854,0.076949,0.046098
EfficientNet-B0,grad-cam,1,c_23_v_(video_674.mp4)_f_41.jpg,c_23,0.149715,0,0.177876,0.167132,0.093969
EfficientNet-B0,grad-cam,1,c_23_v_(video_674.mp4)_f_837.jpg,c_23,0.087255,0,0.121185,0.075913,0.053472
EfficientNet-B0,grad-cam,1,c_23_v_(video_674.mp4)_f_870.jpg,c_23,0.0,0,0.022014,0.099749,0.011101
EfficientNet-B0,grad-cam,1,c_28_v_(video_903.mp4)_f_1330.jpg,c_28,0.0,0,0.005192,0.049107,0.009766
EfficientNet-B0,grad-cam,1,c_28_v_(video_903.mp4)_f_1635.jpg,c_28,0.047803,0,0.032179,0.283921,0.013572
EfficientNet-B0,grad-cam,1,c_28_v_(video_903.mp4)_f_1761.jpg,c_28,0.093799,0,0.162848,0.103755,0.091
EfficientNet-B0,grad-cam,1,c_28_v_(video_903.mp4)_f_330.jpg,c_28,0.147436,0,0.121459,0.251335,0.073302
EfficientNet-B0,grad-cam,1,c_28_v_(video_903.mp4)_f_627.jpg,c_28,0.254491,0,0.147949,0.175183,0.050283
EfficientNet-B0,grad-cam,1,c_28_v_(video_903.mp4)_f_853.jpg,c_28,0.127486,0,0.092389,0.046516,0.035973
EfficientNet-B0,grad-cam,1,c_28_v_(video_905.mp4)_f_53.jpg,c_28,0.426332,1,0.526024,0.079799,0.179508
EfficientNet-B0,grad-cam,1,c_28_v_(video_907.mp4)_f_73.jpg,c_28,0.256717,1,0.247543,0.281469,0.177176
EfficientNet-B0,grad-cam,1,c_28_v_(video_934.mp4)_f_288.jpg,c_28,0.459124,1,0.363891,0.208426,0.156529
EfficientNet-B0,grad-cam,1,c_29_v_(video_940.mp4)_f_1371.jpg,c_29,0.0,0,0.027923,0.070811,0.026566
EfficientNet-B0,grad-cam,1,c_29_v_(video_940.mp4)_f_1635.jpg,c_29,0.040573,0,0.026984,0.283921,0.011519
EfficientNet-B0,grad-cam,1,c_31_v_(video_1002.mp4)_f_499.jpg,c_31,0.01059,0,0.067194,0.098294,0.044344
EfficientNet-B0,grad-cam,1,c_31_v_(video_1002.mp4)_f_91.jpg,c_31,0.566533,1,0.470087,0.09943,0.11924
EfficientNet-B0,grad-cam,1,c_31_v_(video_1004.mp4)_f_869.jpg,c_31,0.622511,1,0.389097,0.075215,0.074179
EfficientNet-B0,grad-cam,1,c_31_v_(video_993.mp4)_f_75.jpg,c_31,0.180229,0,0.147449,0.121313,0.049526
EfficientNet-B0,grad-cam,1,c_31_v_(video_997.mp4)_f_161.jpg,c_31,0.202979,0,0.15662,0.097577,0.048888
EfficientNet-B0,grad-cam,1,c_31_v_(video_998.mp4)_f_85.jpg,c_31,0.201285,0,0.114825,0.144432,0.038146
EfficientNet-B0,grad-cam,1,c_42_v_(video_1320.mp4)_f_565.jpg,c_42,0.423238,1,0.529927,0.14495,0.187799
EfficientNet-B0,grad-cam,1,c_42_v_(video_1320.mp4)_f_653.jpg,c_42,0.0,0,0.0681,0.109654,0.037289
EfficientNet-B0,grad-cam,1,c_42_v_(video_1322.mp4)_f_276.jpg,c_42,0.0,0,0.032226,0.182617,0.055604
EfficientNet-B0,grad-cam,1,c_42_v_(video_1322.mp4)_f_471.jpg,c_42,0.298357,1,0.229018,0.125219,0.07946
EfficientNet-B0,grad-cam,1,c_42_v_(video_1322.mp4)_f_624.jpg,c_42,0.309973,1,0.402799,0.117188,0.168168
EfficientNet-B0,grad-cam,1,c_42_v_(video_1323.mp4)_f_183.jpg,c_42,0.0,0,0.01507,0.115972,0.055525
EfficientNet-B0,grad-cam,1,c_45_v_(video_1386.mp4)_f_563.jpg,c_45,0.045319,0,0.054968,0.149095,0.039381
EfficientNet-B0,grad-cam,1,c_45_v_(video_1386.mp4)_f_622.jpg,c_45,0.160967,0,0.098339,0.23294,0.048509
EfficientNet-B0,grad-cam,1,c_45_v_(video_1386.mp4)_f_753.jpg,c_45,0.126111,0,0.167934,0.36938,0.138174
EfficientNet-B0,grad-cam,1,c_45_v_(video_1396.mp4)_f_1483.jpg,c_45,0.0,0,0.005689,0.191725,0.005182
EfficientNet-B0,grad-cam,1,c_45_v_(video_1396.mp4)_f_2895.jpg,c_45,0.065048,0,0.035157,0.107541,0.014828
EfficientNet-B0,grad-cam,1,c_45_v_(video_1396.mp4)_f_3007.jpg,c_45,0.0,0,0.006825,0.107302,0.013313
EfficientNet-B0,grad-cam,1,c_45_v_(video_1396.mp4)_f_408.jpg,c_45,0.555204,1,0.346621,0.114597,0.101004
EfficientNet-B0,grad-cam,1,c_52_v_(video_1656.mp4)_f_2711.jpg,c_52,0.334467,0,0.219861,0.135124,0.060328
EfficientNet-B0,grad-cam,1,c_52_v_(video_1656.mp4)_f_5548.jpg,c_52,0.35359,1,0.208721,0.074119,0.026208
EfficientNet-B0,grad-cam,1,c_7_v_(video_130.mp4)_f_100.jpg,c_7,0.0,0,0.013801,0.064533,0.016741
EfficientNet-B0,grad-cam,1,c_7_v_(video_130.mp4)_f_1233.jpg,c_7,0.020767,0,0.026298,0.145069,0.015585
EfficientNet-B0,grad-cam,1,c_7_v_(video_130.mp4)_f_1360.jpg,c_7,0.0,0,4.4e-05,0.032266,0.029397
EfficientNet-B0,grad-cam,1,c_7_v_(video_130.mp4)_f_241.jpg,c_7,0.0,0,0.026599,0.087751,0.017817
EfficientNet-B0,grad-cam,1,c_7_v_(video_130.mp4)_f_411.jpg,c_7,0.050627,0,0.028244,0.102798,0.030792
EfficientNet-B0,grad-cam,1,c_7_v_(video_130.mp4)_f_986.jpg,c_7,0.0,0,0.009088,0.094567,0.006517
EfficientNet-B0,grad-cam,1,c_7_v_(video_134.mp4)_f_1093.jpg,c_7,0.0,0,0.000743,0.200195,0.003288
EfficientNet-B0,grad-cam,1,c_7_v_(video_134.mp4)_f_1716.jpg,c_7,0.206983,0,0.201706,0.100745,0.063237
EfficientNet-B0,grad-cam,1,c_7_v_(video_134.mp4)_f_2323.jpg,c_7,0.179927,0,0.127649,0.101782,0.032705
EfficientNet-B0,grad-cam,1,c_82_v_(video_2507.mp4)_f_2154.jpg,c_82,0.538747,1,0.385183,0.266342,0.188756
EfficientNet-B0,grad-cam,1,c_86_v_(video_2617.mp4)_f_177.jpg,c_86,0.330997,1,0.365662,0.11093,0.108578
EfficientNet-B0,grad-cam,1,c_86_v_(video_2638.mp4)_f_150.jpg,c_86,0.0,0,0.011596,0.150809,0.02557
EfficientNet-B0,grad-cam,2,c_123_v_(video_3706.mp4)_f_659.jpg,c_123,0.263508,1,0.183336,0.134168,0.036412
EfficientNet-B0,grad-cam,2,c_125_v_(video_3726.mp4)_f_247.jpg,c_125,0.156798,1,0.108379,0.163584,0.02565
EfficientNet-B0,grad-cam,2,c_127_v_(video_3756.mp4)_f_40.jpg,c_127,0.602906,1,0.728721,0.11081,0.181621
EfficientNet-B0,grad-cam,2,c_145_v_(video_4391.mp4)_f_27.jpg,c_145,0.0,0,0.024208,0.046138,0.037867
EfficientNet-B0,grad-cam,2,c_15_v_(video_449.mp4)_f_2374.jpg,c_15,0.066162,0,0.023565,0.039461,0.002611
EfficientNet-B0,grad-cam,2,c_15_v_(video_449.mp4)_f_2831.jpg,c_15,0.0,0,0.050352,0.197126,0.079281
EfficientNet-B0,grad-cam,2,c_15_v_(video_450.mp4)_f_623.jpg,c_15,0.0,0,0.04554,0.091578,0.085798
EfficientNet-B0,grad-cam,2,c_15_v_(video_451.mp4)_f_251.jpg,c_15,0.240207,0,0.095032,0.092594,0.022242
EfficientNet-B0,grad-cam,2,c_15_v_(video_454.mp4)_f_144.jpg,c_15,0.085668,0,0.120238,0.120735,0.066924
EfficientNet-B0,grad-cam,2,c_168_v_(video_5163.mp4)_f_264.jpg,c_168,0.010188,0,0.009559,0.133988,0.004345
EfficientNet-B0,grad-cam,2,c_16_v_(video_467.mp4)_f_184.jpg,c_16,0.129927,1,0.164169,0.137197,0.063337
EfficientNet-B0,grad-cam,2,c_16_v_(video_471.mp4)_f_220.jpg,c_16,0.368078,0,0.17456,0.111248,0.043347
EfficientNet-B0,grad-cam,2,c_170_v_(video_5222.mp4)_f_64.jpg,c_170,0.485437,1,0.427287,0.084243,0.074318
EfficientNet-B0,grad-cam,2,c_17_v_(video_481.mp4)_f_1292.jpg,c_17,0.0,0,0.05762,0.09652,0.072286
EfficientNet-B0,grad-cam,2,c_37_v_(video_1215.mp4)_f_0.jpg,c_37,0.319998,0,0.699105,0.155552,0.33237
EfficientNet-B0,grad-cam,2,c_37_v_(video_1229.mp4)_f_36.jpg,c_37,0.560533,1,0.507923,0.109893,0.147003
EfficientNet-B0,grad-cam,2,c_38_v_(video_1253.mp4)_f_1117.jpg,c_38,0.0,0,0.012845,0.084503,0.006338
EfficientNet-B0,grad-cam,2,c_43_v_(video_1363.mp4)_f_1062.jpg,c_43,0.217317,0,0.167392,0.182019,0.072963
EfficientNet-B0,grad-cam,2,c_43_v_(video_1363.mp4)_f_2080.jpg,c_43,0.133607,0,0.066868,0.155931,0.025849
EfficientNet-B0,grad-cam,2,c_43_v_(video_1363.mp4)_f_778.jpg,c_43,0.209872,1,0.12001,0.115474,0.024235
EfficientNet-B0,grad-cam,2,c_43_v_(video_1364.mp4)_f_495.jpg,c_43,0.249081,1,0.082282,0.075315,0.019531
EfficientNet-B0,grad-cam,2,c_43_v_(video_1366.mp4)_f_0.jpg,c_43,0.0,0,0.05541,0.07374,0.078464
EfficientNet-B0,grad-cam,2,c_51_v_(video_1638.mp4)_f_1710.jpg,c_51,0.028034,0,0.019512,0.155493,0.015525
EfficientNet-B0,grad-cam,2,c_51_v_(video_1640.mp4)_f_1162.jpg,c_51,0.389275,0,0.261725,0.094089,0.061324
EfficientNet-B0,grad-cam,2,c_51_v_(video_1640.mp4)_f_25.jpg,c_51,0.242036,0,0.079482,0.060607,0.014768
EfficientNet-B0,grad-cam,2,c_51_v_(video_1640.mp4)_f_535.jpg,c_51,0.554302,1,0.207836,0.037368,0.02852
EfficientNet-B0,grad-cam,2,c_51_v_(video_1640.mp4)_f_643.jpg,c_51,0.462035,0,0.334344,0.067104,0.068359
EfficientNet-B0,grad-cam,2,c_55_v_(video_1729.mp4)_f_1915.jpg,c_55,0.000396,0,0.092337,0.063955,0.087173
EfficientNet-B0,grad-cam,2,c_60_v_(video_1945.mp4)_f_1392.jpg,c_60,0.497009,0,0.576599,0.192024,0.256876
EfficientNet-B0,grad-cam,2,c_60_v_(video_1945.mp4)_f_366.jpg,c_60,0.0,0,0.0,0.016661,0.091717
EfficientNet-B0,grad-cam,2,c_60_v_(video_1945.mp4)_f_52.jpg,c_60,0.327176,1,0.787046,0.068479,0.209303
EfficientNet-B0,grad-cam,2,c_60_v_(video_1946.mp4)_f_1754.jpg,c_60,0.027042,0,0.021642,0.101822,0.010961
EfficientNet-B0,grad-cam,2,c_60_v_(video_1946.mp4)_f_792.jpg,c_60,0.0,0,0.000238,0.107601,0.00291
EfficientNet-B0,grad-cam,2,c_60_v_(video_1946.mp4)_f_963.jpg,c_60,0.0,0,0.000499,0.088947,0.001913
EfficientNet-B0,grad-cam,2,c_65_v_(video_2087.mp4)_f_1648.jpg,c_65,0.020531,0,0.042047,0.114796,0.01993
EfficientNet-B0,grad-cam,2,c_65_v_(video_2087.mp4)_f_1816.jpg,c_65,0.294612,0,0.340396,0.157565,0.134068
EfficientNet-B0,grad-cam,2,c_65_v_(video_2087.mp4)_f_2155.jpg,c_65,0.113771,0,0.085446,0.120097,0.026427
EfficientNet-B0,grad-cam,2,c_65_v_(video_2087.mp4)_f_2161.jpg,c_65,0.01097,0,0.043868,0.123724,0.043407
EfficientNet-B0,grad-cam,2,c_65_v_(video_2087.mp4)_f_274.jpg,c_65,0.266362,1,0.653453,0.069595,0.26128
EfficientNet-B0,grad-cam,2,c_65_v_(video_2087.mp4)_f_278.jpg,c_65,0.0,0,0.013814,0.080776,0.005899
EfficientNet-B0,grad-cam,2,c_65_v_(video_2087.mp4)_f_66.jpg,c_65,0.003663,0,0.100147,0.055564,0.031808
EfficientNet-B0,grad-cam,2,c_65_v_(video_2087.mp4)_f_714.jpg,c_65,0.150736,1,0.85974,0.067522,0.446429
EfficientNet-B0,grad-cam,2,c_65_v_(video_2087.mp4)_f_918.jpg,c_65,0.200645,1,0.116079,0.091179,0.027603
EfficientNet-B0,grad-cam,2,c_70_v_(video_2176.mp4)_f_221.jpg,c_70,0.0,0,0.046824,0.090362,0.021664
EfficientNet-B0,grad-cam,2,c_70_v_(video_2176.mp4)_f_308.jpg,c_70,0.046462,0,0.075533,0.143654,0.061484
EfficientNet-B0,grad-cam,2,c_70_v_(video_2176.mp4)_f_502.jpg,c_70,0.0,0,0.019558,0.0569,0.009786
EfficientNet-B0,grad-cam,2,c_70_v_(video_2178.mp4)_f_769.jpg,c_70,0.0,0,0.01028,0.101363,0.005959
EfficientNet-B0,grad-cam,2,c_85_v_(video_2607.mp4)_f_284.jpg,c_85,0.317965,1,0.37006,0.061942,0.108398
EfficientNet-B0,grad-cam,2,c_85_v_(video_2607.mp4)_f_733.jpg,c_85,0.256966,0,0.222196,0.166853,0.080377
EfficientNet-B0,grad-cam,2,c_88_v_(video_2665.mp4)_f_2058.jpg,c_88,0.0,0,0.002709,0.020986,0.002272
EfficientNet-B0,grad-cam,2,c_88_v_(video_2665.mp4)_f_485.jpg,c_88,0.633485,1,0.413081,0.149733,0.101104
EfficientNet-B0,grad-cam,3,c_105_v_(video_3214.mp4)_f_2954.jpg,c_105,0.288506,1,0.193681,0.098374,0.044842
EfficientNet-B0,grad-cam,3,c_117_v_(video_3530.mp4)_f_811.jpg,c_117,0.285502,1,0.167542,0.220006,0.073342
EfficientNet-B0,grad-cam,3,c_117_v_(video_3533.mp4)_f_195.jpg,c_117,0.127405,0,0.102698,0.273039,0.063277
EfficientNet-B0,grad-cam,3,c_120_v_(video_3598.mp4)_f_713.jpg,c_120,0.199433,0,0.11573,0.099928,0.026646
EfficientNet-B0,grad-cam,3,c_120_v_(video_3599.mp4)_f_39.jpg,c_120,0.386057,1,0.34058,0.132753,0.120835
EfficientNet-B0,grad-cam,3,c_141_v_(video_4253.mp4)_f_205.jpg,c_141,0.137185,0,0.236496,0.134447,0.146405
EfficientNet-B0,grad-cam,3,c_141_v_(video_4253.mp4)_f_386.jpg,c_141,0.385534,1,0.451618,0.236946,0.250957
EfficientNet-B0,grad-cam,3,c_141_v_(video_4253.mp4)_f_55.jpg,c_141,0.410158,1,0.667125,0.190031,0.421995
EfficientNet-B0,grad-cam,3,c_141_v_(video_4254.mp4)_f_324.jpg,c_141,0.385862,1,0.49617,0.252093,0.312101
EfficientNet-B0,grad-cam,3,c_141_v_(video_4254.mp4)_f_5.jpg,c_141,0.209842,1,0.272588,0.234096,0.179448
EfficientNet-B0,grad-cam,3,c_141_v_(video_4257.mp4)_f_115.jpg,c_141,0.319829,1,0.480628,0.230967,0.30403
EfficientNet-B0,grad-cam,3,c_141_v_(video_4257.mp4)_f_212.jpg,c_141,0.407508,0,0.390678,0.336894,0.233279
EfficientNet-B0,grad-cam,3,c_141_v_(video_4257.mp4)_f_272.jpg,c_141,0.519393,1,0.403767,0.270906,0.184251
EfficientNet-B0,grad-cam,3,c_141_v_(video_4299.mp4)_f_29.jpg,c_141,0.133421,1,0.081325,0.197026,0.026287
EfficientNet-B0,grad-cam,3,c_149_v_(video_4479.mp4)_f_1577.jpg,c_149,0.075343,0,0.037732,0.134845,0.013353
EfficientNet-B0,grad-cam,3,c_149_v_(video_4479.mp4)_f_3137.jpg,c_149,0.229249,1,0.093658,0.073103,0.01987
EfficientNet-B0,grad-cam,3,c_14_v_(video_400.mp4)_f_810.jpg,c_14,0.282448,1,0.546794,0.092654,0.218092
EfficientNet-B0,grad-cam,3,c_14_v_(video_401.mp4)_f_253.jpg,c_14,0.155866,0,0.078465,0.174645,0.027982
EfficientNet-B0,grad-cam,3,c_14_v_(video_401.mp4)_f_90.jpg,c_14,0.0,0,0.020706,0.120974,0.015645
EfficientNet-B0,grad-cam,3,c_14_v_(video_401.mp4)_f_910.jpg,c_14,0.0,0,0.014867,0.109176,0.009487
EfficientNet-B0,grad-cam,3,c_14_v_(video_422.mp4)_f_59.jpg,c_14,0.0,0,0.031677,0.141881,0.037528
EfficientNet-B0,grad-cam,3,c_14_v_(video_425.mp4)_f_118.jpg,c_14,0.0,0,0.012731,0.161731,0.014788
EfficientNet-B0,grad-cam,3,c_172_v_(video_5281.mp4)_f_1193.jpg,c_172,0.03555,0,0.022303,0.160336,0.0057
EfficientNet-B0,grad-cam,3,c_172_v_(video_5281.mp4)_f_484.jpg,c_172,0.039818,0,0.046279,0.121472,0.024255
EfficientNet-B0,grad-cam,3,c_19_v_(video_507.mp4)_f_2389.jpg,c_19,0.199826,0,0.086842,0.155054,0.037608
EfficientNet-B0,grad-cam,3,c_22_v_(video_631.mp4)_f_25.jpg,c_22,0.0,0,0.02301,0.085499,0.01979
EfficientNet-B0,grad-cam,3,c_22_v_(video_631.mp4)_f_358.jpg,c_22,0.042203,0,0.026918,0.159618,0.006736
EfficientNet-B0,grad-cam,3,c_22_v_(video_631.mp4)_f_706.jpg,c_22,0.016633,0,0.064469,0.106107,0.032765
EfficientNet-B0,grad-cam,3,c_22_v_(video_632.mp4)_f_228.jpg,c_22,0.146341,0,0.09188,0.100506,0.014708
EfficientNet-B0,grad-cam,3,c_22_v_(video_632.mp4)_f_2825.jpg,c_22,0.187709,0,0.128944,0.172812,0.032486
EfficientNet-B0,grad-cam,3,c_22_v_(video_634.mp4)_f_22.jpg,c_22,0.277809,1,0.156475,0.141183,0.039222
EfficientNet-B0,grad-cam,3,c_27_v_(video_829.mp4)_f_0.jpg,c_27,0.381254,1,0.761145,0.117546,0.300084
EfficientNet-B0,grad-cam,3,c_32_v_(video_1044.mp4)_f_1545.jpg,c_32,0.303006,0,0.15592,0.112524,0.046456
EfficientNet-B0,grad-cam,3,c_39_v_(video_1263.mp4)_f_1769.jpg,c_39,0.133241,0,0.096133,0.276706,0.04841
EfficientNet-B0,grad-cam,3,c_39_v_(video_1263.mp4)_f_481.jpg,c_39,0.480344,1,0.496726,0.118164,0.176778
EfficientNet-B0,grad-cam,3,c_40_v_(video_1275.mp4)_f_184.jpg,c_40,0.380813,1,0.581202,0.15629,0.353177
EfficientNet-B0,grad-cam,3,c_40_v_(video_1277.mp4)_f_411.jpg,c_40,0.344659,1,0.245987,0.230608,0.103815
EfficientNet-B0,grad-cam,3,c_40_v_(video_1281.mp4)_f_262.jpg,c_40,0.316678,0,0.163047,0.095225,0.05393
EfficientNet-B0,grad-cam,3,c_40_v_(video_1286.mp4)_f_126.jpg,c_40,0.084718,0,0.070352,0.197724,0.036531
EfficientNet-B0,grad-cam,3,c_40_v_(video_1286.mp4)_f_775.jpg,c_40,0.062875,0,0.044809,0.153958,0.025949
EfficientNet-B0,grad-cam,3,c_40_v_(video_1288.mp4)_f_17.jpg,c_40,0.0,0,0.005854,0.149075,0.006696
EfficientNet-B0,grad-cam,3,c_41_v_(video_1297.mp4)_f_140.jpg,c_41,0.308084,0,0.317505,0.096261,0.083048
EfficientNet-B0,grad-cam,3,c_41_v_(video_1297.mp4)_f_500.jpg,c_41,0.317524,0,0.130815,0.085599,0.032326
EfficientNet-B0,grad-cam,3,c_41_v_(video_1297.mp4)_f_826.jpg,c_41,0.062933,0,0.045523,0.086236,0.017777
EfficientNet-B0,grad-cam,3,c_44_v_(video_1373.mp4)_f_1199.jpg,c_44,0.005075,0,0.007879,0.262815,0.00558
EfficientNet-B0,grad-cam,3,c_44_v_(video_1373.mp4)_f_201.jpg,c_44,0.28391,1,0.128066,0.147082,0.055525
EfficientNet-B0,grad-cam,3,c_44_v_(video_1373.mp4)_f_211.jpg,c_44,0.034967,0,0.020493,0.211456,0.007394
EfficientNet-B0,grad-cam,3,c_44_v_(video_1373.mp4)_f_215.jpg,c_44,0.095196,0,0.049953,0.199916,0.02272
EfficientNet-B0,grad-cam,3,c_44_v_(video_1373.mp4)_f_903.jpg,c_44,0.378038,1,0.348761,0.206334,0.155313
EfficientNet-B0,grad-cam,3,c_44_v_(video_1377.mp4)_f_212.jpg,c_44,0.100289,0,0.081709,0.30977,0.054727
EfficientNet-B0,grad-cam,3,c_48_v_(video_1525.mp4)_f_685.jpg,c_48,0.285303,0,0.285926,0.180325,0.193359
EfficientNet-B0,grad-cam,3,c_48_v_(video_1525.mp4)_f_759.jpg,c_48,0.009398,0,0.028347,0.20181,0.035794
EfficientNet-B0,grad-cam,3,c_58_v_(video_1853.mp4)_f_1061.jpg,c_58,0.262297,0,0.657138,0.226004,0.5739
EfficientNet-B0,grad-cam,3,c_58_v_(video_1853.mp4)_f_109.jpg,c_58,0.354073,1,0.807997,0.193618,0.546755
EfficientNet-B0,grad-cam,3,c_58_v_(video_1853.mp4)_f_510.jpg,c_58,0.479945,1,0.404338,0.119579,0.13632
EfficientNet-B0,grad-cam,3,c_58_v_(video_1853.mp4)_f_586.jpg,c_58,0.0,0,0.027433,0.084542,0.041235
EfficientNet-B0,grad-cam,3,c_58_v_(video_1875.mp4)_f_281.jpg,c_58,0.390881,1,0.571751,0.123944,0.248724
EfficientNet-B0,grad-cam,3,c_62_v_(video_2045.mp4)_f_363.jpg,c_62,0.294917,1,0.168993,0.143276,0.059829
EfficientNet-B0,grad-cam,3,c_62_v_(video_2045.mp4)_f_379.jpg,c_62,0.3796,1,0.480028,0.169085,0.187281
EfficientNet-B0,grad-cam,3,c_62_v_(video_2045.mp4)_f_846.jpg,c_62,0.686028,1,0.602249,0.152902,0.205198
EfficientNet-B0,grad-cam,3,c_62_v_(video_2046.mp4)_f_357.jpg,c_62,0.331619,0,0.225391,0.280792,0.101104
EfficientNet-B0,grad-cam,3,c_62_v_(video_2056.mp4)_f_312.jpg,c_62,0.094384,1,0.177443,0.069874,0.117307
EfficientNet-B0,grad-cam,3,c_62_v_(video_2056.mp4)_f_56.jpg,c_62,0.043979,0,0.095772,0.186862,0.086117
EfficientNet-B0,grad-cam,3,c_62_v_(video_2057.mp4)_f_53.jpg,c_62,0.1335,0,0.134779,0.098035,0.109255
EfficientNet-B0,grad-cam,3,c_69_v_(video_2170.mp4)_f_711.jpg,c_69,0.007219,0,0.016169,0.102539,0.008689
EfficientNet-B0,grad-cam,3,c_69_v_(video_2171.mp4)_f_40.jpg,c_69,0.02447,0,0.017033,0.28127,0.010762
EfficientNet-B0,grad-cam,3,c_72_v_(video_2199.mp4)_f_0.jpg,c_72,0.0,0,0.012843,0.10234,0.018355
EfficientNet-B0,grad-cam,3,c_77_v_(video_2376.mp4)_f_578.jpg,c_77,0.207103,1,0.12307,0.19304,0.039979
EfficientNet-B0,grad-cam,3,c_77_v_(video_2376.mp4)_f_817.jpg,c_77,0.0,0,0.011862,0.078245,0.009028
EfficientNet-B0,grad-cam,3,c_77_v_(video_2376.mp4)_f_938.jpg,c_77,0.065545,0,0.082598,0.20161,0.044623
EfficientNet-B0,grad-cam,3,c_77_v_(video_2383.mp4)_f_171.jpg,c_77,0.103439,0,0.066329,0.308315,0.032486
EfficientNet-B0,grad-cam,3,c_77_v_(video_2383.mp4)_f_54.jpg,c_77,0.012645,0,0.039027,0.359554,0.037867
EfficientNet-B0,grad-cam,3,c_87_v_(video_2641.mp4)_f_163.jpg,c_87,0.301192,0,0.159632,0.136201,0.055285
EfficientNet-B0,grad-cam,3,c_87_v_(video_2662.mp4)_f_143.jpg,c_87,0.0,0,0.021666,0.160037,0.021684
EfficientNet-B0,grad-cam,3,c_97_v_(video_2912.mp4)_f_71.jpg,c_97,0.210731,0,0.2752,0.185846,0.137516
EfficientNet-B0,grad-cam,3,c_97_v_(video_2915.mp4)_f_114.jpg,c_97,0.11011,1,0.077435,0.21586,0.029676
EfficientNet-B0,grad-cam,3,c_97_v_(video_2915.mp4)_f_16.jpg,c_97,0.052008,0,0.037322,0.136739,0.012018
EfficientNet-B0,grad-cam,4,c_108_v_(video_3312.mp4)_f_619.jpg,c_108,0.0,0,0.008452,0.220863,0.010224
EfficientNet-B0,grad-cam,4,c_13_v_(video_391.mp4)_f_226.jpg,c_13,0.0,0,0.008777,0.03414,0.010643
EfficientNet-B0,grad-cam,4,c_146_v_(video_4410.mp4)_f_2066.jpg,c_146,0.435615,1,0.167707,0.081952,0.037588
EfficientNet-B0,grad-cam,4,c_146_v_(video_4410.mp4)_f_740.jpg,c_146,0.179622,1,0.126854,0.077148,0.061065
EfficientNet-B0,grad-cam,4,c_146_v_(video_4412.mp4)_f_43.jpg,c_146,0.0,0,0.007342,0.20462,0.008929
EfficientNet-B0,grad-cam,4,c_157_v_(video_4727.mp4)_f_0.jpg,c_157,0.569099,1,0.460164,0.068021,0.077706
EfficientNet-B0,grad-cam,4,c_162_v_(video_4957.mp4)_f_230.jpg,c_162,0.0,0,0.006961,0.036013,0.025132
EfficientNet-B0,grad-cam,4,c_174_v_(video_5312.mp4)_f_1125.jpg,c_174,0.0,0,0.014511,0.061424,0.010762
EfficientNet-B0,grad-cam,4,c_174_v_(video_5312.mp4)_f_1319.jpg,c_174,0.0,0,0.002655,0.054927,0.005461
EfficientNet-B0,grad-cam,4,c_188_v_(video_5701.mp4)_f_226.jpg,c_188,0.039517,0,0.129544,0.185965,0.117586
EfficientNet-B0,grad-cam,4,c_1_v_(video_17.mp4)_f_1232.jpg,c_1,0.042718,0,0.050728,0.219587,0.057219
EfficientNet-B0,grad-cam,4,c_1_v_(video_17.mp4)_f_530.jpg,c_1,0.371802,1,0.390031,0.037588,0.058594
EfficientNet-B0,grad-cam,4,c_1_v_(video_17.mp4)_f_925.jpg,c_1,0.040381,0,0.060127,0.20454,0.041414
EfficientNet-B0,grad-cam,4,c_1_v_(video_7.mp4)_f_1299.jpg,c_1,0.161026,0,0.062478,0.058295,0.009387
EfficientNet-B0,grad-cam,4,c_1_v_(video_7.mp4)_f_36.jpg,c_1,0.216859,0,0.124694,0.083925,0.021086
EfficientNet-B0,grad-cam,4,c_25_v_(video_774.mp4)_f_1246.jpg,c_25,0.000901,0,0.030323,0.131019,0.046118
EfficientNet-B0,grad-cam,4,c_25_v_(video_774.mp4)_f_608.jpg,c_25,0.089092,0,0.063125,0.296177,0.026387
EfficientNet-B0,grad-cam,4,c_25_v_(video_774.mp4)_f_772.jpg,c_25,0.170129,0,0.032263,0.035754,0.0114
EfficientNet-B0,grad-cam,4,c_25_v_(video_776.mp4)_f_1436.jpg,c_25,0.165376,0,0.108656,0.117626,0.06537
EfficientNet-B0,grad-cam,4,c_25_v_(video_776.mp4)_f_750.jpg,c_25,0.0,0,0.00115,0.177435,0.027384
EfficientNet-B0,grad-cam,4,c_25_v_(video_777.mp4)_f_33.jpg,c_25,0.230212,0,0.190736,0.094746,0.044025
EfficientNet-B0,grad-cam,4,c_3_v_(video_24.mp4)_f_72.jpg,c_3,0.13998,0,0.169493,0.048928,0.040179
EfficientNet-B0,grad-cam,4,c_3_v_(video_25.mp4)_f_238.jpg,c_3,0.166607,1,0.178621,0.1023,0.09363
EfficientNet-B0,grad-cam,4,c_3_v_(video_25.mp4)_f_249.jpg,c_3,0.0,0,0.001006,0.185128,0.027782
EfficientNet-B0,grad-cam,4,c_3_v_(video_25.mp4)_f_348.jpg,c_3,0.0,0,0.01047,0.049047,0.003946
EfficientNet-B0,grad-cam,4,c_3_v_(video_27.mp4)_f_163.jpg,c_3,0.110346,0,0.088962,0.080696,0.015765
EfficientNet-B0,grad-cam,4,c_3_v_(video_27.mp4)_f_338.jpg,c_3,0.0,0,0.000364,0.09652,0.014828
EfficientNet-B0,grad-cam,4,c_3_v_(video_27.mp4)_f_501.jpg,c_3,0.055096,0,0.138093,0.19597,0.121572
EfficientNet-B0,grad-cam,4,c_3_v_(video_29.mp4)_f_287.jpg,c_3,0.295319,0,0.394796,0.102659,0.136161
EfficientNet-B0,grad-cam,4,c_3_v_(video_29.mp4)_f_443.jpg,c_3,0.404875,1,0.292847,0.116171,0.089425
EfficientNet-B0,grad-cam,4,c_3_v_(video_29.mp4)_f_480.jpg,c_3,0.343828,1,0.374939,0.085619,0.12789
EfficientNet-B0,grad-cam,4,c_3_v_(video_29.mp4)_f_510.jpg,c_3,0.35767,1,0.260432,0.126873,0.063616
EfficientNet-B0,grad-cam,4,c_3_v_(video_29.mp4)_f_627.jpg,c_3,0.185052,1,0.114083,0.102699,0.034758
EfficientNet-B0,grad-cam,4,c_46_v_(video_1405.mp4)_f_299.jpg,c_46,0.0,0,3.4e-05,0.035894,0.020946
EfficientNet-B0,grad-cam,4,c_46_v_(video_1405.mp4)_f_36.jpg,c_46,0.0,0,0.027245,0.043128,0.091
EfficientNet-B0,grad-cam,4,c_46_v_(video_1405.mp4)_f_568.jpg,c_46,0.303919,1,0.1893,0.112982,0.060766
EfficientNet-B0,grad-cam,4,c_46_v_(video_1406.mp4)_f_108.jpg,c_46,0.55071,0,0.307935,0.093491,0.085081
EfficientNet-B0,grad-cam,4,c_46_v_(video_1406.mp4)_f_209.jpg,c_46,0.0,0,2e-05,0.077228,0.004684
EfficientNet-B0,grad-cam,4,c_46_v_(video_1406.mp4)_f_426.jpg,c_46,0.054711,0,0.031849,0.04554,0.009786
EfficientNet-B0,grad-cam,4,c_46_v_(video_1406.mp4)_f_81.jpg,c_46,0.043037,0,0.080632,0.104054,0.098812
EfficientNet-B0,grad-cam,4,c_4_v_(video_47.mp4)_f_3852.jpg,c_4,0.249758,0,0.17553,0.120356,0.059949
EfficientNet-B0,grad-cam,4,c_4_v_(video_48.mp4)_f_402.jpg,c_4,0.043351,0,0.068742,0.160037,0.046696
EfficientNet-B0,grad-cam,4,c_57_v_(video_1790.mp4)_f_557.jpg,c_57,0.447042,1,0.534253,0.102858,0.180863
EfficientNet-B0,grad-cam,4,c_5_v_(video_62.mp4)_f_681.jpg,c_5,0.165733,0,0.128538,0.244918,0.082828
EfficientNet-B0,grad-cam,4,c_5_v_(video_64.mp4)_f_712.jpg,c_5,0.003739,0,0.019647,0.160375,0.016183
EfficientNet-B0,grad-cam,4,c_5_v_(video_66.mp4)_f_1754.jpg,c_5,0.002713,0,0.016125,0.229114,0.013931
EfficientNet-B0,grad-cam,4,c_5_v_(video_66.mp4)_f_3.jpg,c_5,0.0,0,0.003174,0.091099,0.018017
EfficientNet-B0,grad-cam,4,c_6_v_(video_112.mp4)_f_1122.jpg,c_6,0.175248,0,0.089229,0.12781,0.023218
EfficientNet-B0,grad-cam,4,c_6_v_(video_112.mp4)_f_120.jpg,c_6,0.0,0,0.007884,0.066426,0.014589
EfficientNet-B0,grad-cam,4,c_6_v_(video_112.mp4)_f_174.jpg,c_6,0.0,0,0.019701,0.165199,0.018495
EfficientNet-B0,grad-cam,4,c_6_v_(video_112.mp4)_f_709.jpg,c_6,0.040754,0,0.03144,0.38925,0.01995
EfficientNet-B0,grad-cam,4,c_6_v_(video_84.mp4)_f_459.jpg,c_6,0.113099,0,0.073407,0.131318,0.034817
EfficientNet-B0,grad-cam,4,c_6_v_(video_84.mp4)_f_695.jpg,c_6,0.0,0,0.018656,0.110391,0.015525
EfficientNet-B0,grad-cam,4,c_6_v_(video_84.mp4)_f_93.jpg,c_6,0.0,0,0.110877,0.064912,0.086854
EfficientNet-B0,grad-cam,4,c_6_v_(video_89.mp4)_f_177.jpg,c_6,0.0,0,0.030891,0.09088,0.031071
EfficientNet-B0,grad-cam,4,c_6_v_(video_89.mp4)_f_340.jpg,c_6,0.069872,0,0.024084,0.115115,0.008171
EfficientNet-B0,grad-cam,4,c_6_v_(video_89.mp4)_f_511.jpg,c_6,0.026706,0,0.029833,0.07382,0.015824
EfficientNet-B0,grad-cam,4,c_6_v_(video_90.mp4)_f_212.jpg,c_6,0.065792,0,0.077068,0.072465,0.056999
EfficientNet-B0,grad-cam,4,c_6_v_(video_90.mp4)_f_684.jpg,c_6,0.0,0,0.012966,0.171955,0.023836
EfficientNet-B0,grad-cam,4,c_6_v_(video_95.mp4)_f_173.jpg,c_6,0.0,0,0.006357,0.051917,0.023856
EfficientNet-B0,grad-cam,4,c_6_v_(video_95.mp4)_f_226.jpg,c_6,0.005151,0,0.029811,0.033701,0.020747
EfficientNet-B0,grad-cam,4,c_6_v_(video_96.mp4)_f_84.jpg,c_6,0.384318,1,0.1921,0.075833,0.052595
EfficientNet-B0,grad-cam,4,c_76_v_(video_2329.mp4)_f_1012.jpg,c_76,0.0,0,0.00566,0.302934,0.016562
EfficientNet-B0,grad-cam,4,c_76_v_(video_2329.mp4)_f_59.jpg,c_76,0.179755,0,0.119576,0.080975,0.034
EfficientNet-B0,grad-cam,4,c_76_v_(video_2330.mp4)_f_161.jpg,c_76,0.00603,0,0.030899,0.229293,0.036731
EfficientNet-B0,grad-cam,4,c_76_v_(video_2364.mp4)_f_25.jpg,c_76,0.076663,0,0.062334,0.08227,0.05124
EfficientNet-B0,grad-cam,4,c_92_v_(video_2749.mp4)_f_25.jpg,c_92,0.169629,1,0.564273,0.113261,0.449338
EfficientNet-B0,grad-cam,4,c_92_v_(video_2787.mp4)_f_199.jpg,c_92,0.0,0,0.031832,0.135702,0.043527
EfficientNet-B0,grad-cam,4,c_92_v_(video_2787.mp4)_f_462.jpg,c_92,0.272139,1,0.173454,0.060945,0.080198
EfficientNet-B0,grad-cam,4,c_99_v_(video_2998.mp4)_f_256.jpg,c_99,0.075836,0,0.049535,0.164003,0.030234
EfficientNet-B0,grad-cam,4,c_99_v_(video_2998.mp4)_f_73.jpg,c_99,0.070492,0,0.05761,0.079959,0.027483
EfficientNet-B0,grad-cam,4,c_99_v_(video_3000.mp4)_f_51.jpg,c_99,0.0,0,0.017289,0.078384,0.021245
EfficientNet-B0,grad-cam,4,c_99_v_(video_3006.mp4)_f_102.jpg,c_99,0.0,0,0.01494,0.083287,0.034
EfficientNet-B0,grad-cam,4,c_99_v_(video_3041.mp4)_f_0.jpg,c_99,0.442322,1,0.179521,0.062919,0.051459
EfficientNet-B0,grad-cam,4,c_9_v_(video_168.mp4)_f_1146.jpg,c_9,0.0,0,0.013831,0.246692,0.020029
EfficientNet-B0,grad-cam,4,c_9_v_(video_168.mp4)_f_2210.jpg,c_9,0.0,0,0.034876,0.078165,0.027264
EfficientNet-B0,grad-cam,4,c_9_v_(video_168.mp4)_f_515.jpg,c_9,0.045455,0,0.019719,0.141681,0.007294
EfficientNet-B0,grad-cam,4,c_9_v_(video_168.mp4)_f_517.jpg,c_9,0.061125,0,0.026836,0.138572,0.00847
EfficientNet-B0,grad-cam,4,c_9_v_(video_168.mp4)_f_670.jpg,c_9,0.0,0,0.015092,0.052954,0.009586
EfficientNet-B0,grad-cam,4,c_9_v_(video_169.mp4)_f_79.jpg,c_9,0.0,0,0.005103,0.034518,0.014489
EfficientNet-B0,grad-cam,4,c_9_v_(video_170.mp4)_f_111.jpg,c_9,0.0,0,0.013375,0.187181,0.01427
EfficientNet-B0,grad-cam,4,c_9_v_(video_172.mp4)_f_0.jpg,c_9,0.0,0,0.004618,0.324956,0.009526
ViT-B/16,grad-cam,0,c_121_v_(video_3630.mp4)_f_37.jpg,c_121,0.067724,0,0.051231,0.358677,0.026228
ViT-B/16,rollout,0,c_121_v_(video_3630.mp4)_f_37.jpg,c_121,0.0,0,0.040257,0.034459,0.026228
ViT-B/16,grad-cam,0,c_12_v_(video_364.mp4)_f_253.jpg,c_12,0.046404,0,0.030702,0.279636,0.017877
ViT-B/16,rollout,0,c_12_v_(video_364.mp4)_f_253.jpg,c_12,0.0,0,0.00702,0.027902,0.017877
ViT-B/16,grad-cam,0,c_12_v_(video_365.mp4)_f_174.jpg,c_12,0.0,0,0.015999,0.215442,0.038365
ViT-B/16,rollout,0,c_12_v_(video_365.mp4)_f_174.jpg,c_12,0.0,0,0.023563,0.054967,0.038365
ViT-B/16,grad-cam,0,c_12_v_(video_365.mp4)_f_49.jpg,c_12,0.132084,1,0.115505,0.080855,0.070831
ViT-B/16,rollout,0,c_12_v_(video_365.mp4)_f_49.jpg,c_12,0.0,0,0.054798,0.057916,0.070831
ViT-B/16,grad-cam,0,c_12_v_(video_368.mp4)_f_167.jpg,c_12,0.01639,0,0.051653,0.052535,0.045101
ViT-B/16,rollout,0,c_12_v_(video_368.mp4)_f_167.jpg,c_12,0.0,0,0.016443,0.065808,0.045101
ViT-B/16,grad-cam,0,c_12_v_(video_368.mp4)_f_261.jpg,c_12,0.004772,0,0.048668,0.136141,0.027503
ViT-B/16,rollout,0,c_12_v_(video_368.mp4)_f_261.jpg,c_12,0.0,0,0.015983,0.05104,0.027503
ViT-B/16,grad-cam,0,c_12_v_(video_370.mp4)_f_25.jpg,c_12,0.059409,0,0.048015,0.271803,0.037747
ViT-B/16,rollout,0,c_12_v_(video_370.mp4)_f_25.jpg,c_12,0.0,0,0.023154,0.066406,0.037747
ViT-B/16,grad-cam,0,c_12_v_(video_370.mp4)_f_67.jpg,c_12,0.285714,1,0.218675,0.12789,0.093272
ViT-B/16,rollout,0,c_12_v_(video_370.mp4)_f_67.jpg,c_12,0.0,0,0.063408,0.064393,0.093272
ViT-B/16,grad-cam,0,c_135_v_(video_4058.mp4)_f_1.jpg,c_135,0.105552,0,0.306533,0.131637,0.266442
ViT-B/16,rollout,0,c_135_v_(video_4058.mp4)_f_1.jpg,c_135,0.061137,0,0.199795,0.204699,0.266442
ViT-B/16,grad-cam,0,c_135_v_(video_4079.mp4)_f_229.jpg,c_135,0.031376,0,0.04501,0.140605,0.042829
ViT-B/16,rollout,0,c_135_v_(video_4079.mp4)_f_229.jpg,c_135,0.0,0,0.022139,0.154616,0.042829
ViT-B/16,grad-cam,0,c_159_v_(video_4770.mp4)_f_4585.jpg,c_159,0.026326,0,0.026223,0.229931,0.029576
ViT-B/16,rollout,0,c_159_v_(video_4770.mp4)_f_4585.jpg,c_159,0.015989,0,0.035263,0.131258,0.029576
ViT-B/16,grad-cam,0,c_165_v_(video_5033.mp4)_f_19.jpg,c_165,0.031208,0,0.024241,0.081613,0.009925
ViT-B/16,rollout,0,c_165_v_(video_5033.mp4)_f_19.jpg,c_165,0.019509,0,0.014708,0.228575,0.009925
ViT-B/16,grad-cam,0,c_165_v_(video_5033.mp4)_f_547.jpg,c_165,0.0,0,0.009658,0.061663,0.016542
ViT-B/16,rollout,0,c_165_v_(video_5033.mp4)_f_547.jpg,c_165,0.061453,0,0.026409,0.131138,0.016542
ViT-B/16,grad-cam,0,c_165_v_(video_5035.mp4)_f_13.jpg,c_165,0.017431,0,0.085148,0.249641,0.218013
ViT-B/16,rollout,0,c_165_v_(video_5035.mp4)_f_13.jpg,c_165,0.065968,0,0.173901,0.102419,0.218013
ViT-B/16,grad-cam,0,c_165_v_(video_5037.mp4)_f_1790.jpg,c_165,0.208728,1,0.263822,0.334124,0.210738
ViT-B/16,rollout,0,c_165_v_(video_5037.mp4)_f_1790.jpg,c_165,0.116059,1,0.243605,0.131936,0.210738
ViT-B/16,grad-cam,0,c_165_v_(video_5038.mp4)_f_161.jpg,c_165,0.202868,0,0.216829,0.19043,0.148956
ViT-B/16,rollout,0,c_165_v_(video_5038.mp4)_f_161.jpg,c_165,0.212895,0,0.190805,0.130361,0.148956
ViT-B/16,grad-cam,0,c_165_v_(video_5046.mp4)_f_117.jpg,c_165,0.0,0,0.006542,0.070512,0.052954
ViT-B/16,rollout,0,c_165_v_(video_5046.mp4)_f_117.jpg,c_165,0.0,0,0.08258,0.029895,0.052954
ViT-B/16,grad-cam,0,c_165_v_(video_5046.mp4)_f_180.jpg,c_165,0.021796,0,0.059163,0.095643,0.091219
ViT-B/16,rollout,0,c_165_v_(video_5046.mp4)_f_180.jpg,c_165,0.099258,0,0.111374,0.268993,0.091219
ViT-B/16,grad-cam,0,c_165_v_(video_5046.mp4)_f_962.jpg,c_165,0.114402,1,0.529786,0.144133,0.545839
ViT-B/16,rollout,0,c_165_v_(video_5046.mp4)_f_962.jpg,c_165,0.176391,1,0.616361,0.11635,0.545839
ViT-B/16,grad-cam,0,c_169_v_(video_5210.mp4)_f_102.jpg,c_169,0.0,0,0.043891,0.016881,0.065788
ViT-B/16,rollout,0,c_169_v_(video_5210.mp4)_f_102.jpg,c_169,0.124989,1,0.089987,0.17907,0.065788
ViT-B/16,grad-cam,0,c_169_v_(video_5211.mp4)_f_104.jpg,c_169,0.0,0,0.018638,0.075415,0.050981
ViT-B/16,rollout,0,c_169_v_(video_5211.mp4)_f_104.jpg,c_169,0.031776,1,0.064963,0.090741,0.050981
ViT-B/16,grad-cam,0,c_173_v_(video_5306.mp4)_f_20.jpg,c_173,0.0,0,0.01271,0.074717,0.009168
ViT-B/16,rollout,0,c_173_v_(video_5306.mp4)_f_20.jpg,c_173,0.0,0,0.013859,0.061504,0.009168
ViT-B/16,grad-cam,0,c_173_v_(video_5306.mp4)_f_228.jpg,c_173,0.027013,0,0.026866,0.068658,0.009387
ViT-B/16,rollout,0,c_173_v_(video_5306.mp4)_f_228.jpg,c_173,0.0,0,0.007041,0.186922,0.009387
ViT-B/16,grad-cam,0,c_20_v_(video_539.mp4)_f_16.jpg,c_20,0.0,0,0.044501,0.030194,0.022461
ViT-B/16,rollout,0,c_20_v_(video_539.mp4)_f_16.jpg,c_20,0.0,0,0.016679,0.087731,0.022461
ViT-B/16,grad-cam,0,c_20_v_(video_539.mp4)_f_201.jpg,c_20,0.0,0,0.000292,0.068479,0.007454
ViT-B/16,rollout,0,c_20_v_(video_539.mp4)_f_201.jpg,c_20,0.007396,0,0.009192,0.155433,0.007454
ViT-B/16,grad-cam,0,c_20_v_(video_539.mp4)_f_305.jpg,c_20,0.007452,0,0.029527,0.146285,0.020767
ViT-B/16,rollout,0,c_20_v_(video_539.mp4)_f_305.jpg,c_20,0.0,0,0.017223,0.102758,0.020767
ViT-B/16,grad-cam,0,c_20_v_(video_539.mp4)_f_560.jpg,c_20,0.0,0,0.010499,0.124502,0.017359
ViT-B/16,rollout,0,c_20_v_(video_539.mp4)_f_560.jpg,c_20,0.0,0,0.010951,0.057358,0.017359
ViT-B/16,grad-cam,0,c_20_v_(video_539.mp4)_f_800.jpg,c_20,0.032986,0,0.043242,0.131756,0.038006
ViT-B/16,rollout,0,c_20_v_(video_539.mp4)_f_800.jpg,c_20,0.0,0,0.026616,0.115055,0.038006
ViT-B/16,grad-cam,0,c_24_v_(video_693.mp4)_f_136.jpg,c_24,0.06057,0,0.069673,0.098972,0.043407
ViT-B/16,rollout,0,c_24_v_(video_693.mp4)_f_136.jpg,c_24,0.0,0,0.028723,0.060427,0.043407
ViT-B/16,grad-cam,0,c_24_v_(video_693.mp4)_f_1495.jpg,c_24,0.104439,0,0.145974,0.112484,0.089844
ViT-B/16,rollout,0,c_24_v_(video_693.mp4)_f_1495.jpg,c_24,0.006333,0,0.073294,0.097018,0.089844
ViT-B/16,grad-cam,0,c_24_v_(video_693.mp4)_f_1606.jpg,c_24,0.05468,0,0.073911,0.129564,0.046496
ViT-B/16,rollout,0,c_24_v_(video_693.mp4)_f_1606.jpg,c_24,0.0,0,0.021832,0.072963,0.046496
ViT-B/16,grad-cam,0,c_24_v_(video_693.mp4)_f_1630.jpg,c_24,0.0,0,0.00476,0.083307,0.011798
ViT-B/16,rollout,0,c_24_v_(video_693.mp4)_f_1630.jpg,c_24,0.0,0,0.00849,0.099231,0.011798
ViT-B/16,grad-cam,0,c_24_v_(video_693.mp4)_f_1697.jpg,c_24,0.00409,0,0.029785,0.192223,0.091578
ViT-B/16,rollout,0,c_24_v_(video_693.mp4)_f_1697.jpg,c_24,0.047835,0,0.104547,0.055544,0.091578
ViT-B/16,grad-cam,0,c_24_v_(video_695.mp4)_f_166.jpg,c_24,0.048027,0,0.157545,0.080975,0.109076
ViT-B/16,rollout,0,c_24_v_(video_695.mp4)_f_166.jpg,c_24,0.032855,0,0.100887,0.137775,0.109076
ViT-B/16,grad-cam,0,c_24_v_(video_704.mp4)_f_198.jpg,c_24,0.052342,0,0.108465,0.107243,0.067861
ViT-B/16,rollout,0,c_24_v_(video_704.mp4)_f_198.jpg,c_24,0.0,0,0.056312,0.095205,0.067861
ViT-B/16,grad-cam,0,c_295_v_(video_9755.mp4)_f_3595.jpg,c_295,0.081873,1,0.051507,0.067941,0.029237
ViT-B/16,rollout,0,c_295_v_(video_9755.mp4)_f_3595.jpg,c_295,0.0,0,0.01586,0.06246,0.029237
ViT-B/16,grad-cam,0,c_33_v_(video_1058.mp4)_f_1034.jpg,c_33,0.0,0,0.004719,0.169284,0.008351
ViT-B/16,rollout,0,c_33_v_(video_1058.mp4)_f_1034.jpg,c_33,0.0,0,0.008246,0.038186,0.008351
ViT-B/16,grad-cam,0,c_33_v_(video_1058.mp4)_f_1254.jpg,c_33,0.144525,0,0.207417,0.199857,0.161571
ViT-B/16,rollout,0,c_33_v_(video_1058.mp4)_f_1254.jpg,c_33,0.0,0,0.170128,0.045819,0.161571
ViT-B/16,grad-cam,0,c_33_v_(video_1058.mp4)_f_1427.jpg,c_33,0.006358,0,0.00885,0.278181,0.018335
ViT-B/16,rollout,0,c_33_v_(video_1058.mp4)_f_1427.jpg,c_33,0.005504,0,0.014876,0.123665,0.018335
ViT-B/16,grad-cam,0,c_34_v_(video_1099.mp4)_f_261.jpg,c_34,0.180515,1,0.145825,0.159399,0.08524
ViT-B/16,rollout,0,c_34_v_(video_1099.mp4)_f_261.jpg,c_34,0.006562,0,0.069842,0.131816,0.08524
ViT-B/16,grad-cam,0,c_34_v_(video_1099.mp4)_f_5.jpg,c_34,0.0,0,0.01222,0.163106,0.027802
ViT-B/16,rollout,0,c_34_v_(video_1099.mp4)_f_5.jpg,c_34,0.0,0,0.020653,0.068838,0.027802
ViT-B/16,grad-cam,0,c_49_v_(video_1561.mp4)_f_1248.jpg,c_49,0.152602,1,0.279735,0.284,0.3124
ViT-B/16,rollout,0,c_49_v_(video_1561.mp4)_f_1248.jpg,c_49,0.034331,0,0.342548,0.067084,0.3124
ViT-B/16,grad-cam,0,c_49_v_(video_1561.mp4)_f_1299.jpg,c_49,0.038892,0,0.247097,0.155273,0.282864
ViT-B/16,rollout,0,c_49_v_(video_1561.mp4)_f_1299.jpg,c_49,0.011982,0,0.278672,0.055465,0.282864
ViT-B/16,grad-cam,0,c_49_v_(video_1561.mp4)_f_141.jpg,c_49,0.047476,0,0.078897,0.328005,0.103795
ViT-B/16,rollout,0,c_49_v_(video_1561.mp4)_f_141.jpg,c_49,0.0,0,0.097393,0.063098,0.103795
ViT-B/16,grad-cam,0,c_49_v_(video_1561.mp4)_f_202.jpg,c_49,0.01185,0,0.013101,0.205716,0.008709
ViT-B/16,rollout,0,c_49_v_(video_1561.mp4)_f_202.jpg,c_49,0.0,0,0.007686,0.122688,0.008709
ViT-B/16,grad-cam,0,c_49_v_(video_1561.mp4)_f_334.jpg,c_49,0.0,0,0.03914,0.074358,0.05391
ViT-B/16,rollout,0,c_49_v_(video_1561.mp4)_f_334.jpg,c_49,0.0,0,0.04252,0.104074,0.05391
ViT-B/16,grad-cam,0,c_49_v_(video_1561.mp4)_f_411.jpg,c_49,0.195828,0,0.433095,0.178651,0.344667
ViT-B/16,rollout,0,c_49_v_(video_1561.mp4)_f_411.jpg,c_49,0.0,0,0.247234,0.086057,0.344667
ViT-B/16,grad-cam,0,c_50_v_(video_1589.mp4)_f_109.jpg,c_50,0.095631,0,0.151795,0.161093,0.119758
ViT-B/16,rollout,0,c_50_v_(video_1589.mp4)_f_109.jpg,c_50,0.0,0,0.092079,0.04841,0.119758
ViT-B/16,grad-cam,0,c_50_v_(video_1589.mp4)_f_220.jpg,c_50,0.004594,0,0.048801,0.141582,0.102459
ViT-B/16,rollout,0,c_50_v_(video_1589.mp4)_f_220.jpg,c_50,0.0,0,0.080084,0.029815,0.102459
ViT-B/16,grad-cam,0,c_59_v_(video_1898.mp4)_f_1838.jpg,c_59,0.0,0,0.000257,0.046138,0.013552
ViT-B/16,rollout,0,c_59_v_(video_1898.mp4)_f_1838.jpg,c_59,0.0,0,0.012859,0.096819,0.013552
ViT-B/16,grad-cam,0,c_59_v_(video_1898.mp4)_f_47.jpg,c_59,0.0,0,0.00016,0.137735,0.018634
ViT-B/16,rollout,0,c_59_v_(video_1898.mp4)_f_47.jpg,c_59,0.0,0,0.014206,0.056342,0.018634
ViT-B/16,grad-cam,0,c_59_v_(video_1898.mp4)_f_917.jpg,c_59,0.000252,0,0.042667,0.08795,0.070572
ViT-B/16,rollout,0,c_59_v_(video_1898.mp4)_f_917.jpg,c_59,9.9e-05,0,0.068337,0.130042,0.070572
ViT-B/16,grad-cam,0,c_61_v_(video_1990.mp4)_f_194.jpg,c_61,0.243752,1,0.444916,0.185806,0.283303
ViT-B/16,rollout,0,c_61_v_(video_1990.mp4)_f_194.jpg,c_61,0.032577,0,0.210749,0.203105,0.283303
ViT-B/16,grad-cam,0,c_61_v_(video_1991.mp4)_f_140.jpg,c_61,0.077225,0,0.357772,0.085001,0.325893
ViT-B/16,rollout,0,c_61_v_(video_1991.mp4)_f_140.jpg,c_61,0.0,0,0.287462,0.030632,0.325893
ViT-B/16,grad-cam,0,c_61_v_(video_1991.mp4)_f_83.jpg,c_61,0.168254,0,0.098606,0.210639,0.055883
ViT-B/16,rollout,0,c_61_v_(video_1991.mp4)_f_83.jpg,c_61,0.0,0,0.042092,0.009706,0.055883
ViT-B/16,grad-cam,0,c_63_v_(video_2060.mp4)_f_0.jpg,c_63,0.004182,0,0.031291,0.133769,0.091159
ViT-B/16,rollout,0,c_63_v_(video_2060.mp4)_f_0.jpg,c_63,0.0,0,0.05116,0.04552,0.091159
ViT-B/16,grad-cam,0,c_79_v_(video_2401.mp4)_f_210.jpg,c_79,0.016186,0,0.041031,0.211197,0.06533
ViT-B/16,rollout,0,c_79_v_(video_2401.mp4)_f_210.jpg,c_79,0.0,0,0.027496,0.07091,0.06533
ViT-B/16,grad-cam,0,c_79_v_(video_2403.mp4)_f_1001.jpg,c_79,0.037407,0,0.100554,0.11932,0.077447
ViT-B/16,rollout,0,c_79_v_(video_2403.mp4)_f_1001.jpg,c_79,0.003202,0,0.074058,0.041195,0.077447
ViT-B/16,grad-cam,0,c_79_v_(video_2404.mp4)_f_688.jpg,c_79,0.001683,0,0.016114,0.09947,0.019133
ViT-B/16,rollout,0,c_79_v_(video_2404.mp4)_f_688.jpg,c_79,0.0,0,0.013341,0.103835,0.019133
ViT-B/16,grad-cam,0,c_79_v_(video_2405.mp4)_f_42.jpg,c_79,0.019187,0,0.079682,0.063018,0.107422
ViT-B/16,rollout,0,c_79_v_(video_2405.mp4)_f_42.jpg,c_79,0.006867,0,0.093148,0.059132,0.107422
ViT-B/16,grad-cam,0,c_8_v_(video_145.mp4)_f_496.jpg,c_8,0.0,0,0.007737,0.024593,0.018654
ViT-B/16,rollout,0,c_8_v_(video_145.mp4)_f_496.jpg,c_8,0.0,0,0.018789,0.035415,0.018654
ViT-B/16,grad-cam,0,c_8_v_(video_146.mp4)_f_298.jpg,c_8,0.015433,0,0.011123,0.134108,0.006198
ViT-B/16,rollout,0,c_8_v_(video_146.mp4)_f_298.jpg,c_8,0.0,0,0.005848,0.090621,0.006198
ViT-B/16,grad-cam,0,c_8_v_(video_146.mp4)_f_344.jpg,c_8,0.065252,0,0.044339,0.193539,0.022501
ViT-B/16,rollout,0,c_8_v_(video_146.mp4)_f_344.jpg,c_8,0.0,0,0.02131,0.014429,0.022501
ViT-B/16,grad-cam,0,c_8_v_(video_146.mp4)_f_388.jpg,c_8,0.025719,0,0.04492,0.288843,0.055325
ViT-B/16,rollout,0,c_8_v_(video_146.mp4)_f_388.jpg,c_8,0.0,0,0.045104,0.025969,0.055325
ViT-B/16,grad-cam,0,c_8_v_(video_147.mp4)_f_11.jpg,c_8,0.019849,0,0.009391,0.276985,0.00564
ViT-B/16,rollout,0,c_8_v_(video_147.mp4)_f_11.jpg,c_8,0.0,0,0.004058,0.041653,0.00564
ViT-B/16,grad-cam,0,c_8_v_(video_148.mp4)_f_1079.jpg,c_8,0.0,0,0.004169,0.431043,0.008072
ViT-B/16,rollout,0,c_8_v_(video_148.mp4)_f_1079.jpg,c_8,0.0,0,0.005852,0.058673,0.008072
ViT-B/16,grad-cam,0,c_8_v_(video_148.mp4)_f_164.jpg,c_8,0.0,0,0.0028,0.067084,0.003448
ViT-B/16,rollout,0,c_8_v_(video_148.mp4)_f_164.jpg,c_8,0.0,0,0.002874,0.145647,0.003448
ViT-B/16,grad-cam,0,c_8_v_(video_148.mp4)_f_185.jpg,c_8,0.011805,0,0.020204,0.07378,0.015047
ViT-B/16,rollout,0,c_8_v_(video_148.mp4)_f_185.jpg,c_8,0.0,0,0.008165,0.108757,0.015047
ViT-B/16,grad-cam,0,c_8_v_(video_148.mp4)_f_2515.jpg,c_8,0.03032,0,0.035718,0.290218,0.033502
ViT-B/16,rollout,0,c_8_v_(video_148.mp4)_f_2515.jpg,c_8,0.0,0,0.031494,0.057099,0.033502
ViT-B/16,grad-cam,0,c_8_v_(video_148.mp4)_f_2723.jpg,c_8,0.0,0,0.002344,0.152244,0.017718
ViT-B/16,rollout,0,c_8_v_(video_148.mp4)_f_2723.jpg,c_8,0.0,0,0.010213,0.086675,0.017718
ViT-B/16,grad-cam,0,c_8_v_(video_148.mp4)_f_973.jpg,c_8,0.0,0,0.000268,0.016661,0.003707
ViT-B/16,rollout,0,c_8_v_(video_148.mp4)_f_973.jpg,c_8,0.0,0,0.001844,0.074398,0.003707
ViT-B/16,grad-cam,0,c_8_v_(video_153.mp4)_f_2707.jpg,c_8,0.010221,0,0.02185,0.184969,0.01989
ViT-B/16,rollout,0,c_8_v_(video_153.mp4)_f_2707.jpg,c_8,0.0,0,0.017297,0.096819,0.01989
ViT-B/16,grad-cam,0,c_93_v_(video_2819.mp4)_f_1744.jpg,c_93,0.081047,0,0.340969,0.062839,0.230907
ViT-B/16,rollout,0,c_93_v_(video_2819.mp4)_f_1744.jpg,c_93,0.116355,1,0.250149,0.075036,0.230907
ViT-B/16,grad-cam,0,c_93_v_(video_2819.mp4)_f_992.jpg,c_93,0.327061,1,0.536856,0.195093,0.365713
ViT-B/16,rollout,0,c_93_v_(video_2819.mp4)_f_992.jpg,c_93,0.059021,1,0.33169,0.030154,0.365713
ViT-B/16,grad-cam,0,c_93_v_(video_2824.mp4)_f_0.jpg,c_93,0.005118,0,0.013625,0.092435,0.013253
ViT-B/16,rollout,0,c_93_v_(video_2824.mp4)_f_0.jpg,c_93,0.0,0,0.009352,0.097317,0.013253
ViT-B/16,grad-cam,0,c_93_v_(video_2824.mp4)_f_116.jpg,c_93,0.012623,0,0.030215,0.149294,0.03137
ViT-B/16,rollout,0,c_93_v_(video_2824.mp4)_f_116.jpg,c_93,0.0,0,0.023681,0.07091,0.03137
ViT-B/16,grad-cam,0,c_93_v_(video_2824.mp4)_f_283.jpg,c_93,0.12042,0,0.116291,0.123904,0.088787
ViT-B/16,rollout,0,c_93_v_(video_2824.mp4)_f_283.jpg,c_93,0.005415,0,0.091439,0.08514,0.088787
ViT-B/16,grad-cam,0,c_93_v_(video_2824.mp4)_f_383.jpg,c_93,0.001536,0,0.045796,0.081971,0.074019
ViT-B/16,rollout,0,c_93_v_(video_2824.mp4)_f_383.jpg,c_93,0.0,0,0.052217,0.05963,0.074019
ViT-B/16,grad-cam,0,c_93_v_(video_2824.mp4)_f_436.jpg,c_93,0.059651,0,0.18578,0.094328,0.211914
ViT-B/16,rollout,0,c_93_v_(video_2824.mp4)_f_436.jpg,c_93,0.041912,0,0.22027,0.052156,0.211914
ViT-B/16,grad-cam,0,c_93_v_(video_2846.mp4)_f_54.jpg,c_93,0.132671,1,0.127302,0.040458,0.04819
ViT-B/16,rollout,0,c_93_v_(video_2846.mp4)_f_54.jpg,c_93,0.000721,0,0.032889,0.090202,0.04819
ViT-B/16,grad-cam,1,c_100_v_(video_3062.mp4)_f_1458.jpg,c_100,0.0,0,0.00366,0.228177,0.010981
ViT-B/16,rollout,1,c_100_v_(video_3062.mp4)_f_1458.jpg,c_100,0.010855,0,0.011854,0.091099,0.010981
ViT-B/16,grad-cam,1,c_102_v_(video_3119.mp4)_f_1311.jpg,c_102,0.021736,0,0.122171,0.032765,0.101204
ViT-B/16,rollout,1,c_102_v_(video_3119.mp4)_f_1311.jpg,c_102,0.014959,0,0.099256,0.113799,0.101204
ViT-B/16,grad-cam,1,c_102_v_(video_3119.mp4)_f_185.jpg,c_102,0.003972,0,0.061643,0.070611,0.075494
ViT-B/16,rollout,1,c_102_v_(video_3119.mp4)_f_185.jpg,c_102,0.048863,0,0.076451,0.226104,0.075494
ViT-B/16,grad-cam,1,c_102_v_(video_3124.mp4)_f_97.jpg,c_102,0.000275,0,0.103271,0.036472,0.108498
ViT-B/16,rollout,1,c_102_v_(video_3124.mp4)_f_97.jpg,c_102,0.0,0,0.062631,0.093411,0.108498
ViT-B/16,grad-cam,1,c_102_v_(video_3130.mp4)_f_0.jpg,c_102,0.026691,0,0.127614,0.045859,0.1251
ViT-B/16,rollout,1,c_102_v_(video_3130.mp4)_f_0.jpg,c_102,0.0,0,0.097319,0.0795,0.1251
ViT-B/16,grad-cam,1,c_10_v_(video_182.mp4)_f_494.jpg,c_10,0.062659,0,0.080534,0.147879,0.060328
ViT-B/16,rollout,1,c_10_v_(video_182.mp4)_f_494.jpg,c_10,0.0,0,0.048629,0.07667,0.060328
ViT-B/16,grad-cam,1,c_10_v_(video_184.mp4)_f_22.jpg,c_10,0.04505,0,0.074184,0.223653,0.068539
ViT-B/16,rollout,1,c_10_v_(video_184.mp4)_f_22.jpg,c_10,0.0,0,0.05001,0.210519,0.068539
ViT-B/16,grad-cam,1,c_10_v_(video_185.mp4)_f_112.jpg,c_10,0.0,0,0.003202,0.192184,0.01429
ViT-B/16,rollout,1,c_10_v_(video_185.mp4)_f_112.jpg,c_10,0.002456,0,0.016581,0.107721,0.01429
ViT-B/16,grad-cam,1,c_10_v_(video_185.mp4)_f_176.jpg,c_10,0.0,0,0.019584,0.078404,0.065968
ViT-B/16,rollout,1,c_10_v_(video_185.mp4)_f_176.jpg,c_10,0.000566,0,0.056697,0.074976,0.065968
ViT-B/16,grad-cam,1,c_10_v_(video_186.mp4)_f_200.jpg,c_10,0.0,0,0.004216,0.267897,0.018395
ViT-B/16,rollout,1,c_10_v_(video_186.mp4)_f_200.jpg,c_10,0.030934,0,0.024029,0.083227,0.018395
ViT-B/16,grad-cam,1,c_10_v_(video_188.mp4)_f_455.jpg,c_10,0.0,0,0.0,0.032187,0.046377
ViT-B/16,rollout,1,c_10_v_(video_188.mp4)_f_455.jpg,c_10,0.098413,0,0.080056,0.050163,0.046377
ViT-B/16,grad-cam,1,c_113_v_(video_3427.mp4)_f_211.jpg,c_113,0.093243,1,0.415468,0.010443,0.072744
ViT-B/16,rollout,1,c_113_v_(video_3427.mp4)_f_211.jpg,c_113,0.099918,1,0.095041,0.061304,0.072744
ViT-B/16,grad-cam,1,c_114_v_(video_3461.mp4)_f_610.jpg,c_114,0.021331,0,0.015617,0.431661,0.009208
ViT-B/16,rollout,1,c_114_v_(video_3461.mp4)_f_610.jpg,c_114,0.0,0,0.01029,0.023019,0.009208
ViT-B/16,grad-cam,1,c_137_v_(video_4143.mp4)_f_1016.jpg,c_137,0.005922,0,0.016272,0.205317,0.028261
ViT-B/16,rollout,1,c_137_v_(video_4143.mp4)_f_1016.jpg,c_137,0.0,0,0.016729,0.030712,0.028261
ViT-B/16,grad-cam,1,c_137_v_(video_4143.mp4)_f_427.jpg,c_137,0.006088,0,0.00706,0.164043,0.007235
ViT-B/16,rollout,1,c_137_v_(video_4143.mp4)_f_427.jpg,c_137,0.00047,0,0.006668,0.331971,0.007235
ViT-B/16,grad-cam,1,c_137_v_(video_4143.mp4)_f_639.jpg,c_137,0.0,0,0.00641,0.129564,0.046755
ViT-B/16,rollout,1,c_137_v_(video_4143.mp4)_f_639.jpg,c_137,0.0,0,0.03149,0.086615,0.046755
ViT-B/16,grad-cam,1,c_144_v_(video_4371.mp4)_f_66.jpg,c_144,0.0,0,0.014966,0.022301,0.11655
ViT-B/16,rollout,1,c_144_v_(video_4371.mp4)_f_66.jpg,c_144,0.073613,0,0.104496,0.091279,0.11655
ViT-B/16,grad-cam,1,c_144_v_(video_4371.mp4)_f_872.jpg,c_144,0.002476,0,0.016365,0.093431,0.019551
ViT-B/16,rollout,1,c_144_v_(video_4371.mp4)_f_872.jpg,c_144,0.0,0,0.011704,0.094866,0.019551
ViT-B/16,grad-cam,1,c_144_v_(video_4374.mp4)_f_2517.jpg,c_144,0.015842,0,0.031512,0.147919,0.038664
ViT-B/16,rollout,1,c_144_v_(video_4374.mp4)_f_2517.jpg,c_144,0.0,0,0.020966,0.219208,0.038664
ViT-B/16,grad-cam,1,c_144_v_(video_4374.mp4)_f_2771.jpg,c_144,0.14468,0,0.191839,0.278639,0.162867
ViT-B/16,rollout,1,c_144_v_(video_4374.mp4)_f_2771.jpg,c_144,0.0,0,0.153641,0.09947,0.162867
ViT-B/16,grad-cam,1,c_150_v_(video_4517.mp4)_f_109.jpg,c_150,0.016383,0,0.034122,0.313357,0.05387
ViT-B/16,rollout,1,c_150_v_(video_4517.mp4)_f_109.jpg,c_150,0.016911,0,0.058798,0.098334,0.05387
ViT-B/16,grad-cam,1,c_150_v_(video_4518.mp4)_f_28.jpg,c_150,0.012238,0,0.020622,0.330178,0.03414
ViT-B/16,rollout,1,c_150_v_(video_4518.mp4)_f_28.jpg,c_150,0.0,0,0.026934,0.025271,0.03414
ViT-B/16,grad-cam,1,c_150_v_(video_4520.mp4)_f_132.jpg,c_150,0.02513,0,0.056204,0.148258,0.063935
ViT-B/16,rollout,1,c_150_v_(video_4520.mp4)_f_132.jpg,c_150,0.102954,1,0.077852,0.061822,0.063935
ViT-B/16,grad-cam,1,c_178_v_(video_5419.mp4)_f_794.jpg,c_178,0.0,0,0.0,0.041095,0.001734
ViT-B/16,rollout,1,c_178_v_(video_5419.mp4)_f_794.jpg,c_178,0.0,0,0.002144,0.042172,0.001734
ViT-B/16,grad-cam,1,c_178_v_(video_5426.mp4)_f_90.jpg,c_178,0.0,0,0.014302,0.091219,0.014051
ViT-B/16,rollout,1,c_178_v_(video_5426.mp4)_f_90.jpg,c_178,0.0,0,0.013508,0.029974,0.014051
ViT-B/16,grad-cam,1,c_189_v_(video_5727.mp4)_f_14.jpg,c_189,0.007958,0,0.105929,0.049605,0.086715
ViT-B/16,rollout,1,c_189_v_(video_5727.mp4)_f_14.jpg,c_189,0.020095,0,0.084982,0.199597,0.086715
ViT-B/16,grad-cam,1,c_21_v_(video_605.mp4)_f_79.jpg,c_21,0.014069,0,0.008198,0.161193,0.004006
ViT-B/16,rollout,1,c_21_v_(video_605.mp4)_f_79.jpg,c_21,0.0,0,0.002694,0.013652,0.004006
ViT-B/16,grad-cam,1,c_21_v_(video_607.mp4)_f_46.jpg,c_21,0.012323,0,0.053588,0.072425,0.050363
ViT-B/16,rollout,1,c_21_v_(video_607.mp4)_f_46.jpg,c_21,0.0,0,0.046329,0.047373,0.050363
ViT-B/16,grad-cam,1,c_23_v_(video_672.mp4)_f_1006.jpg,c_23,0.054966,0,0.149418,0.079381,0.192203
ViT-B/16,rollout,1,c_23_v_(video_672.mp4)_f_1006.jpg,c_23,0.00983,0,0.171089,0.043248,0.192203
ViT-B/16,grad-cam,1,c_23_v_(video_672.mp4)_f_1268.jpg,c_23,0.0,0,0.006687,0.084283,0.012297
ViT-B/16,rollout,1,c_23_v_(video_672.mp4)_f_1268.jpg,c_23,0.0,0,0.00739,0.099071,0.012297
ViT-B/16,grad-cam,1,c_23_v_(video_672.mp4)_f_13.jpg,c_23,0.055637,0,0.057976,0.035914,0.021185
ViT-B/16,rollout,1,c_23_v_(video_672.mp4)_f_13.jpg,c_23,0.0,0,0.0137,0.049506,0.021185
ViT-B/16,grad-cam,1,c_23_v_(video_672.mp4)_f_195.jpg,c_23,0.014773,0,0.064574,0.081832,0.072864
ViT-B/16,rollout,1,c_23_v_(video_672.mp4)_f_195.jpg,c_23,0.029484,0,0.065515,0.043347,0.072864
ViT-B/16,grad-cam,1,c_23_v_(video_672.mp4)_f_256.jpg,c_23,0.0,0,0.016769,0.09662,0.044045
ViT-B/16,rollout,1,c_23_v_(video_672.mp4)_f_256.jpg,c_23,0.0,0,0.033488,0.021106,0.044045
ViT-B/16,grad-cam,1,c_23_v_(video_672.mp4)_f_397.jpg,c_23,0.051862,0,0.09034,0.104931,0.068479
ViT-B/16,rollout,1,c_23_v_(video_672.mp4)_f_397.jpg,c_23,0.0,0,0.043707,0.040537,0.068479
ViT-B/16,grad-cam,1,c_23_v_(video_672.mp4)_f_778.jpg,c_23,0.025335,0,0.054572,0.167849,0.071708
ViT-B/16,rollout,1,c_23_v_(video_672.mp4)_f_778.jpg,c_23,0.0,0,0.034598,0.017598,0.071708
ViT-B/16,grad-cam,1,c_23_v_(video_674.mp4)_f_1579.jpg,c_23,0.005052,0,0.021769,0.314692,0.046098
ViT-B/16,rollout,1,c_23_v_(video_674.mp4)_f_1579.jpg,c_23,0.0,0,0.024133,0.049486,0.046098
ViT-B/16,grad-cam,1,c_23_v_(video_674.mp4)_f_41.jpg,c_23,0.065859,0,0.118107,0.162129,0.093969
ViT-B/16,rollout,1,c_23_v_(video_674.mp4)_f_41.jpg,c_23,0.0,0,0.081766,0.042172,0.093969
ViT-B/16,grad-cam,1,c_23_v_(video_674.mp4)_f_837.jpg,c_23,0.016755,0,0.040482,0.084403,0.053472
ViT-B/16,rollout,1,c_23_v_(video_674.mp4)_f_837.jpg,c_23,0.0,0,0.044988,0.013752,0.053472
ViT-B/16,grad-cam,1,c_23_v_(video_674.mp4)_f_870.jpg,c_23,0.002725,0,0.00524,0.304209,0.011101
ViT-B/16,rollout,1,c_23_v_(video_674.mp4)_f_870.jpg,c_23,0.0,0,0.010461,0.054767,0.011101
ViT-B/16,grad-cam,1,c_28_v_(video_903.mp4)_f_1330.jpg,c_28,0.0,0,0.015038,0.086416,0.009766
ViT-B/16,rollout,1,c_28_v_(video_903.mp4)_f_1330.jpg,c_28,0.0,0,0.005126,0.172174,0.009766
ViT-B/16,grad-cam,1,c_28_v_(video_903.mp4)_f_1635.jpg,c_28,0.0,0,0.005847,0.139648,0.013572
ViT-B/16,rollout,1,c_28_v_(video_903.mp4)_f_1635.jpg,c_28,0.0,0,0.013983,0.051857,0.013572
ViT-B/16,grad-cam,1,c_28_v_(video_903.mp4)_f_1761.jpg,c_28,0.058885,0,0.08327,0.373107,0.091
ViT-B/16,rollout,1,c_28_v_(video_903.mp4)_f_1761.jpg,c_28,0.0,0,0.059155,0.094288,0.091
ViT-B/16,grad-cam,1,c_28_v_(video_903.mp4)_f_330.jpg,c_28,0.045757,0,0.054447,0.293367,0.073302
ViT-B/16,rollout,1,c_28_v_(video_903.mp4)_f_330.jpg,c_28,0.0,0,0.056572,0.116151,0.073302
ViT-B/16,grad-cam,1,c_28_v_(video_903.mp4)_f_627.jpg,c_28,0.058224,0,0.066922,0.094607,0.050283
ViT-B/16,rollout,1,c_28_v_(video_903.mp4)_f_627.jpg,c_28,0.0,0,0.03606,0.179129,0.050283
ViT-B/16,grad-cam,1,c_28_v_(video_903.mp4)_f_853.jpg,c_28,0.0,0,0.000421,0.059351,0.035973
ViT-B/16,rollout,1,c_28_v_(video_903.mp4)_f_853.jpg,c_28,0.023644,0,0.033611,0.11071,0.035973
ViT-B/16,grad-cam,1,c_28_v_(video_905.mp4)_f_53.jpg,c_28,0.070987,0,0.129532,0.387277,0.179508
ViT-B/16,rollout,1,c_28_v_(video_905.mp4)_f_53.jpg,c_28,0.163094,0,0.228206,0.137297,0.179508
ViT-B/16,grad-cam,1,c_28_v_(video_907.mp4)_f_73.jpg,c_28,0.068507,0,0.135356,0.455397,0.177176
ViT-B/16,rollout,1,c_28_v_(video_907.mp4)_f_73.jpg,c_28,0.028616,0,0.155578,0.191048,0.177176
ViT-B/16,grad-cam,1,c_28_v_(video_934.mp4)_f_288.jpg,c_28,0.151002,1,0.18165,0.263512,0.156529
ViT-B/16,rollout,1,c_28_v_(video_934.mp4)_f_288.jpg,c_28,0.060808,1,0.14838,0.20749,0.156529
ViT-B/16,grad-cam,1,c_29_v_(video_940.mp4)_f_1371.jpg,c_29,0.0,0,0.019962,0.089126,0.026566
ViT-B/16,rollout,1,c_29_v_(video_940.mp4)_f_1371.jpg,c_29,0.0,0,0.014512,0.156967,0.026566
ViT-B/16,grad-cam,1,c_29_v_(video_940.mp4)_f_1635.jpg,c_29,0.0,0,0.005481,0.139648,0.011519
ViT-B/16,rollout,1,c_29_v_(video_940.mp4)_f_1635.jpg,c_29,0.0,0,0.012783,0.051857,0.011519
ViT-B/16,grad-cam,1,c_31_v_(video_1002.mp4)_f_499.jpg,c_31,0.0,0,0.016237,0.257852,0.044344
ViT-B/16,rollout,1,c_31_v_(video_1002.mp4)_f_499.jpg,c_31,0.002795,0,0.048106,0.055764,0.044344
ViT-B/16,grad-cam,1,c_31_v_(video_1002.mp4)_f_91.jpg,c_31,0.0,0,0.0,0.017797,0.11924
ViT-B/16,rollout,1,c_31_v_(video_1002.mp4)_f_91.jpg,c_31,0.006406,0,0.110838,0.049825,0.11924
ViT-B/16,grad-cam,1,c_31_v_(video_1004.mp4)_f_869.jpg,c_31,0.027548,0,0.085515,0.086396,0.074179
ViT-B/16,rollout,1,c_31_v_(video_1004.mp4)_f_869.jpg,c_31,0.0,0,0.053626,0.075813,0.074179
ViT-B/16,grad-cam,1,c_31_v_(video_993.mp4)_f_75.jpg,c_31,0.014,0,0.046677,0.061623,0.049526
ViT-B/16,rollout,1,c_31_v_(video_993.mp4)_f_75.jpg,c_31,0.020767,0,0.069131,0.084682,0.049526
ViT-B/16,grad-cam,1,c_31_v_(video_997.mp4)_f_161.jpg,c_31,0.015686,0,0.05305,0.138233,0.048888
ViT-B/16,rollout,1,c_31_v_(video_997.mp4)_f_161.jpg,c_31,0.0,0,0.042286,0.047592,0.048888
ViT-B/16,grad-cam,1,c_31_v_(video_998.mp4)_f_85.jpg,c_31,0.002594,0,0.023221,0.169862,0.038146
ViT-B/16,rollout,1,c_31_v_(video_998.mp4)_f_85.jpg,c_31,0.0,0,0.027716,0.110949,0.038146
ViT-B/16,grad-cam,1,c_42_v_(video_1320.mp4)_f_565.jpg,c_42,0.098805,1,0.195839,0.2045,0.187799
ViT-B/16,rollout,1,c_42_v_(video_1320.mp4)_f_565.jpg,c_42,0.094095,0,0.182719,0.163744,0.187799
ViT-B/16,grad-cam,1,c_42_v_(video_1320.mp4)_f_653.jpg,c_42,0.016337,0,0.034604,0.209443,0.037289
ViT-B/16,rollout,1,c_42_v_(video_1320.mp4)_f_653.jpg,c_42,0.0,0,0.02215,0.018076,0.037289
ViT-B/16,grad-cam,1,c_42_v_(video_1322.mp4)_f_276.jpg,c_42,0.147478,0,0.127091,0.146604,0.055604
ViT-B/16,rollout,1,c_42_v_(video_1322.mp4)_f_276.jpg,c_42,0.0,0,0.025948,0.081174,0.055604
ViT-B/16,grad-cam,1,c_42_v_(video_1322.mp4)_f_471.jpg,c_42,0.000222,0,0.027504,0.100247,0.07946
ViT-B/16,rollout,1,c_42_v_(video_1322.mp4)_f_471.jpg,c_42,0.0,0,0.056052,0.05686,0.07946
ViT-B/16,grad-cam,1,c_42_v_(video_1322.mp4)_f_624.jpg,c_42,0.033537,0,0.130351,0.108837,0.168168
ViT-B/16,rollout,1,c_42_v_(video_1322.mp4)_f_624.jpg,c_42,0.006522,0,0.131286,0.080955,0.168168
ViT-B/16,grad-cam,1,c_42_v_(video_1323.mp4)_f_183.jpg,c_42,0.058517,1,0.064331,0.422513,0.055525
ViT-B/16,rollout,1,c_42_v_(video_1323.mp4)_f_183.jpg,c_42,0.0,0,0.031004,0.122668,0.055525
ViT-B/16,grad-cam,1,c_45_v_(video_1386.mp4)_f_563.jpg,c_45,0.0,0,0.001775,0.069356,0.039381
ViT-B/16,rollout,1,c_45_v_(video_1386.mp4)_f_563.jpg,c_45,0.0,0,0.034455,0.029337,0.039381
ViT-B/16,grad-cam,1,c_45_v_(video_1386.mp4)_f_622.jpg,c_45,0.024977,0,0.04174,0.151865,0.048509
ViT-B/16,rollout,1,c_45_v_(video_1386.mp4)_f_622.jpg,c_45,0.012381,0,0.040798,0.072086,0.048509
ViT-B/16,grad-cam,1,c_45_v_(video_1386.mp4)_f_753.jpg,c_45,0.111132,0,0.131161,0.555066,0.138174
ViT-B/16,rollout,1,c_45_v_(video_1386.mp4)_f_753.jpg,c_45,0.0,0,0.122088,0.084981,0.138174
ViT-B/16,grad-cam,1,c_45_v_(video_1396.mp4)_f_1483.jpg,c_45,0.0,0,0.001627,0.239537,0.005182
ViT-B/16,rollout,1,c_45_v_(video_1396.mp4)_f_1483.jpg,c_45,0.0,0,0.001084,0.102878,0.005182
ViT-B/16,grad-cam,1,c_45_v_(video_1396.mp4)_f_2895.jpg,c_45,0.003114,0,0.007384,0.248386,0.014828
ViT-B/16,rollout,1,c_45_v_(video_1396.mp4)_f_2895.jpg,c_45,0.006973,0,0.014029,0.183773,0.014828
ViT-B/16,grad-cam,1,c_45_v_(video_1396.mp4)_f_3007.jpg,c_45,0.0,0,0.004614,0.257075,0.013313
ViT-B/16,rollout,1,c_45_v_(video_1396.mp4)_f_3007.jpg,c_45,0.0,0,0.012824,0.110092,0.013313
ViT-B/16,grad-cam,1,c_45_v_(video_1396.mp4)_f_408.jpg,c_45,0.016411,0,0.07542,0.329779,0.101004
ViT-B/16,rollout,1,c_45_v_(video_1396.mp4)_f_408.jpg,c_45,0.003092,0,0.095189,0.092973,0.101004
ViT-B/16,grad-cam,1,c_52_v_(video_1656.mp4)_f_2711.jpg,c_52,0.075969,0,0.081795,0.264569,0.060328
ViT-B/16,rollout,1,c_52_v_(video_1656.mp4)_f_2711.jpg,c_52,0.002074,0,0.047272,0.180425,0.060328
ViT-B/16,grad-cam,1,c_52_v_(video_1656.mp4)_f_5548.jpg,c_52,0.032382,0,0.027802,0.155513,0.026208
ViT-B/16,rollout,1,c_52_v_(video_1656.mp4)_f_5548.jpg,c_52,0.0,0,0.019714,0.220364,0.026208
ViT-B/16,grad-cam,1,c_7_v_(video_130.mp4)_f_100.jpg,c_7,0.0,0,0.000774,0.037349,0.016741
ViT-B/16,rollout,1,c_7_v_(video_130.mp4)_f_100.jpg,c_7,0.0,0,0.009529,0.016462,0.016741
ViT-B/16,grad-cam,1,c_7_v_(video_130.mp4)_f_1233.jpg,c_7,0.013793,0,0.012774,0.086954,0.015585
ViT-B/16,rollout,1,c_7_v_(video_130.mp4)_f_1233.jpg,c_7,0.0,0,0.016667,0.065011,0.015585
ViT-B/16,grad-cam,1,c_7_v_(video_130.mp4)_f_1360.jpg,c_7,0.04874,0,0.056431,0.122409,0.029397
ViT-B/16,rollout,1,c_7_v_(video_130.mp4)_f_1360.jpg,c_7,0.0,0,0.019477,0.076391,0.029397
ViT-B/16,grad-cam,1,c_7_v_(video_130.mp4)_f_241.jpg,c_7,0.0,0,0.01446,0.026646,0.017817
ViT-B/16,rollout,1,c_7_v_(video_130.mp4)_f_241.jpg,c_7,0.0,0,0.00523,0.046596,0.017817
ViT-B/16,grad-cam,1,c_7_v_(video_130.mp4)_f_411.jpg,c_7,0.023833,0,0.026931,0.137875,0.030792
ViT-B/16,rollout,1,c_7_v_(video_130.mp4)_f_411.jpg,c_7,0.0,0,0.01499,0.077627,0.030792
ViT-B/16,grad-cam,1,c_7_v_(video_130.mp4)_f_986.jpg,c_7,0.0,0,0.002862,0.140386,0.006517
ViT-B/16,rollout,1,c_7_v_(video_130.mp4)_f_986.jpg,c_7,0.0,0,0.004433,0.066346,0.006517
ViT-B/16,grad-cam,1,c_7_v_(video_134.mp4)_f_1093.jpg,c_7,0.0,0,0.000295,0.141582,0.003288
ViT-B/16,rollout,1,c_7_v_(video_134.mp4)_f_1093.jpg,c_7,0.0,0,0.004042,0.114597,0.003288
ViT-B/16,grad-cam,1,c_7_v_(video_134.mp4)_f_1716.jpg,c_7,0.066439,1,0.083772,0.197804,0.063237
ViT-B/16,rollout,1,c_7_v_(video_134.mp4)_f_1716.jpg,c_7,0.067139,0,0.079783,0.035914,0.063237
ViT-B/16,grad-cam,1,c_7_v_(video_134.mp4)_f_2323.jpg,c_7,0.0,0,0.014747,0.01985,0.032705
ViT-B/16,rollout,1,c_7_v_(video_134.mp4)_f_2323.jpg,c_7,0.019688,0,0.042581,0.041614,0.032705
ViT-B/16,grad-cam,1,c_82_v_(video_2507.mp4)_f_2154.jpg,c_82,0.100606,0,0.163771,0.314234,0.188756
ViT-B/16,rollout,1,c_82_v_(video_2507.mp4)_f_2154.jpg,c_82,0.046103,1,0.199044,0.039162,0.188756
ViT-B/16,grad-cam,1,c_86_v_(video_2617.mp4)_f_177.jpg,c_86,0.044397,0,0.104679,0.17319,0.108578
ViT-B/16,rollout,1,c_86_v_(video_2617.mp4)_f_177.jpg,c_86,0.0,0,0.101752,0.042829,0.108578
ViT-B/16,grad-cam,1,c_86_v_(video_2638.mp4)_f_150.jpg,c_86,0.026695,0,0.027827,0.225845,0.02557
ViT-B/16,rollout,1,c_86_v_(video_2638.mp4)_f_150.jpg,c_86,0.0,0,0.013897,0.090721,0.02557
ViT-B/16,grad-cam,2,c_123_v_(video_3706.mp4)_f_659.jpg,c_123,0.0,0,0.0,0.017678,0.036412
ViT-B/16,rollout,2,c_123_v_(video_3706.mp4)_f_659.jpg,c_123,0.008143,0,0.041957,0.040079,0.036412
ViT-B/16,grad-cam,2,c_125_v_(video_3726.mp4)_f_247.jpg,c_125,0.008106,0,0.032346,0.083406,0.02565
ViT-B/16,rollout,2,c_125_v_(video_3726.mp4)_f_247.jpg,c_125,0.018542,0,0.031625,0.100247,0.02565
ViT-B/16,grad-cam,2,c_127_v_(video_3756.mp4)_f_40.jpg,c_127,0.0,0,0.102235,0.01411,0.181621
ViT-B/16,rollout,2,c_127_v_(video_3756.mp4)_f_40.jpg,c_127,0.11962,1,0.233851,0.065171,0.181621
ViT-B/16,grad-cam,2,c_145_v_(video_4391.mp4)_f_27.jpg,c_145,0.0,0,0.014775,0.015426,0.037867
ViT-B/16,rollout,2,c_145_v_(video_4391.mp4)_f_27.jpg,c_145,0.0,0,0.016408,0.030154,0.037867
ViT-B/16,grad-cam,2,c_15_v_(video_449.mp4)_f_2374.jpg,c_15,0.0,0,0.0,0.010284,0.002611
ViT-B/16,rollout,2,c_15_v_(video_449.mp4)_f_2374.jpg,c_15,0.0,0,0.001808,0.091219,0.002611
ViT-B/16,grad-cam,2,c_15_v_(video_449.mp4)_f_2831.jpg,c_15,0.0892,0,0.1583,0.069655,0.079281
ViT-B/16,rollout,2,c_15_v_(video_449.mp4)_f_2831.jpg,c_15,0.0,0,0.04999,0.15633,0.079281
ViT-B/16,grad-cam,2,c_15_v_(video_450.mp4)_f_623.jpg,c_15,0.033891,0,0.199597,0.006617,0.085798
ViT-B/16,rollout,2,c_15_v_(video_450.mp4)_f_623.jpg,c_15,0.0,0,0.054741,0.146783,0.085798
ViT-B/16,grad-cam,2,c_15_v_(video_451.mp4)_f_251.jpg,c_15,0.000613,0,0.020818,0.010284,0.022242
ViT-B/16,rollout,2,c_15_v_(video_451.mp4)_f_251.jpg,c_15,0.126564,1,0.055776,0.160834,0.022242
ViT-B/16,grad-cam,2,c_15_v_(video_454.mp4)_f_144.jpg,c_15,0.0,0,0.0,0.015585,0.066924
ViT-B/16,rollout,2,c_15_v_(video_454.mp4)_f_144.jpg,c_15,0.0,0,0.038565,0.103416,0.066924
ViT-B/16,grad-cam,2,c_168_v_(video_5163.mp4)_f_264.jpg,c_168,0.003821,0,0.004273,0.456374,0.004345
ViT-B/16,rollout,2,c_168_v_(video_5163.mp4)_f_264.jpg,c_168,0.0,0,0.00318,0.043208,0.004345
ViT-B/16,grad-cam,2,c_16_v_(video_467.mp4)_f_184.jpg,c_16,0.0,0,0.015343,0.018296,0.063337
ViT-B/16,rollout,2,c_16_v_(video_467.mp4)_f_184.jpg,c_16,0.0,0,0.028362,0.103257,0.063337
ViT-B/16,grad-cam,2,c_16_v_(video_471.mp4)_f_220.jpg,c_16,0.0,0,0.050057,0.008012,0.043347
ViT-B/16,rollout,2,c_16_v_(video_471.mp4)_f_220.jpg,c_16,0.001164,0,0.026574,0.059471,0.043347
ViT-B/16,grad-cam,2,c_170_v_(video_5222.mp4)_f_64.jpg,c_170,0.0,0,0.004604,0.01413,0.074318
ViT-B/16,rollout,2,c_170_v_(video_5222.mp4)_f_64.jpg,c_170,0.003544,0,0.069594,0.145747,0.074318
ViT-B/16,grad-cam,2,c_17_v_(video_481.mp4)_f_1292.jpg,c_17,0.0,0,0.094307,0.01124,0.072286
ViT-B/16,rollout,2,c_17_v_(video_481.mp4)_f_1292.jpg,c_17,0.053799,0,0.077639,0.125638,0.072286
ViT-B/16,grad-cam,2,c_37_v_(video_1215.mp4)_f_0.jpg,c_37,0.033954,1,0.400388,0.0342,0.33237
ViT-B/16,rollout,2,c_37_v_(video_1215.mp4)_f_0.jpg,c_37,0.01127,0,0.277797,0.111129,0.33237
ViT-B/16,grad-cam,2,c_37_v_(video_1229.mp4)_f_36.jpg,c_37,0.197339,0,0.215253,0.15071,0.147003
ViT-B/16,rollout,2,c_37_v_(video_1229.mp4)_f_36.jpg,c_37,0.025264,0,0.181255,0.065709,0.147003
ViT-B/16,grad-cam,2,c_38_v_(video_1253.mp4)_f_1117.jpg,c_38,0.0,0,0.015468,0.049625,0.006338
ViT-B/16,rollout,2,c_38_v_(video_1253.mp4)_f_1117.jpg,c_38,0.0,0,0.003158,0.070611,0.006338
ViT-B/16,grad-cam,2,c_43_v_(video_1363.mp4)_f_1062.jpg,c_43,0.034872,0,0.112884,0.032904,0.072963
ViT-B/16,rollout,2,c_43_v_(video_1363.mp4)_f_1062.jpg,c_43,0.0,0,0.053826,0.073123,0.072963
ViT-B/16,grad-cam,2,c_43_v_(video_1363.mp4)_f_2080.jpg,c_43,0.015861,0,0.024313,0.409419,0.025849
ViT-B/16,rollout,2,c_43_v_(video_1363.mp4)_f_2080.jpg,c_43,0.0,0,0.02297,0.065768,0.025849
ViT-B/16,grad-cam,2,c_43_v_(video_1363.mp4)_f_778.jpg,c_43,0.003122,0,0.011265,0.193479,0.024235
ViT-B/16,rollout,2,c_43_v_(video_1363.mp4)_f_778.jpg,c_43,0.038953,0,0.041036,0.040617,0.024235
ViT-B/16,grad-cam,2,c_43_v_(video_1364.mp4)_f_495.jpg,c_43,0.025284,0,0.03226,0.036232,0.019531
ViT-B/16,rollout,2,c_43_v_(video_1364.mp4)_f_495.jpg,c_43,0.002864,0,0.016766,0.175841,0.019531
ViT-B/16,grad-cam,2,c_43_v_(video_1366.mp4)_f_0.jpg,c_43,0.092223,0,0.09844,0.367407,0.078464
ViT-B/16,rollout,2,c_43_v_(video_1366.mp4)_f_0.jpg,c_43,0.00287,0,0.055623,0.05387,0.078464
ViT-B/16,grad-cam,2,c_51_v_(video_1638.mp4)_f_1710.jpg,c_51,0.009498,0,0.013428,0.103097,0.015525
ViT-B/16,rollout,2,c_51_v_(video_1638.mp4)_f_1710.jpg,c_51,0.0,0,0.008201,0.052336,0.015525
ViT-B/16,grad-cam,2,c_51_v_(video_1640.mp4)_f_1162.jpg,c_51,0.0,0,0.0,0.009965,0.061324
ViT-B/16,rollout,2,c_51_v_(video_1640.mp4)_f_1162.jpg,c_51,0.041667,0,0.058805,0.122529,0.061324
ViT-B/16,grad-cam,2,c_51_v_(video_1640.mp4)_f_25.jpg,c_51,0.023287,0,0.020119,0.136739,0.014768
ViT-B/16,rollout,2,c_51_v_(video_1640.mp4)_f_25.jpg,c_51,0.0,0,0.010246,0.072146,0.014768
ViT-B/16,grad-cam,2,c_51_v_(video_1640.mp4)_f_535.jpg,c_51,0.033326,0,0.038578,0.251415,0.02852
ViT-B/16,rollout,2,c_51_v_(video_1640.mp4)_f_535.jpg,c_51,0.0,0,0.014558,0.057757,0.02852
ViT-B/16,grad-cam,2,c_51_v_(video_1640.mp4)_f_643.jpg,c_51,0.059567,0,0.091504,0.060328,0.068359
ViT-B/16,rollout,2,c_51_v_(video_1640.mp4)_f_643.jpg,c_51,0.0,0,0.054824,0.075494,0.068359
ViT-B/16,grad-cam,2,c_55_v_(video_1729.mp4)_f_1915.jpg,c_55,0.132145,1,0.22326,0.022959,0.087173
ViT-B/16,rollout,2,c_55_v_(video_1729.mp4)_f_1915.jpg,c_55,0.0,0,0.047944,0.087253,0.087173
ViT-B/16,grad-cam,2,c_60_v_(video_1945.mp4)_f_1392.jpg,c_60,0.219792,1,0.304519,0.272262,0.256876
ViT-B/16,rollout,2,c_60_v_(video_1945.mp4)_f_1392.jpg,c_60,0.112324,0,0.262319,0.175741,0.256876
ViT-B/16,grad-cam,2,c_60_v_(video_1945.mp4)_f_366.jpg,c_60,0.034006,0,0.061398,0.152503,0.091717
ViT-B/16,rollout,2,c_60_v_(video_1945.mp4)_f_366.jpg,c_60,0.202213,1,0.142167,0.05118,0.091717
ViT-B/16,grad-cam,2,c_60_v_(video_1945.mp4)_f_52.jpg,c_60,0.078135,0,0.210029,0.11932,0.209303
ViT-B/16,rollout,2,c_60_v_(video_1945.mp4)_f_52.jpg,c_60,0.033691,1,0.19084,0.053631,0.209303
ViT-B/16,grad-cam,2,c_60_v_(video_1946.mp4)_f_1754.jpg,c_60,0.006304,0,0.011903,0.141741,0.010961
ViT-B/16,rollout,2,c_60_v_(video_1946.mp4)_f_1754.jpg,c_60,0.002613,0,0.009846,0.187899,0.010961
ViT-B/16,grad-cam,2,c_60_v_(video_1946.mp4)_f_792.jpg,c_60,0.014785,0,0.007259,0.196807,0.00291
ViT-B/16,rollout,2,c_60_v_(video_1946.mp4)_f_792.jpg,c_60,0.0,0,0.001641,0.067283,0.00291
ViT-B/16,grad-cam,2,c_60_v_(video_1946.mp4)_f_963.jpg,c_60,0.0,0,0.002023,0.209682,0.001913
ViT-B/16,rollout,2,c_60_v_(video_1946.mp4)_f_963.jpg,c_60,0.0,0,0.00157,0.113999,0.001913
ViT-B/16,grad-cam,2,c_65_v_(video_2087.mp4)_f_1648.jpg,c_65,0.071304,0,0.048841,0.065709,0.01993
ViT-B/16,rollout,2,c_65_v_(video_2087.mp4)_f_1648.jpg,c_65,0.0,0,0.016181,0.09367,0.01993
ViT-B/16,grad-cam,2,c_65_v_(video_2087.mp4)_f_1816.jpg,c_65,0.036096,1,0.410018,0.004943,0.134068
ViT-B/16,rollout,2,c_65_v_(video_2087.mp4)_f_1816.jpg,c_65,0.01457,0,0.121859,0.0852,0.134068
ViT-B/16,grad-cam,2,c_65_v_(video_2087.mp4)_f_2155.jpg,c_65,0.001949,0,0.06174,0.014549,0.026427
ViT-B/16,rollout,2,c_65_v_(video_2087.mp4)_f_2155.jpg,c_65,0.0,0,0.015693,0.038664,0.026427
ViT-B/16,grad-cam,2,c_65_v_(video_2087.mp4)_f_2161.jpg,c_65,0.0,0,0.0,0.003866,0.043407
ViT-B/16,rollout,2,c_65_v_(video_2087.mp4)_f_2161.jpg,c_65,0.0,0,0.020995,0.080018,0.043407
ViT-B/16,grad-cam,2,c_65_v_(video_2087.mp4)_f_274.jpg,c_65,0.01449,0,0.210644,0.040119,0.26128
ViT-B/16,rollout,2,c_65_v_(video_2087.mp4)_f_274.jpg,c_65,0.056806,0,0.210242,0.117646,0.26128
ViT-B/16,grad-cam,2,c_65_v_(video_2087.mp4)_f_278.jpg,c_65,0.012937,0,0.01861,0.025311,0.005899
ViT-B/16,rollout,2,c_65_v_(video_2087.mp4)_f_278.jpg,c_65,0.0,0,0.003661,0.131896,0.005899
ViT-B/16,grad-cam,2,c_65_v_(video_2087.mp4)_f_66.jpg,c_65,0.021563,0,0.028213,0.078663,0.031808
ViT-B/16,rollout,2,c_65_v_(video_2087.mp4)_f_66.jpg,c_65,0.0,0,0.021772,0.083048,0.031808
ViT-B/16,grad-cam,2,c_65_v_(video_2087.mp4)_f_714.jpg,c_65,0.0,0,0.159718,0.004803,0.446429
ViT-B/16,rollout,2,c_65_v_(video_2087.mp4)_f_714.jpg,c_65,0.184313,1,0.44002,0.173768,0.446429
ViT-B/16,grad-cam,2,c_65_v_(video_2087.mp4)_f_918.jpg,c_65,0.0,0,0.04481,0.010762,0.027603
ViT-B/16,rollout,2,c_65_v_(video_2087.mp4)_f_918.jpg,c_65,0.0,0,0.025318,0.081653,0.027603
ViT-B/16,grad-cam,2,c_70_v_(video_2176.mp4)_f_221.jpg,c_70,0.0,0,0.000779,0.012974,0.021664
ViT-B/16,rollout,2,c_70_v_(video_2176.mp4)_f_221.jpg,c_70,0.0,0,0.018815,0.042989,0.021664
ViT-B/16,grad-cam,2,c_70_v_(video_2176.mp4)_f_308.jpg,c_70,0.095098,0,0.099034,0.146903,0.061484
ViT-B/16,rollout,2,c_70_v_(video_2176.mp4)_f_308.jpg,c_70,0.0,0,0.055816,0.064872,0.061484
ViT-B/16,grad-cam,2,c_70_v_(video_2176.mp4)_f_502.jpg,c_70,0.0,0,0.0,0.007175,0.009786
ViT-B/16,rollout,2,c_70_v_(video_2176.mp4)_f_502.jpg,c_70,0.0,0,0.010222,0.053312,0.009786
ViT-B/16,grad-cam,2,c_70_v_(video_2178.mp4)_f_769.jpg,c_70,0.0,0,0.0,0.014629,0.005959
ViT-B/16,rollout,2,c_70_v_(video_2178.mp4)_f_769.jpg,c_70,0.0,0,0.002571,0.126355,0.005959
ViT-B/16,grad-cam,2,c_85_v_(video_2607.mp4)_f_284.jpg,c_85,0.017441,0,0.204139,0.009028,0.108398
ViT-B/16,rollout,2,c_85_v_(video_2607.mp4)_f_284.jpg,c_85,0.029691,0,0.112219,0.153559,0.108398
ViT-B/16,grad-cam,2,c_85_v_(video_2607.mp4)_f_733.jpg,c_85,0.04589,0,0.070565,0.43471,0.080377
ViT-B/16,rollout,2,c_85_v_(video_2607.mp4)_f_733.jpg,c_85,0.000934,0,0.069406,0.069077,0.080377
ViT-B/16,grad-cam,2,c_88_v_(video_2665.mp4)_f_2058.jpg,c_88,0.016708,0,0.007127,0.120217,0.002272
ViT-B/16,rollout,2,c_88_v_(video_2665.mp4)_f_2058.jpg,c_88,0.0,0,0.001307,0.251116,0.002272
ViT-B/16,grad-cam,2,c_88_v_(video_2665.mp4)_f_485.jpg,c_88,0.00035,0,0.065644,0.012974,0.101104
ViT-B/16,rollout,2,c_88_v_(video_2665.mp4)_f_485.jpg,c_88,0.000428,0,0.075823,0.224968,0.101104
ViT-B/16,grad-cam,3,c_105_v_(video_3214.mp4)_f_2954.jpg,c_105,0.019122,0,0.034881,0.137855,0.044842
ViT-B/16,rollout,3,c_105_v_(video_3214.mp4)_f_2954.jpg,c_105,0.06805,1,0.063874,0.087472,0.044842
ViT-B/16,grad-cam,3,c_117_v_(video_3530.mp4)_f_811.jpg,c_117,0.01771,0,0.060307,0.281688,0.073342
ViT-B/16,rollout,3,c_117_v_(video_3530.mp4)_f_811.jpg,c_117,0.0,0,0.051492,0.071947,0.073342
ViT-B/16,grad-cam,3,c_117_v_(video_3533.mp4)_f_195.jpg,c_117,0.084966,0,0.069389,0.618762,0.063277
ViT-B/16,rollout,3,c_117_v_(video_3533.mp4)_f_195.jpg,c_117,0.0,0,0.045658,0.029656,0.063277
ViT-B/16,grad-cam,3,c_120_v_(video_3598.mp4)_f_713.jpg,c_120,0.0,0,0.00048,0.037528,0.026646
ViT-B/16,rollout,3,c_120_v_(video_3598.mp4)_f_713.jpg,c_120,0.0,0,0.028179,0.04273,0.026646
ViT-B/16,grad-cam,3,c_120_v_(video_3599.mp4)_f_39.jpg,c_120,0.099686,0,0.135355,0.319535,0.120835
ViT-B/16,rollout,3,c_120_v_(video_3599.mp4)_f_39.jpg,c_120,0.0,0,0.109803,0.024593,0.120835
ViT-B/16,grad-cam,3,c_141_v_(video_4253.mp4)_f_205.jpg,c_141,0.001545,0,0.148282,0.00865,0.146405
ViT-B/16,rollout,3,c_141_v_(video_4253.mp4)_f_205.jpg,c_141,0.033294,0,0.10649,0.181421,0.146405
ViT-B/16,grad-cam,3,c_141_v_(video_4253.mp4)_f_386.jpg,c_141,0.0606,0,0.197948,0.379684,0.250957
ViT-B/16,rollout,3,c_141_v_(video_4253.mp4)_f_386.jpg,c_141,0.001071,0,0.133942,0.121632,0.250957
ViT-B/16,grad-cam,3,c_141_v_(video_4253.mp4)_f_55.jpg,c_141,0.002336,0,0.131718,0.00564,0.421995
ViT-B/16,rollout,3,c_141_v_(video_4253.mp4)_f_55.jpg,c_141,0.017082,0,0.299341,0.057418,0.421995
ViT-B/16,grad-cam,3,c_141_v_(video_4254.mp4)_f_324.jpg,c_141,0.003642,0,0.177092,0.006417,0.312101
ViT-B/16,rollout,3,c_141_v_(video_4254.mp4)_f_324.jpg,c_141,0.066593,1,0.285931,0.131278,0.312101
ViT-B/16,grad-cam,3,c_141_v_(video_4254.mp4)_f_5.jpg,c_141,0.0,0,0.043283,0.008949,0.179448
ViT-B/16,rollout,3,c_141_v_(video_4254.mp4)_f_5.jpg,c_141,0.0,0,0.113349,0.100128,0.179448
ViT-B/16,grad-cam,3,c_141_v_(video_4257.mp4)_f_115.jpg,c_141,0.0,0,0.10237,0.011021,0.30403
ViT-B/16,rollout,3,c_141_v_(video_4257.mp4)_f_115.jpg,c_141,0.01875,0,0.199345,0.1421,0.30403
ViT-B/16,grad-cam,3,c_141_v_(video_4257.mp4)_f_212.jpg,c_141,0.0,0,0.004116,0.016681,0.233279
ViT-B/16,rollout,3,c_141_v_(video_4257.mp4)_f_212.jpg,c_141,0.0,0,0.166001,0.01991,0.233279
ViT-B/16,grad-cam,3,c_141_v_(video_4257.mp4)_f_272.jpg,c_141,0.001566,0,0.095682,0.006936,0.184251
ViT-B/16,rollout,3,c_141_v_(video_4257.mp4)_f_272.jpg,c_141,0.043628,0,0.160311,0.172832,0.184251
ViT-B/16,grad-cam,3,c_141_v_(video_4299.mp4)_f_29.jpg,c_141,0.0,0,0.020675,0.176977,0.026287
ViT-B/16,rollout,3,c_141_v_(video_4299.mp4)_f_29.jpg,c_141,0.0,0,0.028079,0.006019,0.026287
ViT-B/16,grad-cam,3,c_149_v_(video_4479.mp4)_f_1577.jpg,c_149,0.0,0,0.00753,0.239118,0.013353
ViT-B/16,rollout,3,c_149_v_(video_4479.mp4)_f_1577.jpg,c_149,0.0,0,0.011085,0.068399,0.013353
ViT-B/16,grad-cam,3,c_149_v_(video_4479.mp4)_f_3137.jpg,c_149,0.008397,0,0.023171,0.11655,0.01987
ViT-B/16,rollout,3,c_149_v_(video_4479.mp4)_f_3137.jpg,c_149,0.0,0,0.012945,0.020707,0.01987
ViT-B/16,grad-cam,3,c_14_v_(video_400.mp4)_f_810.jpg,c_14,0.193268,0,0.255309,0.270787,0.218092
ViT-B/16,rollout,3,c_14_v_(video_400.mp4)_f_810.jpg,c_14,0.074193,0,0.22684,0.081134,0.218092
ViT-B/16,grad-cam,3,c_14_v_(video_401.mp4)_f_253.jpg,c_14,0.0,0,0.019388,0.052396,0.027982
ViT-B/16,rollout,3,c_14_v_(video_401.mp4)_f_253.jpg,c_14,0.0,0,0.016601,0.047712,0.027982
ViT-B/16,grad-cam,3,c_14_v_(video_401.mp4)_f_90.jpg,c_14,0.028978,0,0.023535,0.331832,0.015645
ViT-B/16,rollout,3,c_14_v_(video_401.mp4)_f_90.jpg,c_14,0.0,0,0.00883,0.126455,0.015645
ViT-B/16,grad-cam,3,c_14_v_(video_401.mp4)_f_910.jpg,c_14,0.004067,0,0.008744,0.438217,0.009487
ViT-B/16,rollout,3,c_14_v_(video_401.mp4)_f_910.jpg,c_14,0.0,0,0.010451,0.079221,0.009487
ViT-B/16,grad-cam,3,c_14_v_(video_422.mp4)_f_59.jpg,c_14,0.069053,1,0.058773,0.466637,0.037528
ViT-B/16,rollout,3,c_14_v_(video_422.mp4)_f_59.jpg,c_14,0.01798,0,0.046277,0.04823,0.037528
ViT-B/16,grad-cam,3,c_14_v_(video_425.mp4)_f_118.jpg,c_14,0.027312,0,0.020561,0.408004,0.014788
ViT-B/16,rollout,3,c_14_v_(video_425.mp4)_f_118.jpg,c_14,0.0,0,0.012603,0.053551,0.014788
ViT-B/16,grad-cam,3,c_172_v_(video_5281.mp4)_f_1193.jpg,c_172,0.000534,0,0.00426,0.330397,0.0057
ViT-B/16,rollout,3,c_172_v_(video_5281.mp4)_f_1193.jpg,c_172,0.0,0,0.003716,0.169125,0.0057
ViT-B/16,grad-cam,3,c_172_v_(video_5281.mp4)_f_484.jpg,c_172,0.022185,0,0.02305,0.206234,0.024255
ViT-B/16,rollout,3,c_172_v_(video_5281.mp4)_f_484.jpg,c_172,0.0,0,0.017146,0.096082,0.024255
ViT-B/16,grad-cam,3,c_19_v_(video_507.mp4)_f_2389.jpg,c_19,0.014482,0,0.02694,0.118762,0.037608
ViT-B/16,rollout,3,c_19_v_(video_507.mp4)_f_2389.jpg,c_19,0.0,0,0.01845,0.109335,0.037608
ViT-B/16,grad-cam,3,c_22_v_(video_631.mp4)_f_25.jpg,c_22,0.046554,0,0.035256,0.185407,0.01979
ViT-B/16,rollout,3,c_22_v_(video_631.mp4)_f_25.jpg,c_22,0.0,0,0.007318,0.02571,0.01979
ViT-B/16,grad-cam,3,c_22_v_(video_631.mp4)_f_358.jpg,c_22,0.0,0,0.0,0.008371,0.006736
ViT-B/16,rollout,3,c_22_v_(video_631.mp4)_f_358.jpg,c_22,0.0,0,0.003813,0.018096,0.006736
ViT-B/16,grad-cam,3,c_22_v_(video_631.mp4)_f_706.jpg,c_22,0.0,0,0.000173,0.01136,0.032765
ViT-B/16,rollout,3,c_22_v_(video_631.mp4)_f_706.jpg,c_22,0.0,0,0.013965,0.046138,0.032765
ViT-B/16,grad-cam,3,c_22_v_(video_632.mp4)_f_228.jpg,c_22,0.034524,0,0.026289,0.176399,0.014708
ViT-B/16,rollout,3,c_22_v_(video_632.mp4)_f_228.jpg,c_22,0.0,0,0.007254,0.138074,0.014708
ViT-B/16,grad-cam,3,c_22_v_(video_632.mp4)_f_2825.jpg,c_22,0.003553,0,0.026132,0.113879,0.032486
ViT-B/16,rollout,3,c_22_v_(video_632.mp4)_f_2825.jpg,c_22,0.0,0,0.020078,0.03976,0.032486
ViT-B/16,grad-cam,3,c_22_v_(video_634.mp4)_f_22.jpg,c_22,0.0,0,0.0,0.01126,0.039222
ViT-B/16,rollout,3,c_22_v_(video_634.mp4)_f_22.jpg,c_22,0.0,0,0.039398,0.023119,0.039222
ViT-B/16,grad-cam,3,c_27_v_(video_829.mp4)_f_0.jpg,c_27,0.0,0,0.0,0.020508,0.300084
ViT-B/16,rollout,3,c_27_v_(video_829.mp4)_f_0.jpg,c_27,0.055779,1,0.239515,0.08243,0.300084
ViT-B/16,grad-cam,3,c_32_v_(video_1044.mp4)_f_1545.jpg,c_32,0.106379,0,0.079632,0.317522,0.046456
ViT-B/16,rollout,3,c_32_v_(video_1044.mp4)_f_1545.jpg,c_32,0.0,0,0.023919,0.077148,0.046456
ViT-B/16,grad-cam,3,c_39_v_(video_1263.mp4)_f_1769.jpg,c_39,0.0,0,0.022384,0.063397,0.04841
ViT-B/16,rollout,3,c_39_v_(video_1263.mp4)_f_1769.jpg,c_39,0.0,0,0.039628,0.104931,0.04841
ViT-B/16,grad-cam,3,c_39_v_(video_1263.mp4)_f_481.jpg,c_39,0.10428,0,0.145006,0.444336,0.176778
ViT-B/16,rollout,3,c_39_v_(video_1263.mp4)_f_481.jpg,c_39,0.164374,1,0.272625,0.029058,0.176778
ViT-B/16,grad-cam,3,c_40_v_(video_1275.mp4)_f_184.jpg,c_40,0.304379,0,0.438264,0.302834,0.353177
ViT-B/16,rollout,3,c_40_v_(video_1275.mp4)_f_184.jpg,c_40,0.0,0,0.310718,0.059451,0.353177
ViT-B/16,grad-cam,3,c_40_v_(video_1277.mp4)_f_411.jpg,c_40,0.068408,0,0.108069,0.243563,0.103815
ViT-B/16,rollout,3,c_40_v_(video_1277.mp4)_f_411.jpg,c_40,0.012539,0,0.114189,0.037807,0.103815
ViT-B/16,grad-cam,3,c_40_v_(video_1281.mp4)_f_262.jpg,c_40,0.056249,0,0.063134,0.355867,0.05393
ViT-B/16,rollout,3,c_40_v_(video_1281.mp4)_f_262.jpg,c_40,0.132578,0,0.078217,0.13931,0.05393
ViT-B/16,grad-cam,3,c_40_v_(video_1286.mp4)_f_126.jpg,c_40,0.030266,0,0.026598,0.132394,0.036531
ViT-B/16,rollout,3,c_40_v_(video_1286.mp4)_f_126.jpg,c_40,0.0,0,0.030214,0.052655,0.036531
ViT-B/16,grad-cam,3,c_40_v_(video_1286.mp4)_f_775.jpg,c_40,0.033361,0,0.031853,0.388891,0.025949
ViT-B/16,rollout,3,c_40_v_(video_1286.mp4)_f_775.jpg,c_40,0.0,0,0.026144,0.092554,0.025949
ViT-B/16,grad-cam,3,c_40_v_(video_1288.mp4)_f_17.jpg,c_40,0.020272,0,0.013331,0.329321,0.006696
ViT-B/16,rollout,3,c_40_v_(video_1288.mp4)_f_17.jpg,c_40,0.0,0,0.003129,0.061404,0.006696
ViT-B/16,grad-cam,3,c_41_v_(video_1297.mp4)_f_140.jpg,c_41,0.059168,0,0.086818,0.263373,0.083048
ViT-B/16,rollout,3,c_41_v_(video_1297.mp4)_f_140.jpg,c_41,0.0,0,0.060169,0.050781,0.083048
ViT-B/16,grad-cam,3,c_41_v_(video_1297.mp4)_f_500.jpg,c_41,0.018541,0,0.031905,0.200873,0.032326
ViT-B/16,rollout,3,c_41_v_(video_1297.mp4)_f_500.jpg,c_41,0.000225,0,0.030694,0.145189,0.032326
ViT-B/16,grad-cam,3,c_41_v_(video_1297.mp4)_f_826.jpg,c_41,0.029281,0,0.022128,0.317801,0.017777
ViT-B/16,rollout,3,c_41_v_(video_1297.mp4)_f_826.jpg,c_41,0.001893,0,0.015596,0.077148,0.017777
ViT-B/16,grad-cam,3,c_44_v_(video_1373.mp4)_f_1199.jpg,c_44,0.006665,0,0.006949,0.217176,0.00558
ViT-B/16,rollout,3,c_44_v_(video_1373.mp4)_f_1199.jpg,c_44,0.0,0,0.004067,0.08227,0.00558
ViT-B/16,grad-cam,3,c_44_v_(video_1373.mp4)_f_201.jpg,c_44,0.025387,0,0.051758,0.473334,0.055525
ViT-B/16,rollout,3,c_44_v_(video_1373.mp4)_f_201.jpg,c_44,0.002302,0,0.079773,0.013891,0.055525
ViT-B/16,grad-cam,3,c_44_v_(video_1373.mp4)_f_211.jpg,c_44,0.009694,0,0.008747,0.762715,0.007394
ViT-B/16,rollout,3,c_44_v_(video_1373.mp4)_f_211.jpg,c_44,0.0,0,0.006132,0.021524,0.007394
ViT-B/16,grad-cam,3,c_44_v_(video_1373.mp4)_f_215.jpg,c_44,0.011126,0,0.023026,0.390226,0.02272
ViT-B/16,rollout,3,c_44_v_(video_1373.mp4)_f_215.jpg,c_44,0.0,0,0.027193,0.015924,0.02272
ViT-B/16,grad-cam,3,c_44_v_(video_1373.mp4)_f_903.jpg,c_44,0.134259,1,0.150426,0.71871,0.155313
ViT-B/16,rollout,3,c_44_v_(video_1373.mp4)_f_903.jpg,c_44,0.0,0,0.092414,0.027563,0.155313
ViT-B/16,grad-cam,3,c_44_v_(video_1377.mp4)_f_212.jpg,c_44,0.0,0,0.010107,0.09361,0.054727
ViT-B/16,rollout,3,c_44_v_(video_1377.mp4)_f_212.jpg,c_44,0.0,0,0.028067,0.026646,0.054727
ViT-B/16,grad-cam,3,c_48_v_(video_1525.mp4)_f_685.jpg,c_48,0.111988,0,0.160175,0.474928,0.193359
ViT-B/16,rollout,3,c_48_v_(video_1525.mp4)_f_685.jpg,c_48,0.056242,0,0.197042,0.094467,0.193359
ViT-B/16,grad-cam,3,c_48_v_(video_1525.mp4)_f_759.jpg,c_48,0.026671,1,0.032239,0.586396,0.035794
ViT-B/16,rollout,3,c_48_v_(video_1525.mp4)_f_759.jpg,c_48,0.016781,0,0.044683,0.043905,0.035794
ViT-B/16,grad-cam,3,c_58_v_(video_1853.mp4)_f_1061.jpg,c_58,0.014628,1,0.630584,0.010862,0.5739
ViT-B/16,rollout,3,c_58_v_(video_1853.mp4)_f_1061.jpg,c_58,0.039424,0,0.429142,0.085539,0.5739
ViT-B/16,grad-cam,3,c_58_v_(video_1853.mp4)_f_109.jpg,c_58,0.000673,0,0.131039,0.015964,0.546755
ViT-B/16,rollout,3,c_58_v_(video_1853.mp4)_f_109.jpg,c_58,0.015857,1,0.506253,0.013752,0.546755
ViT-B/16,grad-cam,3,c_58_v_(video_1853.mp4)_f_510.jpg,c_58,0.09844,0,0.140241,0.255301,0.13632
ViT-B/16,rollout,3,c_58_v_(video_1853.mp4)_f_510.jpg,c_58,0.00511,0,0.133787,0.051838,0.13632
ViT-B/16,grad-cam,3,c_58_v_(video_1853.mp4)_f_586.jpg,c_58,0.088661,0,0.089363,0.081613,0.041235
ViT-B/16,rollout,3,c_58_v_(video_1853.mp4)_f_586.jpg,c_58,0.0,0,0.027441,0.024454,0.041235
ViT-B/16,grad-cam,3,c_58_v_(video_1875.mp4)_f_281.jpg,c_58,0.325689,0,0.30624,0.564692,0.248724
ViT-B/16,rollout,3,c_58_v_(video_1875.mp4)_f_281.jpg,c_58,0.010029,0,0.249508,0.042311,0.248724
ViT-B/16,grad-cam,3,c_62_v_(video_2045.mp4)_f_363.jpg,c_62,0.029712,0,0.048677,0.304169,0.059829
ViT-B/16,rollout,3,c_62_v_(video_2045.mp4)_f_363.jpg,c_62,0.0,0,0.053394,0.032266,0.059829
ViT-B/16,grad-cam,3,c_62_v_(video_2045.mp4)_f_379.jpg,c_62,0.040852,0,0.138834,0.208287,0.187281
ViT-B/16,rollout,3,c_62_v_(video_2045.mp4)_f_379.jpg,c_62,0.008389,0,0.184496,0.102599,0.187281
ViT-B/16,grad-cam,3,c_62_v_(video_2045.mp4)_f_846.jpg,c_62,0.121698,0,0.217606,0.245037,0.205198
ViT-B/16,rollout,3,c_62_v_(video_2045.mp4)_f_846.jpg,c_62,0.00286,0,0.163397,0.151248,0.205198
ViT-B/16,grad-cam,3,c_62_v_(video_2046.mp4)_f_357.jpg,c_62,0.042198,0,0.094803,0.14501,0.101104
ViT-B/16,rollout,3,c_62_v_(video_2046.mp4)_f_357.jpg,c_62,0.019474,0,0.086453,0.194157,0.101104
ViT-B/16,grad-cam,3,c_62_v_(video_2056.mp4)_f_312.jpg,c_62,0.117831,0,0.151111,0.145687,0.117307
ViT-B/16,rollout,3,c_62_v_(video_2056.mp4)_f_312.jpg,c_62,0.0,0,0.053225,0.094507,0.117307
ViT-B/16,grad-cam,3,c_62_v_(video_2056.mp4)_f_56.jpg,c_62,0.046086,0,0.079956,0.222856,0.086117
ViT-B/16,rollout,3,c_62_v_(video_2056.mp4)_f_56.jpg,c_62,0.0,0,0.053172,0.095344,0.086117
ViT-B/16,grad-cam,3,c_62_v_(video_2057.mp4)_f_53.jpg,c_62,0.112146,0,0.119343,0.397501,0.109255
ViT-B/16,rollout,3,c_62_v_(video_2057.mp4)_f_53.jpg,c_62,0.0,0,0.062765,0.072106,0.109255
ViT-B/16,grad-cam,3,c_69_v_(video_2170.mp4)_f_711.jpg,c_69,0.022104,0,0.014905,0.22447,0.008689
ViT-B/16,rollout,3,c_69_v_(video_2170.mp4)_f_711.jpg,c_69,0.000383,0,0.009628,0.147401,0.008689
ViT-B/16,grad-cam,3,c_69_v_(video_2171.mp4)_f_40.jpg,c_69,0.001402,0,0.003751,0.430624,0.010762
ViT-B/16,rollout,3,c_69_v_(video_2171.mp4)_f_40.jpg,c_69,0.0,0,0.0071,0.060447,0.010762
ViT-B/16,grad-cam,3,c_72_v_(video_2199.mp4)_f_0.jpg,c_72,0.038662,0,0.030997,0.179747,0.018355
ViT-B/16,rollout,3,c_72_v_(video_2199.mp4)_f_0.jpg,c_72,0.0,0,0.016685,0.118583,0.018355
ViT-B/16,grad-cam,3,c_77_v_(video_2376.mp4)_f_578.jpg,c_77,0.035397,0,0.037062,0.618184,0.039979
ViT-B/16,rollout,3,c_77_v_(video_2376.mp4)_f_578.jpg,c_77,0.004539,0,0.056675,0.039421,0.039979
ViT-B/16,grad-cam,3,c_77_v_(video_2376.mp4)_f_817.jpg,c_77,0.0,0,0.003039,0.369539,0.009028
ViT-B/16,rollout,3,c_77_v_(video_2376.mp4)_f_817.jpg,c_77,0.0,0,0.006047,0.009327,0.009028
ViT-B/16,grad-cam,3,c_77_v_(video_2376.mp4)_f_938.jpg,c_77,0.044734,0,0.047337,0.457131,0.044623
ViT-B/16,rollout,3,c_77_v_(video_2376.mp4)_f_938.jpg,c_77,0.0,0,0.026137,0.010682,0.044623
ViT-B/16,grad-cam,3,c_77_v_(video_2383.mp4)_f_171.jpg,c_77,0.004134,0,0.018572,0.296716,0.032486
ViT-B/16,rollout,3,c_77_v_(video_2383.mp4)_f_171.jpg,c_77,0.0,0,0.027056,0.111388,0.032486
ViT-B/16,grad-cam,3,c_77_v_(video_2383.mp4)_f_54.jpg,c_77,0.03211,0,0.038608,0.577746,0.037867
ViT-B/16,rollout,3,c_77_v_(video_2383.mp4)_f_54.jpg,c_77,0.0,0,0.033704,0.066127,0.037867
ViT-B/16,grad-cam,3,c_87_v_(video_2641.mp4)_f_163.jpg,c_87,0.0,0,0.0,0.011579,0.055285
ViT-B/16,rollout,3,c_87_v_(video_2641.mp4)_f_163.jpg,c_87,0.0,0,0.039777,0.031469,0.055285
ViT-B/16,grad-cam,3,c_87_v_(video_2662.mp4)_f_143.jpg,c_87,0.025941,0,0.025781,0.303053,0.021684
ViT-B/16,rollout,3,c_87_v_(video_2662.mp4)_f_143.jpg,c_87,0.0,0,0.011197,0.019252,0.021684
ViT-B/16,grad-cam,3,c_97_v_(video_2912.mp4)_f_71.jpg,c_97,0.127578,0,0.15875,0.210021,0.137516
ViT-B/16,rollout,3,c_97_v_(video_2912.mp4)_f_71.jpg,c_97,0.062349,0,0.15476,0.064194,0.137516
ViT-B/16,grad-cam,3,c_97_v_(video_2915.mp4)_f_114.jpg,c_97,0.0,0,0.000418,0.013313,0.029676
ViT-B/16,rollout,3,c_97_v_(video_2915.mp4)_f_114.jpg,c_97,0.0,0,0.035359,0.018874,0.029676
ViT-B/16,grad-cam,3,c_97_v_(video_2915.mp4)_f_16.jpg,c_97,0.020438,0,0.018439,0.207888,0.012018
ViT-B/16,rollout,3,c_97_v_(video_2915.mp4)_f_16.jpg,c_97,0.0,0,0.008447,0.0283,0.012018
ViT-B/16,grad-cam,4,c_108_v_(video_3312.mp4)_f_619.jpg,c_108,0.048769,0,0.020254,0.12221,0.010224
ViT-B/16,rollout,4,c_108_v_(video_3312.mp4)_f_619.jpg,c_108,0.0,0,0.010315,0.057737,0.010224
ViT-B/16,grad-cam,4,c_13_v_(video_391.mp4)_f_226.jpg,c_13,0.012858,0,0.012464,0.16205,0.010643
ViT-B/16,rollout,4,c_13_v_(video_391.mp4)_f_226.jpg,c_13,0.0,0,0.002824,0.100865,0.010643
ViT-B/16,grad-cam,4,c_146_v_(video_4410.mp4)_f_2066.jpg,c_146,0.00119,0,0.014925,0.029496,0.037588
ViT-B/16,rollout,4,c_146_v_(video_4410.mp4)_f_2066.jpg,c_146,0.030919,0,0.041489,0.251475,0.037588
ViT-B/16,grad-cam,4,c_146_v_(video_4410.mp4)_f_740.jpg,c_146,0.001325,0,0.019682,0.225028,0.061065
ViT-B/16,rollout,4,c_146_v_(video_4410.mp4)_f_740.jpg,c_146,0.0,0,0.041004,0.041075,0.061065
ViT-B/16,grad-cam,4,c_146_v_(video_4412.mp4)_f_43.jpg,c_146,0.008103,0,0.010083,0.216717,0.008929
ViT-B/16,rollout,4,c_146_v_(video_4412.mp4)_f_43.jpg,c_146,0.0,0,0.005364,0.060288,0.008929
ViT-B/16,grad-cam,4,c_157_v_(video_4727.mp4)_f_0.jpg,c_157,0.02613,0,0.069275,0.121871,0.077706
ViT-B/16,rollout,4,c_157_v_(video_4727.mp4)_f_0.jpg,c_157,0.0,0,0.066946,0.01993,0.077706
ViT-B/16,grad-cam,4,c_162_v_(video_4957.mp4)_f_230.jpg,c_162,0.007126,0,0.020943,0.155134,0.025132
ViT-B/16,rollout,4,c_162_v_(video_4957.mp4)_f_230.jpg,c_162,0.0,0,0.020623,0.046357,0.025132
ViT-B/16,grad-cam,4,c_174_v_(video_5312.mp4)_f_1125.jpg,c_174,0.000116,0,0.005126,0.160595,0.010762
ViT-B/16,rollout,4,c_174_v_(video_5312.mp4)_f_1125.jpg,c_174,0.0,0,0.006889,0.00865,0.010762
ViT-B/16,grad-cam,4,c_174_v_(video_5312.mp4)_f_1319.jpg,c_174,0.0,0,0.003375,0.192144,0.005461
ViT-B/16,rollout,4,c_174_v_(video_5312.mp4)_f_1319.jpg,c_174,0.0,0,0.002772,0.073621,0.005461
ViT-B/16,grad-cam,4,c_188_v_(video_5701.mp4)_f_226.jpg,c_188,0.077417,0,0.1392,0.193339,0.117586
ViT-B/16,rollout,4,c_188_v_(video_5701.mp4)_f_226.jpg,c_188,0.0,0,0.115659,0.023238,0.117586
ViT-B/16,grad-cam,4,c_1_v_(video_17.mp4)_f_1232.jpg,c_1,0.03556,0,0.061182,0.100068,0.057219
ViT-B/16,rollout,4,c_1_v_(video_17.mp4)_f_1232.jpg,c_1,0.075477,0,0.080315,0.018037,0.057219
ViT-B/16,grad-cam,4,c_1_v_(video_17.mp4)_f_530.jpg,c_1,0.039331,0,0.057981,0.342714,0.058594
ViT-B/16,rollout,4,c_1_v_(video_17.mp4)_f_530.jpg,c_1,0.057453,0,0.069125,0.021006,0.058594
ViT-B/16,grad-cam,4,c_1_v_(video_17.mp4)_f_925.jpg,c_1,0.018041,0,0.025383,0.307219,0.041414
ViT-B/16,rollout,4,c_1_v_(video_17.mp4)_f_925.jpg,c_1,0.035674,0,0.052008,0.031489,0.041414
ViT-B/16,grad-cam,4,c_1_v_(video_7.mp4)_f_1299.jpg,c_1,0.0,0,0.000843,0.29249,0.009387
ViT-B/16,rollout,4,c_1_v_(video_7.mp4)_f_1299.jpg,c_1,0.07,0,0.026581,0.037528,0.009387
ViT-B/16,grad-cam,4,c_1_v_(video_7.mp4)_f_36.jpg,c_1,0.000254,0,0.010705,0.214326,0.021086
ViT-B/16,rollout,4,c_1_v_(video_7.mp4)_f_36.jpg,c_1,0.009577,0,0.02991,0.069256,0.021086
ViT-B/16,grad-cam,4,c_25_v_(video_774.mp4)_f_1246.jpg,c_25,0.048733,0,0.052382,0.296138,0.046118
ViT-B/16,rollout,4,c_25_v_(video_774.mp4)_f_1246.jpg,c_25,0.0,0,0.045044,0.029755,0.046118
ViT-B/16,grad-cam,4,c_25_v_(video_774.mp4)_f_608.jpg,c_25,0.0301,0,0.025239,0.114796,0.026387
ViT-B/16,rollout,4,c_25_v_(video_774.mp4)_f_608.jpg,c_25,0.0,0,0.017588,0.102021,0.026387
ViT-B/16,grad-cam,4,c_25_v_(video_774.mp4)_f_772.jpg,c_25,0.0,0,0.001693,0.21865,0.0114
ViT-B/16,rollout,4,c_25_v_(video_774.mp4)_f_772.jpg,c_25,0.0,0,0.007176,0.093531,0.0114
ViT-B/16,grad-cam,4,c_25_v_(video_776.mp4)_f_1436.jpg,c_25,0.051623,0,0.073982,0.180664,0.06537
ViT-B/16,rollout,4,c_25_v_(video_776.mp4)_f_1436.jpg,c_25,0.004068,0,0.048642,0.087113,0.06537
ViT-B/16,grad-cam,4,c_25_v_(video_776.mp4)_f_750.jpg,c_25,0.001892,0,0.018558,0.215382,0.027384
ViT-B/16,rollout,4,c_25_v_(video_776.mp4)_f_750.jpg,c_25,0.0,0,0.0146,0.129763,0.027384
ViT-B/16,grad-cam,4,c_25_v_(video_777.mp4)_f_33.jpg,c_25,0.060253,0,0.051515,0.304568,0.044025
ViT-B/16,rollout,4,c_25_v_(video_777.mp4)_f_33.jpg,c_25,0.0,0,0.030071,0.094727,0.044025
ViT-B/16,grad-cam,4,c_3_v_(video_24.mp4)_f_72.jpg,c_3,0.013505,0,0.040614,0.143794,0.040179
ViT-B/16,rollout,4,c_3_v_(video_24.mp4)_f_72.jpg,c_3,0.000194,0,0.037073,0.06238,0.040179
ViT-B/16,grad-cam,4,c_3_v_(video_25.mp4)_f_238.jpg,c_3,0.07687,0,0.115962,0.124701,0.09363
ViT-B/16,rollout,4,c_3_v_(video_25.mp4)_f_238.jpg,c_3,0.073491,0,0.131608,0.072305,0.09363
ViT-B/16,grad-cam,4,c_3_v_(video_25.mp4)_f_249.jpg,c_3,0.01061,0,0.038245,0.114597,0.027782
ViT-B/16,rollout,4,c_3_v_(video_25.mp4)_f_249.jpg,c_3,0.013519,0,0.030418,0.066346,0.027782
ViT-B/16,grad-cam,4,c_3_v_(video_25.mp4)_f_348.jpg,c_3,0.020057,0,0.009514,0.180525,0.003946
ViT-B/16,rollout,4,c_3_v_(video_25.mp4)_f_348.jpg,c_3,0.029821,0,0.009509,0.088967,0.003946
ViT-B/16,grad-cam,4,c_3_v_(video_27.mp4)_f_163.jpg,c_3,0.055031,0,0.035211,0.073262,0.015765
ViT-B/16,rollout,4,c_3_v_(video_27.mp4)_f_163.jpg,c_3,0.0,0,0.011097,0.068638,0.015765
ViT-B/16,grad-cam,4,c_3_v_(video_27.mp4)_f_338.jpg,c_3,0.035808,0,0.029679,0.118921,0.014828
ViT-B/16,rollout,4,c_3_v_(video_27.mp4)_f_338.jpg,c_3,0.0,0,0.006913,0.071967,0.014828
ViT-B/16,grad-cam,4,c_3_v_(video_27.mp4)_f_501.jpg,c_3,0.057172,1,0.13196,0.14487,0.121572
ViT-B/16,rollout,4,c_3_v_(video_27.mp4)_f_501.jpg,c_3,0.0,0,0.09617,0.023756,0.121572
ViT-B/16,grad-cam,4,c_3_v_(video_29.mp4)_f_287.jpg,c_3,0.135284,0,0.152237,0.466936,0.136161
ViT-B/16,rollout,4,c_3_v_(video_29.mp4)_f_287.jpg,c_3,0.058259,0,0.131771,0.074896,0.136161
ViT-B/16,grad-cam,4,c_3_v_(video_29.mp4)_f_443.jpg,c_3,0.16851,0,0.117224,0.354891,0.089425
ViT-B/16,rollout,4,c_3_v_(video_29.mp4)_f_443.jpg,c_3,0.0,0,0.082697,0.037249,0.089425
ViT-B/16,grad-cam,4,c_3_v_(video_29.mp4)_f_480.jpg,c_3,0.217124,0,0.189418,0.480648,0.12789
ViT-B/16,rollout,4,c_3_v_(video_29.mp4)_f_480.jpg,c_3,0.001978,0,0.109669,0.033642,0.12789
ViT-B/16,grad-cam,4,c_3_v_(video_29.mp4)_f_510.jpg,c_3,0.016776,0,0.050168,0.239577,0.063616
ViT-B/16,rollout,4,c_3_v_(video_29.mp4)_f_510.jpg,c_3,0.0083,0,0.056851,0.057438,0.063616
ViT-B/16,grad-cam,4,c_3_v_(video_29.mp4)_f_627.jpg,c_3,0.033966,0,0.041872,0.270408,0.034758
ViT-B/16,rollout,4,c_3_v_(video_29.mp4)_f_627.jpg,c_3,0.023961,0,0.03093,0.032526,0.034758
ViT-B/16,grad-cam,4,c_46_v_(video_1405.mp4)_f_299.jpg,c_46,0.038229,0,0.035722,0.088389,0.020946
ViT-B/16,rollout,4,c_46_v_(video_1405.mp4)_f_299.jpg,c_46,0.0,0,0.020557,0.12502,0.020946
ViT-B/16,grad-cam,4,c_46_v_(video_1405.mp4)_f_36.jpg,c_46,0.057989,0,0.0803,0.22716,0.091
ViT-B/16,rollout,4,c_46_v_(video_1405.mp4)_f_36.jpg,c_46,0.0,0,0.067918,0.024853,0.091
ViT-B/16,grad-cam,4,c_46_v_(video_1405.mp4)_f_568.jpg,c_46,0.069926,0,0.074467,0.217036,0.060766
ViT-B/16,rollout,4,c_46_v_(video_1405.mp4)_f_568.jpg,c_46,0.0,0,0.033819,0.055564,0.060766
ViT-B/16,grad-cam,4,c_46_v_(video_1406.mp4)_f_108.jpg,c_46,0.020175,0,0.066726,0.077168,0.085081
ViT-B/16,rollout,4,c_46_v_(video_1406.mp4)_f_108.jpg,c_46,0.0,0,0.063311,0.103715,0.085081
ViT-B/16,grad-cam,4,c_46_v_(video_1406.mp4)_f_209.jpg,c_46,0.005009,0,0.006375,0.183275,0.004684
ViT-B/16,rollout,4,c_46_v_(video_1406.mp4)_f_209.jpg,c_46,0.0,0,0.003555,0.121911,0.004684
ViT-B/16,grad-cam,4,c_46_v_(video_1406.mp4)_f_426.jpg,c_46,0.016922,0,0.012826,0.432159,0.009786
ViT-B/16,rollout,4,c_46_v_(video_1406.mp4)_f_426.jpg,c_46,0.0,0,0.00805,0.006298,0.009786
ViT-B/16,grad-cam,4,c_46_v_(video_1406.mp4)_f_81.jpg,c_46,0.043433,0,0.073271,0.18176,0.098812
ViT-B/16,rollout,4,c_46_v_(video_1406.mp4)_f_81.jpg,c_46,0.0,0,0.066744,0.054787,0.098812
ViT-B/16,grad-cam,4,c_4_v_(video_47.mp4)_f_3852.jpg,c_4,0.055607,0,0.069905,0.187859,0.059949
ViT-B/16,rollout,4,c_4_v_(video_47.mp4)_f_3852.jpg,c_4,0.01205,0,0.045724,0.063915,0.059949
ViT-B/16,grad-cam,4,c_4_v_(video_48.mp4)_f_402.jpg,c_4,0.186216,1,0.121727,0.222577,0.046696
ViT-B/16,rollout,4,c_4_v_(video_48.mp4)_f_402.jpg,c_4,0.0,0,0.0402,0.021783,0.046696
ViT-B/16,grad-cam,4,c_57_v_(video_1790.mp4)_f_557.jpg,c_57,0.112237,0,0.181033,0.256796,0.180863
ViT-B/16,rollout,4,c_57_v_(video_1790.mp4)_f_557.jpg,c_57,0.0,0,0.118446,0.024753,0.180863
ViT-B/16,grad-cam,4,c_5_v_(video_62.mp4)_f_681.jpg,c_5,0.185914,1,0.131497,0.294364,0.082828
ViT-B/16,rollout,4,c_5_v_(video_62.mp4)_f_681.jpg,c_5,0.0,0,0.074952,0.077966,0.082828
ViT-B/16,grad-cam,4,c_5_v_(video_64.mp4)_f_712.jpg,c_5,4.2e-05,0,0.006446,0.457828,0.016183
ViT-B/16,rollout,4,c_5_v_(video_64.mp4)_f_712.jpg,c_5,0.0,0,0.022558,0.029875,0.016183
ViT-B/16,grad-cam,4,c_5_v_(video_66.mp4)_f_1754.jpg,c_5,0.030668,0,0.023847,0.376555,0.013931
ViT-B/16,rollout,4,c_5_v_(video_66.mp4)_f_1754.jpg,c_5,0.0,0,0.006222,0.147301,0.013931
ViT-B/16,grad-cam,4,c_5_v_(video_66.mp4)_f_3.jpg,c_5,0.046986,0,0.030779,0.129424,0.018017
ViT-B/16,rollout,4,c_5_v_(video_66.mp4)_f_3.jpg,c_5,0.0,0,0.014545,0.028898,0.018017
ViT-B/16,grad-cam,4,c_6_v_(video_112.mp4)_f_1122.jpg,c_6,0.016535,0,0.024913,0.20468,0.023218
ViT-B/16,rollout,4,c_6_v_(video_112.mp4)_f_1122.jpg,c_6,0.0,0,0.036294,0.010503,0.023218
ViT-B/16,grad-cam,4,c_6_v_(video_112.mp4)_f_120.jpg,c_6,0.020186,0,0.022549,0.166713,0.014589
ViT-B/16,rollout,4,c_6_v_(video_112.mp4)_f_120.jpg,c_6,0.0,0,0.014701,0.01698,0.014589
ViT-B/16,grad-cam,4,c_6_v_(video_112.mp4)_f_174.jpg,c_6,0.004234,0,0.016044,0.18477,0.018495
ViT-B/16,rollout,4,c_6_v_(video_112.mp4)_f_174.jpg,c_6,0.0,0,0.027295,0.012416,0.018495
ViT-B/16,grad-cam,4,c_6_v_(video_112.mp4)_f_709.jpg,c_6,0.0,0,0.01026,0.138433,0.01995
ViT-B/16,rollout,4,c_6_v_(video_112.mp4)_f_709.jpg,c_6,0.0,0,0.013562,0.083207,0.01995
ViT-B/16,grad-cam,4,c_6_v_(video_84.mp4)_f_459.jpg,c_6,0.110477,0,0.062147,0.132055,0.034817
ViT-B/16,rollout,4,c_6_v_(video_84.mp4)_f_459.jpg,c_6,0.0,0,0.029923,0.030772,0.034817
ViT-B/16,grad-cam,4,c_6_v_(video_84.mp4)_f_695.jpg,c_6,0.037893,0,0.027061,0.337113,0.015525
ViT-B/16,rollout,4,c_6_v_(video_84.mp4)_f_695.jpg,c_6,0.0,0,0.0129,0.014529,0.015525
ViT-B/16,grad-cam,4,c_6_v_(video_84.mp4)_f_93.jpg,c_6,0.02333,0,0.058282,0.257573,0.086854
ViT-B/16,rollout,4,c_6_v_(video_84.mp4)_f_93.jpg,c_6,0.0,0,0.078363,0.114736,0.086854
ViT-B/16,grad-cam,4,c_6_v_(video_89.mp4)_f_177.jpg,c_6,0.043381,0,0.037152,0.31262,0.031071
ViT-B/16,rollout,4,c_6_v_(video_89.mp4)_f_177.jpg,c_6,0.0,0,0.017534,0.013233,0.031071
ViT-B/16,grad-cam,4,c_6_v_(video_89.mp4)_f_340.jpg,c_6,0.0,0,0.007996,0.23872,0.008171
ViT-B/16,rollout,4,c_6_v_(video_89.mp4)_f_340.jpg,c_6,0.0,0,0.006582,0.014848,0.008171
ViT-B/16,grad-cam,4,c_6_v_(video_89.mp4)_f_511.jpg,c_6,0.023783,0,0.017862,0.244978,0.015824
ViT-B/16,rollout,4,c_6_v_(video_89.mp4)_f_511.jpg,c_6,0.015893,0,0.019224,0.032585,0.015824
ViT-B/16,grad-cam,4,c_6_v_(video_90.mp4)_f_212.jpg,c_6,0.140677,1,0.088453,0.313875,0.056999
ViT-B/16,rollout,4,c_6_v_(video_90.mp4)_f_212.jpg,c_6,0.021024,0,0.070325,0.032047,0.056999
ViT-B/16,grad-cam,4,c_6_v_(video_90.mp4)_f_684.jpg,c_6,0.03961,1,0.032749,0.587651,0.023836
ViT-B/16,rollout,4,c_6_v_(video_90.mp4)_f_684.jpg,c_6,0.0,0,0.011284,0.171516,0.023836
ViT-B/16,grad-cam,4,c_6_v_(video_95.mp4)_f_173.jpg,c_6,0.003596,0,0.016931,0.365454,0.023856
ViT-B/16,rollout,4,c_6_v_(video_95.mp4)_f_173.jpg,c_6,0.0,0,0.020504,0.058056,0.023856
ViT-B/16,grad-cam,4,c_6_v_(video_95.mp4)_f_226.jpg,c_6,0.035416,0,0.02762,0.411013,0.020747
ViT-B/16,rollout,4,c_6_v_(video_95.mp4)_f_226.jpg,c_6,0.0,0,0.015598,0.043128,0.020747
ViT-B/16,grad-cam,4,c_6_v_(video_96.mp4)_f_84.jpg,c_6,0.055128,0,0.062728,0.379205,0.052595
ViT-B/16,rollout,4,c_6_v_(video_96.mp4)_f_84.jpg,c_6,0.0,0,0.038146,0.053412,0.052595
ViT-B/16,grad-cam,4,c_76_v_(video_2329.mp4)_f_1012.jpg,c_76,0.0,0,0.001731,0.077049,0.016562
ViT-B/16,rollout,4,c_76_v_(video_2329.mp4)_f_1012.jpg,c_76,0.003235,0,0.012474,0.125598,0.016562
ViT-B/16,grad-cam,4,c_76_v_(video_2329.mp4)_f_59.jpg,c_76,0.019521,0,0.041999,0.191865,0.034
ViT-B/16,rollout,4,c_76_v_(video_2329.mp4)_f_59.jpg,c_76,0.001228,0,0.018017,0.063496,0.034
ViT-B/16,grad-cam,4,c_76_v_(video_2330.mp4)_f_161.jpg,c_76,0.050954,0,0.057836,0.102619,0.036731
ViT-B/16,rollout,4,c_76_v_(video_2330.mp4)_f_161.jpg,c_76,0.0,0,0.028207,0.109495,0.036731
ViT-B/16,grad-cam,4,c_76_v_(video_2364.mp4)_f_25.jpg,c_76,0.002374,0,0.016658,0.142279,0.05124
ViT-B/16,rollout,4,c_76_v_(video_2364.mp4)_f_25.jpg,c_76,0.021302,0,0.058629,0.049087,0.05124
ViT-B/16,grad-cam,4,c_92_v_(video_2749.mp4)_f_25.jpg,c_92,0.199929,0,0.458253,0.22146,0.449338
ViT-B/16,rollout,4,c_92_v_(video_2749.mp4)_f_25.jpg,c_92,0.034261,0,0.450978,0.031967,0.449338
ViT-B/16,grad-cam,4,c_92_v_(video_2787.mp4)_f_199.jpg,c_92,0.080907,1,0.064374,0.316725,0.043527
ViT-B/16,rollout,4,c_92_v_(video_2787.mp4)_f_199.jpg,c_92,0.0,0,0.032385,0.013393,0.043527
ViT-B/16,grad-cam,4,c_92_v_(video_2787.mp4)_f_462.jpg,c_92,0.064424,0,0.081839,0.357422,0.080198
ViT-B/16,rollout,4,c_92_v_(video_2787.mp4)_f_462.jpg,c_92,0.0,0,0.052747,0.015067,0.080198
ViT-B/16,grad-cam,4,c_99_v_(video_2998.mp4)_f_256.jpg,c_99,0.0,0,0.017804,0.143435,0.030234
ViT-B/16,rollout,4,c_99_v_(video_2998.mp4)_f_256.jpg,c_99,0.0,0,0.027814,0.058115,0.030234
ViT-B/16,grad-cam,4,c_99_v_(video_2998.mp4)_f_73.jpg,c_99,0.018936,0,0.032833,0.131238,0.027483
ViT-B/16,rollout,4,c_99_v_(video_2998.mp4)_f_73.jpg,c_99,0.0,0,0.022966,0.090641,0.027483
ViT-B/16,grad-cam,4,c_99_v_(video_3000.mp4)_f_51.jpg,c_99,0.033114,0,0.034294,0.106844,0.021245
ViT-B/16,rollout,4,c_99_v_(video_3000.mp4)_f_51.jpg,c_99,0.0,0,0.017481,0.027085,0.021245
ViT-B/16,grad-cam,4,c_99_v_(video_3006.mp4)_f_102.jpg,c_99,0.048039,0,0.04748,0.155572,0.034
ViT-B/16,rollout,4,c_99_v_(video_3006.mp4)_f_102.jpg,c_99,0.0,0,0.02462,0.077567,0.034
ViT-B/16,grad-cam,4,c_99_v_(video_3041.mp4)_f_0.jpg,c_99,0.09249,0,0.078651,0.132633,0.051459
ViT-B/16,rollout,4,c_99_v_(video_3041.mp4)_f_0.jpg,c_99,0.0,0,0.034653,0.026646,0.051459
ViT-B/16,grad-cam,4,c_9_v_(video_168.mp4)_f_1146.jpg,c_9,0.0,0,0.015537,0.03117,0.020029
ViT-B/16,rollout,4,c_9_v_(video_168.mp4)_f_1146.jpg,c_9,0.0,0,0.01872,0.063696,0.020029
ViT-B/16,grad-cam,4,c_9_v_(video_168.mp4)_f_2210.jpg,c_9,0.003776,0,0.01959,0.158163,0.027264
ViT-B/16,rollout,4,c_9_v_(video_168.mp4)_f_2210.jpg,c_9,0.0,0,0.017701,0.041414,0.027264
ViT-B/16,grad-cam,4,c_9_v_(video_168.mp4)_f_515.jpg,c_9,0.0,0,0.002617,0.188257,0.007294
ViT-B/16,rollout,4,c_9_v_(video_168.mp4)_f_515.jpg,c_9,0.0,0,0.006829,0.072286,0.007294
ViT-B/16,grad-cam,4,c_9_v_(video_168.mp4)_f_517.jpg,c_9,0.0,0,0.002825,0.192801,0.00847
ViT-B/16,rollout,4,c_9_v_(video_168.mp4)_f_517.jpg,c_9,0.0,0,0.008186,0.068519,0.00847
ViT-B/16,grad-cam,4,c_9_v_(video_168.mp4)_f_670.jpg,c_9,0.0,0,0.011003,0.140206,0.009586
ViT-B/16,rollout,4,c_9_v_(video_168.mp4)_f_670.jpg,c_9,0.0,0,0.008184,0.049147,0.009586
ViT-B/16,grad-cam,4,c_9_v_(video_169.mp4)_f_79.jpg,c_9,0.039548,0,0.025753,0.121193,0.014489
ViT-B/16,rollout,4,c_9_v_(video_169.mp4)_f_79.jpg,c_9,0.0,0,0.007766,0.148119,0.014489
ViT-B/16,grad-cam,4,c_9_v_(video_170.mp4)_f_111.jpg,c_9,0.016233,0,0.017885,0.142937,0.01427
ViT-B/16,rollout,4,c_9_v_(video_170.mp4)_f_111.jpg,c_9,0.0,0,0.011581,0.06826,0.01427
ViT-B/16,grad-cam,4,c_9_v_(video_172.mp4)_f_0.jpg,c_9,0.050446,0,0.024409,0.159379,0.009526
ViT-B/16,rollout,4,c_9_v_(video_172.mp4)_f_0.jpg,c_9,0.0,0,0.006284,0.13054,0.009526
