model,fold,filename,surgery_id,segment_id,y_true,prob,pred
ResNet50,0,c_121_v_(video_3630.mp4)_f_37.jpg,c_121,c_121,1,0.999724,1
ResNet50,0,c_12_v_(video_364.mp4)_f_253.jpg,c_12,c_12,1,0.999304,1
ResNet50,0,c_12_v_(video_365.mp4)_f_174.jpg,c_12,c_12,1,0.999272,1
ResNet50,0,c_12_v_(video_365.mp4)_f_49.jpg,c_12,c_12,1,0.994470,1
ResNet50,0,c_12_v_(video_368.mp4)_f_167.jpg,c_12,c_12,1,0.985448,1
ResNet50,0,c_12_v_(video_368.mp4)_f_261.jpg,c_12,c_12,1,0.629147,1
ResNet50,0,c_12_v_(video_370.mp4)_f_25.jpg,c_12,c_12,1,0.999211,1
ResNet50,0,c_12_v_(video_370.mp4)_f_67.jpg,c_12,c_12,1,0.999913,1
ResNet50,0,c_135_v_(video_4058.mp4)_f_1.jpg,c_135,c_135,1,0.999264,1
ResNet50,0,c_135_v_(video_4079.mp4)_f_229.jpg,c_135,c_135,1,0.001675,0
ResNet50,0,c_159_v_(video_4770.mp4)_f_4585.jpg,c_159,c_159,1,0.998441,1
ResNet50,0,c_165_v_(video_5033.mp4)_f_19.jpg,c_165,c_165,1,0.995944,1
ResNet50,0,c_165_v_(video_5033.mp4)_f_547.jpg,c_165,c_165,1,0.995167,1
ResNet50,0,c_165_v_(video_5035.mp4)_f_13.jpg,c_165,c_165,1,0.990713,1
ResNet50,0,c_165_v_(video_5037.mp4)_f_1790.jpg,c_165,c_165,1,0.999845,1
ResNet50,0,c_165_v_(video_5038.mp4)_f_161.jpg,c_165,c_165,1,0.999913,1
ResNet50,0,c_165_v_(video_5046.mp4)_f_117.jpg,c_165,c_165,1,0.998522,1
ResNet50,0,c_165_v_(video_5046.mp4)_f_180.jpg,c_165,c_165,1,0.997782,1
ResNet50,0,c_165_v_(video_5046.mp4)_f_962.jpg,c_165,c_165,1,0.999779,1
ResNet50,0,c_169_v_(video_5210.mp4)_f_102.jpg,c_169,c_169,1,0.999468,1
ResNet50,0,c_169_v_(video_5211.mp4)_f_104.jpg,c_169,c_169,1,0.999753,1
ResNet50,0,c_173_v_(video_5306.mp4)_f_20.jpg,c_173,c_173,1,0.067616,0
ResNet50,0,c_173_v_(video_5306.mp4)_f_228.jpg,c_173,c_173,1,0.233492,0
ResNet50,0,c_20_v_(video_539.mp4)_f_16.jpg,c_20,c_20,1,0.512127,1
ResNet50,0,c_20_v_(video_539.mp4)_f_201.jpg,c_20,c_20,1,0.958353,1
ResNet50,0,c_20_v_(video_539.mp4)_f_305.jpg,c_20,c_20,1,0.986883,1
ResNet50,0,c_20_v_(video_539.mp4)_f_560.jpg,c_20,c_20,1,0.998599,1
ResNet50,0,c_20_v_(video_539.mp4)_f_800.jpg,c_20,c_20,1,0.999657,1
ResNet50,0,c_24_v_(video_693.mp4)_f_136.jpg,c_24,c_24,1,0.523151,1
ResNet50,0,c_24_v_(video_693.mp4)_f_1495.jpg,c_24,c_24,1,0.998537,1
ResNet50,0,c_24_v_(video_693.mp4)_f_1606.jpg,c_24,c_24,1,0.999708,1
ResNet50,0,c_24_v_(video_693.mp4)_f_1630.jpg,c_24,c_24,1,0.979170,1
ResNet50,0,c_24_v_(video_693.mp4)_f_1697.jpg,c_24,c_24,1,0.999063,1
ResNet50,0,c_24_v_(video_695.mp4)_f_166.jpg,c_24,c_24,1,0.997787,1
ResNet50,0,c_24_v_(video_704.mp4)_f_198.jpg,c_24,c_24,1,0.997111,1
ResNet50,0,c_295_v_(video_9755.mp4)_f_3595.jpg,c_295,c_295,1,0.996209,1
ResNet50,0,c_33_v_(video_1058.mp4)_f_1034.jpg,c_33,c_33,1,0.994049,1
ResNet50,0,c_33_v_(video_1058.mp4)_f_1254.jpg,c_33,c_33,1,0.999866,1
ResNet50,0,c_33_v_(video_1058.mp4)_f_1427.jpg,c_33,c_33,1,0.998809,1
ResNet50,0,c_34_v_(video_1099.mp4)_f_261.jpg,c_34,c_34,1,0.999172,1
ResNet50,0,c_34_v_(video_1099.mp4)_f_5.jpg,c_34,c_34,1,0.999305,1
ResNet50,0,c_49_v_(video_1561.mp4)_f_1248.jpg,c_49,c_49,1,0.999942,1
ResNet50,0,c_49_v_(video_1561.mp4)_f_1299.jpg,c_49,c_49,1,0.999529,1
ResNet50,0,c_49_v_(video_1561.mp4)_f_141.jpg,c_49,c_49,1,0.999818,1
ResNet50,0,c_49_v_(video_1561.mp4)_f_202.jpg,c_49,c_49,1,0.999092,1
ResNet50,0,c_49_v_(video_1561.mp4)_f_334.jpg,c_49,c_49,1,0.999325,1
ResNet50,0,c_49_v_(video_1561.mp4)_f_411.jpg,c_49,c_49,1,0.999699,1
ResNet50,0,c_50_v_(video_1589.mp4)_f_109.jpg,c_50,c_50,1,0.996065,1
ResNet50,0,c_50_v_(video_1589.mp4)_f_220.jpg,c_50,c_50,1,0.999890,1
ResNet50,0,c_59_v_(video_1898.mp4)_f_1838.jpg,c_59,c_59,1,0.996816,1
ResNet50,0,c_59_v_(video_1898.mp4)_f_47.jpg,c_59,c_59,1,0.902744,1
ResNet50,0,c_59_v_(video_1898.mp4)_f_917.jpg,c_59,c_59,1,0.997529,1
ResNet50,0,c_61_v_(video_1990.mp4)_f_194.jpg,c_61,c_61,1,0.990470,1
ResNet50,0,c_61_v_(video_1991.mp4)_f_140.jpg,c_61,c_61,1,0.999609,1
ResNet50,0,c_61_v_(video_1991.mp4)_f_83.jpg,c_61,c_61,1,0.994752,1
ResNet50,0,c_63_v_(video_2060.mp4)_f_0.jpg,c_63,c_63,1,0.999350,1
ResNet50,0,c_79_v_(video_2401.mp4)_f_210.jpg,c_79,c_79,1,0.999316,1
ResNet50,0,c_79_v_(video_2403.mp4)_f_1001.jpg,c_79,c_79,1,0.999864,1
ResNet50,0,c_79_v_(video_2404.mp4)_f_688.jpg,c_79,c_79,1,0.990194,1
ResNet50,0,c_79_v_(video_2405.mp4)_f_42.jpg,c_79,c_79,1,0.999983,1
ResNet50,0,c_8_v_(video_145.mp4)_f_496.jpg,c_8,c_8,1,0.049183,0
ResNet50,0,c_8_v_(video_146.mp4)_f_298.jpg,c_8,c_8,1,0.999980,1
ResNet50,0,c_8_v_(video_146.mp4)_f_344.jpg,c_8,c_8,1,0.999751,1
ResNet50,0,c_8_v_(video_146.mp4)_f_388.jpg,c_8,c_8,1,0.999960,1
ResNet50,0,c_8_v_(video_147.mp4)_f_11.jpg,c_8,c_8,1,0.999612,1
ResNet50,0,c_8_v_(video_148.mp4)_f_1079.jpg,c_8,c_8,1,0.998515,1
ResNet50,0,c_8_v_(video_148.mp4)_f_164.jpg,c_8,c_8,1,0.978972,1
ResNet50,0,c_8_v_(video_148.mp4)_f_185.jpg,c_8,c_8,1,0.995418,1
ResNet50,0,c_8_v_(video_148.mp4)_f_2515.jpg,c_8,c_8,1,0.999601,1
ResNet50,0,c_8_v_(video_148.mp4)_f_2723.jpg,c_8,c_8,1,0.727263,1
ResNet50,0,c_8_v_(video_148.mp4)_f_973.jpg,c_8,c_8,1,0.093231,0
ResNet50,0,c_8_v_(video_153.mp4)_f_2707.jpg,c_8,c_8,1,0.989448,1
ResNet50,0,c_93_v_(video_2819.mp4)_f_1744.jpg,c_93,c_93,1,0.994144,1
ResNet50,0,c_93_v_(video_2819.mp4)_f_992.jpg,c_93,c_93,1,0.998494,1
ResNet50,0,c_93_v_(video_2824.mp4)_f_0.jpg,c_93,c_93,1,0.999185,1
ResNet50,0,c_93_v_(video_2824.mp4)_f_116.jpg,c_93,c_93,1,0.998421,1
ResNet50,0,c_93_v_(video_2824.mp4)_f_283.jpg,c_93,c_93,1,0.997664,1
ResNet50,0,c_93_v_(video_2824.mp4)_f_383.jpg,c_93,c_93,1,0.995392,1
ResNet50,0,c_93_v_(video_2824.mp4)_f_436.jpg,c_93,c_93,1,0.990809,1
ResNet50,0,c_93_v_(video_2846.mp4)_f_54.jpg,c_93,c_93,1,0.994739,1
ResNet50,0,v_3312_s_0-278__f_15.jpg,v_3312,v_3312_s_0-278,0,0.732558,1
ResNet50,0,v_3312_s_0-278__f_109.jpg,v_3312,v_3312_s_0-278,0,0.823521,1
ResNet50,0,v_3312_s_0-278__f_224.jpg,v_3312,v_3312_s_0-278,0,0.646053,1
ResNet50,0,v_3312_s_0-278__f_210.jpg,v_3312,v_3312_s_0-278,0,0.352292,0
ResNet50,0,v_3312_s_0-278__f_200.jpg,v_3312,v_3312_s_0-278,0,0.146555,0
ResNet50,0,v_3312_s_0-278__f_162.jpg,v_3312,v_3312_s_0-278,0,0.049803,0
ResNet50,0,v_3312_s_0-278__f_145.jpg,v_3312,v_3312_s_0-278,0,0.412236,0
ResNet50,0,v_3312_s_0-278__f_138.jpg,v_3312,v_3312_s_0-278,0,0.671033,1
ResNet50,0,v_3312_s_0-278__f_43.jpg,v_3312,v_3312_s_0-278,0,0.207362,0
ResNet50,0,v_3312_s_0-278__f_112.jpg,v_3312,v_3312_s_0-278,0,0.918420,1
ResNet50,0,v_3312_s_0-278__f_111.jpg,v_3312,v_3312_s_0-278,0,0.937506,1
ResNet50,0,v_3312_s_0-278__f_140.jpg,v_3312,v_3312_s_0-278,0,0.259904,0
ResNet50,0,v_3312_s_0-278__f_199.jpg,v_3312,v_3312_s_0-278,0,0.231033,0
ResNet50,0,v_3312_s_0-278__f_205.jpg,v_3312,v_3312_s_0-278,0,0.055943,0
ResNet50,0,v_3312_s_1737-1823__f_1818.jpg,v_3312,v_3312_s_1737-1823,0,0.000229,0
ResNet50,0,v_3312_s_1737-1823__f_1751.jpg,v_3312,v_3312_s_1737-1823,0,0.663158,1
ResNet50,0,v_3312_s_1737-1823__f_1740.jpg,v_3312,v_3312_s_1737-1823,0,0.332666,0
ResNet50,0,v_3312_s_1737-1823__f_1772.jpg,v_3312,v_3312_s_1737-1823,0,0.633799,1
ResNet50,0,v_3312_s_1737-1823__f_1768.jpg,v_3312,v_3312_s_1737-1823,0,0.599805,1
ResNet50,0,v_3312_s_1737-1823__f_1765.jpg,v_3312,v_3312_s_1737-1823,0,0.849384,1
ResNet50,0,v_3312_s_1737-1823__f_1754.jpg,v_3312,v_3312_s_1737-1823,0,0.422731,0
ResNet50,0,v_3312_s_1737-1823__f_1750.jpg,v_3312,v_3312_s_1737-1823,0,0.859562,1
ResNet50,0,v_3312_s_1737-1823__f_1806.jpg,v_3312,v_3312_s_1737-1823,0,0.053192,0
ResNet50,0,v_3312_s_1737-1823__f_1748.jpg,v_3312,v_3312_s_1737-1823,0,0.746639,1
ResNet50,0,v_3312_s_1737-1823__f_1812.jpg,v_3312,v_3312_s_1737-1823,0,0.055885,0
ResNet50,0,v_3312_s_1737-1823__f_1791.jpg,v_3312,v_3312_s_1737-1823,0,0.418716,0
ResNet50,0,v_3312_s_1737-1823__f_1741.jpg,v_3312,v_3312_s_1737-1823,0,0.640090,1
ResNet50,0,v_3312_s_1737-1823__f_1820.jpg,v_3312,v_3312_s_1737-1823,0,0.000063,0
ResNet50,0,v_3712_s_367-410__f_407.jpg,v_3712,v_3712_s_367-410,0,0.311761,0
ResNet50,0,v_3712_s_367-410__f_374.jpg,v_3712,v_3712_s_367-410,0,0.626450,1
ResNet50,0,v_3712_s_367-410__f_368.jpg,v_3712,v_3712_s_367-410,0,0.364793,0
ResNet50,0,v_3712_s_367-410__f_384.jpg,v_3712,v_3712_s_367-410,0,0.546397,1
ResNet50,0,v_3712_s_367-410__f_382.jpg,v_3712,v_3712_s_367-410,0,0.488868,0
ResNet50,0,v_3712_s_367-410__f_381.jpg,v_3712,v_3712_s_367-410,0,0.466497,0
ResNet50,0,v_3712_s_367-410__f_375.jpg,v_3712,v_3712_s_367-410,0,0.603562,1
ResNet50,0,v_3712_s_367-410__f_373.jpg,v_3712,v_3712_s_367-410,0,0.660222,1
ResNet50,0,v_3712_s_367-410__f_401.jpg,v_3712,v_3712_s_367-410,0,0.142914,0
ResNet50,0,v_3712_s_367-410__f_372.jpg,v_3712,v_3712_s_367-410,0,0.657194,1
ResNet50,0,v_3712_s_367-410__f_394.jpg,v_3712,v_3712_s_367-410,0,0.111900,0
ResNet50,0,v_3712_s_367-410__f_369.jpg,v_3712,v_3712_s_367-410,0,0.496847,0
ResNet50,0,v_3712_s_367-410__f_367.jpg,v_3712,v_3712_s_367-410,0,0.375188,0
ResNet50,0,v_3712_s_367-410__f_398.jpg,v_3712,v_3712_s_367-410,0,0.061027,0
ResNet50,0,v_3712_s_949-1095__f_1028.jpg,v_3712,v_3712_s_949-1095,0,0.013674,0
ResNet50,0,v_3712_s_949-1095__f_1006.jpg,v_3712,v_3712_s_949-1095,0,0.374219,0
ResNet50,0,v_3712_s_949-1095__f_1070.jpg,v_3712,v_3712_s_949-1095,0,0.004171,0
ResNet50,0,v_3712_s_949-1095__f_1062.jpg,v_3712,v_3712_s_949-1095,0,0.000320,0
ResNet50,0,v_3712_s_949-1095__f_1057.jpg,v_3712,v_3712_s_949-1095,0,0.001569,0
ResNet50,0,v_3712_s_949-1095__f_1035.jpg,v_3712,v_3712_s_949-1095,0,0.146058,0
ResNet50,0,v_3712_s_949-1095__f_1026.jpg,v_3712,v_3712_s_949-1095,0,0.094997,0
ResNet50,0,v_3712_s_949-1095__f_1022.jpg,v_3712,v_3712_s_949-1095,0,0.057229,0
ResNet50,0,v_3712_s_949-1095__f_962.jpg,v_3712,v_3712_s_949-1095,0,0.269073,0
ResNet50,0,v_3712_s_949-1095__f_1008.jpg,v_3712,v_3712_s_949-1095,0,0.194554,0
ResNet50,0,v_3712_s_949-1095__f_1007.jpg,v_3712,v_3712_s_949-1095,0,0.148325,0
ResNet50,0,v_3712_s_949-1095__f_1023.jpg,v_3712,v_3712_s_949-1095,0,0.022225,0
ResNet50,0,v_3712_s_949-1095__f_1055.jpg,v_3712,v_3712_s_949-1095,0,0.005833,0
ResNet50,0,v_3712_s_949-1095__f_1059.jpg,v_3712,v_3712_s_949-1095,0,0.000030,0
ResNet50,0,v_4466_s_0-186__f_79.jpg,v_4466,v_4466_s_0-186,0,0.006030,0
ResNet50,0,v_4466_s_0-186__f_123.jpg,v_4466,v_4466_s_0-186,0,0.000190,0
ResNet50,0,v_4466_s_0-186__f_103.jpg,v_4466,v_4466_s_0-186,0,0.000206,0
ResNet50,0,v_4466_s_0-186__f_161.jpg,v_4466,v_4466_s_0-186,0,0.000018,0
ResNet50,0,v_4466_s_0-186__f_154.jpg,v_4466,v_4466_s_0-186,0,0.000003,0
ResNet50,0,v_4466_s_0-186__f_15.jpg,v_4466,v_4466_s_0-186,0,0.069978,0
ResNet50,0,v_4466_s_0-186__f_13.jpg,v_4466,v_4466_s_0-186,0,0.198187,0
ResNet50,0,v_4466_s_0-186__f_121.jpg,v_4466,v_4466_s_0-186,0,0.000394,0
ResNet50,0,v_4466_s_0-186__f_88.jpg,v_4466,v_4466_s_0-186,0,0.000169,0
ResNet50,0,v_4466_s_0-186__f_57.jpg,v_4466,v_4466_s_0-186,0,0.005816,0
ResNet50,0,v_4466_s_0-186__f_118.jpg,v_4466,v_4466_s_0-186,0,0.000057,0
ResNet50,0,v_4466_s_0-186__f_68.jpg,v_4466,v_4466_s_0-186,0,0.159800,0
ResNet50,0,v_4466_s_0-186__f_29.jpg,v_4466,v_4466_s_0-186,0,0.044829,0
ResNet50,0,v_4466_s_0-186__f_105.jpg,v_4466,v_4466_s_0-186,0,0.000044,0
ResNet50,0,v_5675_s_277-396__f_358.jpg,v_5675,v_5675_s_277-396,0,0.524078,1
ResNet50,0,v_5675_s_277-396__f_291.jpg,v_5675,v_5675_s_277-396,0,0.207352,0
ResNet50,0,v_5675_s_277-396__f_280.jpg,v_5675,v_5675_s_277-396,0,0.165557,0
ResNet50,0,v_5675_s_277-396__f_371.jpg,v_5675,v_5675_s_277-396,0,0.060836,0
ResNet50,0,v_5675_s_277-396__f_312.jpg,v_5675,v_5675_s_277-396,0,0.521008,1
ResNet50,0,v_5675_s_277-396__f_308.jpg,v_5675,v_5675_s_277-396,0,0.689088,1
ResNet50,0,v_5675_s_277-396__f_305.jpg,v_5675,v_5675_s_277-396,0,0.800409,1
ResNet50,0,v_5675_s_277-396__f_294.jpg,v_5675,v_5675_s_277-396,0,0.336183,0
ResNet50,0,v_5675_s_277-396__f_392.jpg,v_5675,v_5675_s_277-396,0,0.541299,1
ResNet50,0,v_5675_s_277-396__f_290.jpg,v_5675,v_5675_s_277-396,0,0.370055,0
ResNet50,0,v_5675_s_277-396__f_363.jpg,v_5675,v_5675_s_277-396,0,0.503061,1
ResNet50,0,v_5675_s_277-396__f_387.jpg,v_5675,v_5675_s_277-396,0,0.605051,1
ResNet50,0,v_5675_s_277-396__f_346.jpg,v_5675,v_5675_s_277-396,0,0.610501,1
ResNet50,0,v_5675_s_547-736__f_710.jpg,v_5675,v_5675_s_547-736,0,0.929436,1
ResNet50,0,v_5675_s_547-736__f_575.jpg,v_5675,v_5675_s_547-736,0,0.983312,1
ResNet50,0,v_5675_s_547-736__f_553.jpg,v_5675,v_5675_s_547-736,0,0.863021,1
ResNet50,0,v_5675_s_547-736__f_617.jpg,v_5675,v_5675_s_547-736,0,0.973680,1
ResNet50,0,v_5675_s_547-736__f_609.jpg,v_5675,v_5675_s_547-736,0,0.839716,1
ResNet50,0,v_5675_s_547-736__f_604.jpg,v_5675,v_5675_s_547-736,0,0.977309,1
ResNet50,0,v_5675_s_547-736__f_582.jpg,v_5675,v_5675_s_547-736,0,0.977260,1
ResNet50,0,v_5675_s_547-736__f_573.jpg,v_5675,v_5675_s_547-736,0,0.964614,1
ResNet50,0,v_5675_s_547-736__f_720.jpg,v_5675,v_5675_s_547-736,0,0.749871,1
ResNet50,0,v_5675_s_547-736__f_686.jpg,v_5675,v_5675_s_547-736,0,0.862230,1
ResNet50,0,v_5675_s_547-736__f_569.jpg,v_5675,v_5675_s_547-736,0,0.948413,1
ResNet50,0,v_5675_s_547-736__f_698.jpg,v_5675,v_5675_s_547-736,0,0.897697,1
ResNet50,0,v_5675_s_547-736__f_655.jpg,v_5675,v_5675_s_547-736,0,0.937366,1
ResNet50,1,c_100_v_(video_3062.mp4)_f_1458.jpg,c_100,c_100,1,0.901824,1
ResNet50,1,c_102_v_(video_3119.mp4)_f_1311.jpg,c_102,c_102,1,0.905160,1
ResNet50,1,c_102_v_(video_3119.mp4)_f_185.jpg,c_102,c_102,1,0.889565,1
ResNet50,1,c_102_v_(video_3124.mp4)_f_97.jpg,c_102,c_102,1,0.999371,1
ResNet50,1,c_102_v_(video_3130.mp4)_f_0.jpg,c_102,c_102,1,0.943293,1
ResNet50,1,c_10_v_(video_182.mp4)_f_494.jpg,c_10,c_10,1,0.984845,1
ResNet50,1,c_10_v_(video_184.mp4)_f_22.jpg,c_10,c_10,1,0.993640,1
ResNet50,1,c_10_v_(video_185.mp4)_f_112.jpg,c_10,c_10,1,0.989828,1
ResNet50,1,c_10_v_(video_185.mp4)_f_176.jpg,c_10,c_10,1,0.990972,1
ResNet50,1,c_10_v_(video_186.mp4)_f_200.jpg,c_10,c_10,1,0.996450,1
ResNet50,1,c_10_v_(video_188.mp4)_f_455.jpg,c_10,c_10,1,0.399146,0
ResNet50,1,c_113_v_(video_3427.mp4)_f_211.jpg,c_113,c_113,1,0.630636,1
ResNet50,1,c_114_v_(video_3461.mp4)_f_610.jpg,c_114,c_114,1,0.988374,1
ResNet50,1,c_137_v_(video_4143.mp4)_f_1016.jpg,c_137,c_137,1,0.805734,1
ResNet50,1,c_137_v_(video_4143.mp4)_f_427.jpg,c_137,c_137,1,0.949850,1
ResNet50,1,c_137_v_(video_4143.mp4)_f_639.jpg,c_137,c_137,1,0.834856,1
ResNet50,1,c_144_v_(video_4371.mp4)_f_66.jpg,c_144,c_144,1,0.981538,1
ResNet50,1,c_144_v_(video_4371.mp4)_f_872.jpg,c_144,c_144,1,0.985780,1
ResNet50,1,c_144_v_(video_4374.mp4)_f_2517.jpg,c_144,c_144,1,0.962890,1
ResNet50,1,c_144_v_(video_4374.mp4)_f_2771.jpg,c_144,c_144,1,0.969480,1
ResNet50,1,c_150_v_(video_4517.mp4)_f_109.jpg,c_150,c_150,1,0.907893,1
ResNet50,1,c_150_v_(video_4518.mp4)_f_28.jpg,c_150,c_150,1,0.738378,1
ResNet50,1,c_150_v_(video_4520.mp4)_f_132.jpg,c_150,c_150,1,0.903551,1
ResNet50,1,c_178_v_(video_5419.mp4)_f_794.jpg,c_178,c_178,1,0.598855,1
ResNet50,1,c_178_v_(video_5426.mp4)_f_90.jpg,c_178,c_178,1,0.999786,1
ResNet50,1,c_189_v_(video_5727.mp4)_f_14.jpg,c_189,c_189,1,0.974292,1
ResNet50,1,c_21_v_(video_605.mp4)_f_79.jpg,c_21,c_21,1,0.990085,1
ResNet50,1,c_21_v_(video_607.mp4)_f_46.jpg,c_21,c_21,1,0.740011,1
ResNet50,1,c_23_v_(video_672.mp4)_f_1006.jpg,c_23,c_23,1,0.998764,1
ResNet50,1,c_23_v_(video_672.mp4)_f_1268.jpg,c_23,c_23,1,0.369323,0
ResNet50,1,c_23_v_(video_672.mp4)_f_13.jpg,c_23,c_23,1,0.395267,0
ResNet50,1,c_23_v_(video_672.mp4)_f_195.jpg,c_23,c_23,1,0.990503,1
ResNet50,1,c_23_v_(video_672.mp4)_f_256.jpg,c_23,c_23,1,0.995325,1
ResNet50,1,c_23_v_(video_672.mp4)_f_397.jpg,c_23,c_23,1,0.991376,1
ResNet50,1,c_23_v_(video_672.mp4)_f_778.jpg,c_23,c_23,1,0.982018,1
ResNet50,1,c_23_v_(video_674.mp4)_f_1579.jpg,c_23,c_23,1,0.996725,1
ResNet50,1,c_23_v_(video_674.mp4)_f_41.jpg,c_23,c_23,1,0.926192,1
ResNet50,1,c_23_v_(video_674.mp4)_f_837.jpg,c_23,c_23,1,0.935588,1
ResNet50,1,c_23_v_(video_674.mp4)_f_870.jpg,c_23,c_23,1,0.979705,1
ResNet50,1,c_28_v_(video_903.mp4)_f_1330.jpg,c_28,c_28,1,0.950523,1
ResNet50,1,c_28_v_(video_903.mp4)_f_1635.jpg,c_28,c_28,1,0.990039,1
ResNet50,1,c_28_v_(video_903.mp4)_f_1761.jpg,c_28,c_28,1,0.855984,1
ResNet50,1,c_28_v_(video_903.mp4)_f_330.jpg,c_28,c_28,1,0.999539,1
ResNet50,1,c_28_v_(video_903.mp4)_f_627.jpg,c_28,c_28,1,0.962412,1
ResNet50,1,c_28_v_(video_903.mp4)_f_853.jpg,c_28,c_28,1,0.001251,0
ResNet50,1,c_28_v_(video_905.mp4)_f_53.jpg,c_28,c_28,1,0.998967,1
ResNet50,1,c_28_v_(video_907.mp4)_f_73.jpg,c_28,c_28,1,0.995191,1
ResNet50,1,c_28_v_(video_934.mp4)_f_288.jpg,c_28,c_28,1,0.990944,1
ResNet50,1,c_29_v_(video_940.mp4)_f_1371.jpg,c_29,c_29,1,0.939430,1
ResNet50,1,c_29_v_(video_940.mp4)_f_1635.jpg,c_29,c_29,1,0.990039,1
ResNet50,1,c_31_v_(video_1002.mp4)_f_499.jpg,c_31,c_31,1,0.993958,1
ResNet50,1,c_31_v_(video_1002.mp4)_f_91.jpg,c_31,c_31,1,0.993163,1
ResNet50,1,c_31_v_(video_1004.mp4)_f_869.jpg,c_31,c_31,1,0.891246,1
ResNet50,1,c_31_v_(video_993.mp4)_f_75.jpg,c_31,c_31,1,0.939657,1
ResNet50,1,c_31_v_(video_997.mp4)_f_161.jpg,c_31,c_31,1,0.924822,1
ResNet50,1,c_31_v_(video_998.mp4)_f_85.jpg,c_31,c_31,1,0.957902,1
ResNet50,1,c_42_v_(video_1320.mp4)_f_565.jpg,c_42,c_42,1,0.995553,1
ResNet50,1,c_42_v_(video_1320.mp4)_f_653.jpg,c_42,c_42,1,0.995716,1
ResNet50,1,c_42_v_(video_1322.mp4)_f_276.jpg,c_42,c_42,1,0.998292,1
ResNet50,1,c_42_v_(video_1322.mp4)_f_471.jpg,c_42,c_42,1,0.978195,1
ResNet50,1,c_42_v_(video_1322.mp4)_f_624.jpg,c_42,c_42,1,0.990816,1
ResNet50,1,c_42_v_(video_1323.mp4)_f_183.jpg,c_42,c_42,1,0.994817,1
ResNet50,1,c_45_v_(video_1386.mp4)_f_563.jpg,c_45,c_45,1,0.967519,1
ResNet50,1,c_45_v_(video_1386.mp4)_f_622.jpg,c_45,c_45,1,0.995016,1
ResNet50,1,c_45_v_(video_1386.mp4)_f_753.jpg,c_45,c_45,1,0.997269,1
ResNet50,1,c_45_v_(video_1396.mp4)_f_1483.jpg,c_45,c_45,1,0.981899,1
ResNet50,1,c_45_v_(video_1396.mp4)_f_2895.jpg,c_45,c_45,1,0.997892,1
ResNet50,1,c_45_v_(video_1396.mp4)_f_3007.jpg,c_45,c_45,1,0.994956,1
ResNet50,1,c_45_v_(video_1396.mp4)_f_408.jpg,c_45,c_45,1,0.993223,1
ResNet50,1,c_52_v_(video_1656.mp4)_f_2711.jpg,c_52,c_52,1,0.979584,1
ResNet50,1,c_52_v_(video_1656.mp4)_f_5548.jpg,c_52,c_52,1,0.826025,1
ResNet50,1,c_7_v_(video_130.mp4)_f_100.jpg,c_7,c_7,1,0.849576,1
ResNet50,1,c_7_v_(video_130.mp4)_f_1233.jpg,c_7,c_7,1,0.969296,1
ResNet50,1,c_7_v_(video_130.mp4)_f_1360.jpg,c_7,c_7,1,0.372565,0
ResNet50,1,c_7_v_(video_130.mp4)_f_241.jpg,c_7,c_7,1,0.830987,1
ResNet50,1,c_7_v_(video_130.mp4)_f_411.jpg,c_7,c_7,1,0.599885,1
ResNet50,1,c_7_v_(video_130.mp4)_f_986.jpg,c_7,c_7,1,0.834255,1
ResNet50,1,c_7_v_(video_134.mp4)_f_1093.jpg,c_7,c_7,1,0.366904,0
ResNet50,1,c_7_v_(video_134.mp4)_f_1716.jpg,c_7,c_7,1,0.904778,1
ResNet50,1,c_7_v_(video_134.mp4)_f_2323.jpg,c_7,c_7,1,0.989455,1
ResNet50,1,c_82_v_(video_2507.mp4)_f_2154.jpg,c_82,c_82,1,0.994669,1
ResNet50,1,c_86_v_(video_2617.mp4)_f_177.jpg,c_86,c_86,1,0.997214,1
ResNet50,1,c_86_v_(video_2638.mp4)_f_150.jpg,c_86,c_86,1,0.979452,1
ResNet50,1,v_2690_s_154-252__f_235.jpg,v_2690,v_2690_s_154-252,0,0.006601,0
ResNet50,1,v_2690_s_154-252__f_168.jpg,v_2690,v_2690_s_154-252,0,0.025419,0
ResNet50,1,v_2690_s_154-252__f_157.jpg,v_2690,v_2690_s_154-252,0,0.002910,0
ResNet50,1,v_2690_s_154-252__f_248.jpg,v_2690,v_2690_s_154-252,0,0.002214,0
ResNet50,1,v_2690_s_154-252__f_189.jpg,v_2690,v_2690_s_154-252,0,0.008793,0
ResNet50,1,v_2690_s_154-252__f_185.jpg,v_2690,v_2690_s_154-252,0,0.015627,0
ResNet50,1,v_2690_s_154-252__f_182.jpg,v_2690,v_2690_s_154-252,0,0.016524,0
ResNet50,1,v_2690_s_154-252__f_171.jpg,v_2690,v_2690_s_154-252,0,0.015242,0
ResNet50,1,v_2690_s_154-252__f_167.jpg,v_2690,v_2690_s_154-252,0,0.018902,0
ResNet50,1,v_2690_s_154-252__f_240.jpg,v_2690,v_2690_s_154-252,0,0.000179,0
ResNet50,1,v_2690_s_154-252__f_223.jpg,v_2690,v_2690_s_154-252,0,0.000073,0
ResNet50,1,v_2690_s_154-252__f_165.jpg,v_2690,v_2690_s_154-252,0,0.016992,0
ResNet50,1,v_2690_s_154-252__f_229.jpg,v_2690,v_2690_s_154-252,0,0.000052,0
ResNet50,1,v_2690_s_154-252__f_208.jpg,v_2690,v_2690_s_154-252,0,0.005175,0
ResNet50,1,v_3570_s_1247-1816__f_1361.jpg,v_3570,v_3570_s_1247-1816,0,0.001450,0
ResNet50,1,v_3570_s_1247-1816__f_1272.jpg,v_3570,v_3570_s_1247-1816,0,0.001147,0
ResNet50,1,v_3570_s_1247-1816__f_1528.jpg,v_3570,v_3570_s_1247-1816,0,0.037437,0
ResNet50,1,v_3570_s_1247-1816__f_1497.jpg,v_3570,v_3570_s_1247-1816,0,0.040795,0
ResNet50,1,v_3570_s_1247-1816__f_1475.jpg,v_3570,v_3570_s_1247-1816,0,0.036720,0
ResNet50,1,v_3570_s_1247-1816__f_1389.jpg,v_3570,v_3570_s_1247-1816,0,0.006792,0
ResNet50,1,v_3570_s_1247-1816__f_1351.jpg,v_3570,v_3570_s_1247-1816,0,0.011411,0
ResNet50,1,v_3570_s_1247-1816__f_1805.jpg,v_3570,v_3570_s_1247-1816,0,0.013402,0
ResNet50,1,v_3570_s_1247-1816__f_1336.jpg,v_3570,v_3570_s_1247-1816,0,0.005545,0
ResNet50,1,v_3570_s_1247-1816__f_1679.jpg,v_3570,v_3570_s_1247-1816,0,0.036371,0
ResNet50,1,v_3570_s_1247-1816__f_1279.jpg,v_3570,v_3570_s_1247-1816,0,0.024033,0
ResNet50,1,v_3570_s_1247-1816__f_1277.jpg,v_3570,v_3570_s_1247-1816,0,0.010190,0
ResNet50,1,v_3570_s_1247-1816__f_1342.jpg,v_3570,v_3570_s_1247-1816,0,0.008290,0
ResNet50,1,v_3570_s_1247-1816__f_1470.jpg,v_3570,v_3570_s_1247-1816,0,0.034797,0
ResNet50,1,v_3750_s_80-1904__f_505.jpg,v_3750,v_3750_s_80-1904,0,0.275477,0
ResNet50,1,v_3750_s_80-1904__f_1207.jpg,v_3750,v_3750_s_80-1904,0,0.037412,0
ResNet50,1,v_3750_s_80-1904__f_1046.jpg,v_3750,v_3750_s_80-1904,0,0.035112,0
ResNet50,1,v_3750_s_80-1904__f_714.jpg,v_3750,v_3750_s_80-1904,0,0.382985,0
ResNet50,1,v_3750_s_80-1904__f_1511.jpg,v_3750,v_3750_s_80-1904,0,0.651040,1
ResNet50,1,v_3750_s_80-1904__f_1455.jpg,v_3750,v_3750_s_80-1904,0,0.118688,0
ResNet50,1,v_3750_s_80-1904__f_1415.jpg,v_3750,v_3750_s_80-1904,0,0.073438,0
ResNet50,1,v_3750_s_80-1904__f_1259.jpg,v_3750,v_3750_s_80-1904,0,0.021336,0
ResNet50,1,v_3750_s_80-1904__f_704.jpg,v_3750,v_3750_s_80-1904,0,0.018275,0
ResNet50,1,v_3750_s_80-1904__f_119.jpg,v_3750,v_3750_s_80-1904,0,0.479858,0
ResNet50,1,v_3750_s_80-1904__f_581.jpg,v_3750,v_3750_s_80-1904,0,0.107629,0
ResNet50,1,v_3750_s_80-1904__f_712.jpg,v_3750,v_3750_s_80-1904,0,0.042440,0
ResNet50,1,v_3750_s_80-1904__f_312.jpg,v_3750,v_3750_s_80-1904,0,0.092744,0
ResNet50,1,v_3750_s_80-1904__f_1161.jpg,v_3750,v_3750_s_80-1904,0,0.076842,0
ResNet50,2,c_123_v_(video_3706.mp4)_f_659.jpg,c_123,c_123,1,0.951077,1
ResNet50,2,c_125_v_(video_3726.mp4)_f_247.jpg,c_125,c_125,1,0.995348,1
ResNet50,2,c_127_v_(video_3756.mp4)_f_40.jpg,c_127,c_127,1,0.968928,1
ResNet50,2,c_145_v_(video_4391.mp4)_f_27.jpg,c_145,c_145,1,0.987098,1
ResNet50,2,c_15_v_(video_449.mp4)_f_2374.jpg,c_15,c_15,1,0.067951,0
ResNet50,2,c_15_v_(video_449.mp4)_f_2831.jpg,c_15,c_15,1,0.998470,1
ResNet50,2,c_15_v_(video_450.mp4)_f_623.jpg,c_15,c_15,1,0.781776,1
ResNet50,2,c_15_v_(video_451.mp4)_f_251.jpg,c_15,c_15,1,0.940179,1
ResNet50,2,c_15_v_(video_454.mp4)_f_144.jpg,c_15,c_15,1,0.993462,1
ResNet50,2,c_168_v_(video_5163.mp4)_f_264.jpg,c_168,c_168,1,0.994969,1
ResNet50,2,c_16_v_(video_467.mp4)_f_184.jpg,c_16,c_16,1,0.930605,1
ResNet50,2,c_16_v_(video_471.mp4)_f_220.jpg,c_16,c_16,1,0.883739,1
ResNet50,2,c_170_v_(video_5222.mp4)_f_64.jpg,c_170,c_170,1,0.126614,0
ResNet50,2,c_17_v_(video_481.mp4)_f_1292.jpg,c_17,c_17,1,0.994263,1
ResNet50,2,c_37_v_(video_1215.mp4)_f_0.jpg,c_37,c_37,1,0.982266,1
ResNet50,2,c_37_v_(video_1229.mp4)_f_36.jpg,c_37,c_37,1,0.966952,1
ResNet50,2,c_38_v_(video_1253.mp4)_f_1117.jpg,c_38,c_38,1,0.711467,1
ResNet50,2,c_43_v_(video_1363.mp4)_f_1062.jpg,c_43,c_43,1,0.995959,1
ResNet50,2,c_43_v_(video_1363.mp4)_f_2080.jpg,c_43,c_43,1,0.989801,1
ResNet50,2,c_43_v_(video_1363.mp4)_f_778.jpg,c_43,c_43,1,0.999272,1
ResNet50,2,c_43_v_(video_1364.mp4)_f_495.jpg,c_43,c_43,1,0.978700,1
ResNet50,2,c_43_v_(video_1366.mp4)_f_0.jpg,c_43,c_43,1,0.991018,1
ResNet50,2,c_51_v_(video_1638.mp4)_f_1710.jpg,c_51,c_51,1,0.852181,1
ResNet50,2,c_51_v_(video_1640.mp4)_f_1162.jpg,c_51,c_51,1,0.980994,1
ResNet50,2,c_51_v_(video_1640.mp4)_f_25.jpg,c_51,c_51,1,0.367401,0
ResNet50,2,c_51_v_(video_1640.mp4)_f_535.jpg,c_51,c_51,1,0.076834,0
ResNet50,2,c_51_v_(video_1640.mp4)_f_643.jpg,c_51,c_51,1,0.695391,1
ResNet50,2,c_55_v_(video_1729.mp4)_f_1915.jpg,c_55,c_55,1,0.135520,0
ResNet50,2,c_60_v_(video_1945.mp4)_f_1392.jpg,c_60,c_60,1,0.999078,1
ResNet50,2,c_60_v_(video_1945.mp4)_f_366.jpg,c_60,c_60,1,0.025244,0
ResNet50,2,c_60_v_(video_1945.mp4)_f_52.jpg,c_60,c_60,1,0.372895,0
ResNet50,2,c_60_v_(video_1946.mp4)_f_1754.jpg,c_60,c_60,1,0.997732,1
ResNet50,2,c_60_v_(video_1946.mp4)_f_792.jpg,c_60,c_60,1,0.726838,1
ResNet50,2,c_60_v_(video_1946.mp4)_f_963.jpg,c_60,c_60,1,0.973667,1
ResNet50,2,c_65_v_(video_2087.mp4)_f_1648.jpg,c_65,c_65,1,0.981959,1
ResNet50,2,c_65_v_(video_2087.mp4)_f_1816.jpg,c_65,c_65,1,0.984861,1
ResNet50,2,c_65_v_(video_2087.mp4)_f_2155.jpg,c_65,c_65,1,0.830374,1
ResNet50,2,c_65_v_(video_2087.mp4)_f_2161.jpg,c_65,c_65,1,0.857611,1
ResNet50,2,c_65_v_(video_2087.mp4)_f_274.jpg,c_65,c_65,1,0.922612,1
ResNet50,2,c_65_v_(video_2087.mp4)_f_278.jpg,c_65,c_65,1,0.970480,1
ResNet50,2,c_65_v_(video_2087.mp4)_f_66.jpg,c_65,c_65,1,0.937813,1
ResNet50,2,c_65_v_(video_2087.mp4)_f_714.jpg,c_65,c_65,1,0.789158,1
ResNet50,2,c_65_v_(video_2087.mp4)_f_918.jpg,c_65,c_65,1,0.972755,1
ResNet50,2,c_70_v_(video_2176.mp4)_f_221.jpg,c_70,c_70,1,0.711620,1
ResNet50,2,c_70_v_(video_2176.mp4)_f_308.jpg,c_70,c_70,1,0.844577,1
ResNet50,2,c_70_v_(video_2176.mp4)_f_502.jpg,c_70,c_70,1,0.322120,0
ResNet50,2,c_70_v_(video_2178.mp4)_f_769.jpg,c_70,c_70,1,0.069051,0
ResNet50,2,c_85_v_(video_2607.mp4)_f_284.jpg,c_85,c_85,1,0.968553,1
ResNet50,2,c_85_v_(video_2607.mp4)_f_733.jpg,c_85,c_85,1,0.988294,1
ResNet50,2,c_88_v_(video_2665.mp4)_f_2058.jpg,c_88,c_88,1,0.009801,0
ResNet50,2,c_88_v_(video_2665.mp4)_f_485.jpg,c_88,c_88,1,0.903599,1
ResNet50,2,v_2507_s_0-853__f_688.jpg,v_2507,v_2507_s_0-853,0,0.441334,0
ResNet50,2,v_2507_s_0-853__f_200.jpg,v_2507,v_2507_s_0-853,0,0.380620,0
ResNet50,2,v_2507_s_0-853__f_120.jpg,v_2507,v_2507_s_0-853,0,0.016663,0
ResNet50,2,v_2507_s_0-853__f_782.jpg,v_2507,v_2507_s_0-853,0,0.274008,0
ResNet50,2,v_2507_s_0-853__f_351.jpg,v_2507,v_2507_s_0-853,0,0.362252,0
ResNet50,2,v_2507_s_0-853__f_323.jpg,v_2507,v_2507_s_0-853,0,0.262632,0
ResNet50,2,v_2507_s_0-853__f_303.jpg,v_2507,v_2507_s_0-853,0,0.269359,0
ResNet50,2,v_2507_s_0-853__f_226.jpg,v_2507,v_2507_s_0-853,0,0.526411,1
ResNet50,2,v_2507_s_0-853__f_778.jpg,v_2507,v_2507_s_0-853,0,0.446416,0
ResNet50,2,v_2507_s_0-853__f_192.jpg,v_2507,v_2507_s_0-853,0,0.360163,0
ResNet50,2,v_2507_s_0-853__f_721.jpg,v_2507,v_2507_s_0-853,0,0.530123,1
ResNet50,2,v_2507_s_0-853__f_781.jpg,v_2507,v_2507_s_0-853,0,0.371442,0
ResNet50,2,v_2507_s_0-853__f_600.jpg,v_2507,v_2507_s_0-853,0,0.040687,0
ResNet50,2,v_2507_s_0-853__f_179.jpg,v_2507,v_2507_s_0-853,0,0.429904,0
ResNet50,2,v_2507_s_2320-3371__f_2548.jpg,v_2507,v_2507_s_2320-3371,0,0.006142,0
ResNet50,2,v_2507_s_2320-3371__f_2371.jpg,v_2507,v_2507_s_2320-3371,0,0.044214,0
ResNet50,2,v_2507_s_2320-3371__f_2883.jpg,v_2507,v_2507_s_2320-3371,0,0.940307,1
ResNet50,2,v_2507_s_2320-3371__f_2821.jpg,v_2507,v_2507_s_2320-3371,0,0.136765,0
ResNet50,2,v_2507_s_2320-3371__f_2777.jpg,v_2507,v_2507_s_2320-3371,0,0.089424,0
ResNet50,2,v_2507_s_2320-3371__f_2605.jpg,v_2507,v_2507_s_2320-3371,0,0.355941,0
ResNet50,2,v_2507_s_2320-3371__f_2529.jpg,v_2507,v_2507_s_2320-3371,0,0.076139,0
ResNet50,2,v_2507_s_2320-3371__f_2498.jpg,v_2507,v_2507_s_2320-3371,0,0.121927,0
ResNet50,2,v_2507_s_2320-3371__f_3184.jpg,v_2507,v_2507_s_2320-3371,0,0.248993,0
ResNet50,2,v_2507_s_2320-3371__f_2385.jpg,v_2507,v_2507_s_2320-3371,0,0.016808,0
ResNet50,2,v_2507_s_2320-3371__f_2381.jpg,v_2507,v_2507_s_2320-3371,0,0.012464,0
ResNet50,2,v_2507_s_2320-3371__f_2511.jpg,v_2507,v_2507_s_2320-3371,0,0.359960,0
ResNet50,2,v_2507_s_2320-3371__f_2767.jpg,v_2507,v_2507_s_2320-3371,0,0.223605,0
ResNet50,2,v_2507_s_2320-3371__f_2796.jpg,v_2507,v_2507_s_2320-3371,0,0.027059,0
ResNet50,2,v_4044_s_0-253__f_245.jpg,v_4044,v_4044_s_0-253,0,0.371528,0
ResNet50,2,v_4044_s_0-253__f_123.jpg,v_4044,v_4044_s_0-253,0,0.979578,1
ResNet50,2,v_4044_s_0-253__f_103.jpg,v_4044,v_4044_s_0-253,0,0.939166,1
ResNet50,2,v_4044_s_0-253__f_41.jpg,v_4044,v_4044_s_0-253,0,0.903781,1
ResNet50,2,v_4044_s_0-253__f_161.jpg,v_4044,v_4044_s_0-253,0,0.982298,1
ResNet50,2,v_4044_s_0-253__f_154.jpg,v_4044,v_4044_s_0-253,0,0.953168,1
ResNet50,2,v_4044_s_0-253__f_15.jpg,v_4044,v_4044_s_0-253,0,0.070143,0
ResNet50,2,v_4044_s_0-253__f_13.jpg,v_4044,v_4044_s_0-253,0,0.089326,0
ResNet50,2,v_4044_s_0-253__f_40.jpg,v_4044,v_4044_s_0-253,0,0.862195,1
ResNet50,2,v_4044_s_0-253__f_121.jpg,v_4044,v_4044_s_0-253,0,0.977358,1
ResNet50,2,v_4044_s_0-253__f_27.jpg,v_4044,v_4044_s_0-253,0,0.813502,1
ResNet50,2,v_4044_s_0-253__f_96.jpg,v_4044,v_4044_s_0-253,0,0.957394,1
ResNet50,2,v_4044_s_0-253__f_77.jpg,v_4044,v_4044_s_0-253,0,0.884851,1
ResNet50,2,v_4044_s_0-253__f_223.jpg,v_4044,v_4044_s_0-253,0,0.987996,1
ResNet50,2,v_4581_s_0-342__f_86.jpg,v_4581,v_4581_s_0-342,0,0.198962,0
ResNet50,2,v_4581_s_0-342__f_15.jpg,v_4581,v_4581_s_0-342,0,0.028305,0
ResNet50,2,v_4581_s_0-342__f_109.jpg,v_4581,v_4581_s_0-342,0,0.564406,1
ResNet50,2,v_4581_s_0-342__f_224.jpg,v_4581,v_4581_s_0-342,0,0.295151,0
ResNet50,2,v_4581_s_0-342__f_210.jpg,v_4581,v_4581_s_0-342,0,0.236265,0
ResNet50,2,v_4581_s_0-342__f_200.jpg,v_4581,v_4581_s_0-342,0,0.397269,0
ResNet50,2,v_4581_s_0-342__f_162.jpg,v_4581,v_4581_s_0-342,0,0.679018,1
ResNet50,2,v_4581_s_0-342__f_145.jpg,v_4581,v_4581_s_0-342,0,0.320396,0
ResNet50,2,v_4581_s_0-342__f_42.jpg,v_4581,v_4581_s_0-342,0,0.783073,1
ResNet50,2,v_4581_s_0-342__f_138.jpg,v_4581,v_4581_s_0-342,0,0.359356,0
ResNet50,2,v_4581_s_0-342__f_63.jpg,v_4581,v_4581_s_0-342,0,0.644103,1
ResNet50,2,v_4581_s_0-342__f_293.jpg,v_4581,v_4581_s_0-342,0,0.121931,0
ResNet50,2,v_4581_s_0-342__f_112.jpg,v_4581,v_4581_s_0-342,0,0.746485,1
ResNet50,2,v_4581_s_0-342__f_111.jpg,v_4581,v_4581_s_0-342,0,0.555420,1
ResNet50,2,v_4761_s_0-354__f_75.jpg,v_4761,v_4761_s_0-354,0,0.000505,0
ResNet50,2,v_4761_s_0-354__f_15.jpg,v_4761,v_4761_s_0-354,0,0.004035,0
ResNet50,2,v_4761_s_0-354__f_109.jpg,v_4761,v_4761_s_0-354,0,0.003805,0
ResNet50,2,v_4761_s_0-354__f_224.jpg,v_4761,v_4761_s_0-354,0,0.021581,0
ResNet50,2,v_4761_s_0-354__f_210.jpg,v_4761,v_4761_s_0-354,0,0.020623,0
ResNet50,2,v_4761_s_0-354__f_200.jpg,v_4761,v_4761_s_0-354,0,0.016387,0
ResNet50,2,v_4761_s_0-354__f_162.jpg,v_4761,v_4761_s_0-354,0,0.003752,0
ResNet50,2,v_4761_s_0-354__f_145.jpg,v_4761,v_4761_s_0-354,0,0.001364,0
ResNet50,2,v_4761_s_0-354__f_35.jpg,v_4761,v_4761_s_0-354,0,0.002533,0
ResNet50,2,v_4761_s_0-354__f_138.jpg,v_4761,v_4761_s_0-354,0,0.015195,0
ResNet50,2,v_4761_s_0-354__f_52.jpg,v_4761,v_4761_s_0-354,0,0.003261,0
ResNet50,2,v_4761_s_0-354__f_293.jpg,v_4761,v_4761_s_0-354,0,0.005239,0
ResNet50,2,v_4761_s_0-354__f_112.jpg,v_4761,v_4761_s_0-354,0,0.001406,0
ResNet50,2,v_4761_s_0-354__f_111.jpg,v_4761,v_4761_s_0-354,0,0.001756,0
ResNet50,2,v_4763_s_30-2507__f_1414.jpg,v_4763,v_4763_s_30-2507,0,0.055542,0
ResNet50,2,v_4763_s_30-2507__f_1092.jpg,v_4763,v_4763_s_30-2507,0,0.017496,0
ResNet50,2,v_4763_s_30-2507__f_2023.jpg,v_4763,v_4763_s_30-2507,0,0.627008,1
ResNet50,2,v_4763_s_30-2507__f_1911.jpg,v_4763,v_4763_s_30-2507,0,0.937344,1
ResNet50,2,v_4763_s_30-2507__f_1830.jpg,v_4763,v_4763_s_30-2507,0,0.548154,1
ResNet50,2,v_4763_s_30-2507__f_1519.jpg,v_4763,v_4763_s_30-2507,0,0.110453,0
ResNet50,2,v_4763_s_30-2507__f_1380.jpg,v_4763,v_4763_s_30-2507,0,0.030300,0
ResNet50,2,v_4763_s_30-2507__f_778.jpg,v_4763,v_4763_s_30-2507,0,0.037030,0
ResNet50,2,v_4763_s_30-2507__f_1323.jpg,v_4763,v_4763_s_30-2507,0,0.176087,0
ResNet50,2,v_4763_s_30-2507__f_946.jpg,v_4763,v_4763_s_30-2507,0,0.016423,0
ResNet50,2,v_4763_s_30-2507__f_319.jpg,v_4763,v_4763_s_30-2507,0,0.018150,0
ResNet50,2,v_4763_s_30-2507__f_1118.jpg,v_4763,v_4763_s_30-2507,0,0.004436,0
ResNet50,2,v_4763_s_30-2507__f_1110.jpg,v_4763,v_4763_s_30-2507,0,0.027598,0
ResNet50,2,v_4763_s_30-2507__f_1348.jpg,v_4763,v_4763_s_30-2507,0,0.264844,0
ResNet50,3,c_105_v_(video_3214.mp4)_f_2954.jpg,c_105,c_105,1,0.999989,1
ResNet50,3,c_117_v_(video_3530.mp4)_f_811.jpg,c_117,c_117,1,0.994054,1
ResNet50,3,c_117_v_(video_3533.mp4)_f_195.jpg,c_117,c_117,1,0.983436,1
ResNet50,3,c_120_v_(video_3598.mp4)_f_713.jpg,c_120,c_120,1,0.845951,1
ResNet50,3,c_120_v_(video_3599.mp4)_f_39.jpg,c_120,c_120,1,0.999964,1
ResNet50,3,c_141_v_(video_4253.mp4)_f_205.jpg,c_141,c_141,1,0.999920,1
ResNet50,3,c_141_v_(video_4253.mp4)_f_386.jpg,c_141,c_141,1,0.998917,1
ResNet50,3,c_141_v_(video_4253.mp4)_f_55.jpg,c_141,c_141,1,0.999919,1
ResNet50,3,c_141_v_(video_4254.mp4)_f_324.jpg,c_141,c_141,1,0.999976,1
ResNet50,3,c_141_v_(video_4254.mp4)_f_5.jpg,c_141,c_141,1,0.999086,1
ResNet50,3,c_141_v_(video_4257.mp4)_f_115.jpg,c_141,c_141,1,0.994929,1
ResNet50,3,c_141_v_(video_4257.mp4)_f_212.jpg,c_141,c_141,1,1.000000,1
ResNet50,3,c_141_v_(video_4257.mp4)_f_272.jpg,c_141,c_141,1,0.999994,1
ResNet50,3,c_141_v_(video_4299.mp4)_f_29.jpg,c_141,c_141,1,0.992316,1
ResNet50,3,c_149_v_(video_4479.mp4)_f_1577.jpg,c_149,c_149,1,0.999392,1
ResNet50,3,c_149_v_(video_4479.mp4)_f_3137.jpg,c_149,c_149,1,0.999999,1
ResNet50,3,c_14_v_(video_400.mp4)_f_810.jpg,c_14,c_14,1,0.997752,1
ResNet50,3,c_14_v_(video_401.mp4)_f_253.jpg,c_14,c_14,1,0.999870,1
ResNet50,3,c_14_v_(video_401.mp4)_f_90.jpg,c_14,c_14,1,0.999485,1
ResNet50,3,c_14_v_(video_401.mp4)_f_910.jpg,c_14,c_14,1,0.999993,1
ResNet50,3,c_14_v_(video_422.mp4)_f_59.jpg,c_14,c_14,1,0.999976,1
ResNet50,3,c_14_v_(video_425.mp4)_f_118.jpg,c_14,c_14,1,0.972676,1
ResNet50,3,c_172_v_(video_5281.mp4)_f_1193.jpg,c_172,c_172,1,0.999999,1
ResNet50,3,c_172_v_(video_5281.mp4)_f_484.jpg,c_172,c_172,1,0.996657,1
ResNet50,3,c_19_v_(video_507.mp4)_f_2389.jpg,c_19,c_19,1,0.999081,1
ResNet50,3,c_22_v_(video_631.mp4)_f_25.jpg,c_22,c_22,1,0.999969,1
ResNet50,3,c_22_v_(video_631.mp4)_f_358.jpg,c_22,c_22,1,0.999999,1
ResNet50,3,c_22_v_(video_631.mp4)_f_706.jpg,c_22,c_22,1,0.999998,1
ResNet50,3,c_22_v_(video_632.mp4)_f_228.jpg,c_22,c_22,1,0.891863,1
ResNet50,3,c_22_v_(video_632.mp4)_f_2825.jpg,c_22,c_22,1,0.422594,0
ResNet50,3,c_22_v_(video_634.mp4)_f_22.jpg,c_22,c_22,1,0.999987,1
ResNet50,3,c_27_v_(video_829.mp4)_f_0.jpg,c_27,c_27,1,0.999857,1
ResNet50,3,c_32_v_(video_1044.mp4)_f_1545.jpg,c_32,c_32,1,0.292019,0
ResNet50,3,c_39_v_(video_1263.mp4)_f_1769.jpg,c_39,c_39,1,0.999863,1
ResNet50,3,c_39_v_(video_1263.mp4)_f_481.jpg,c_39,c_39,1,0.999871,1
ResNet50,3,c_40_v_(video_1275.mp4)_f_184.jpg,c_40,c_40,1,0.993782,1
ResNet50,3,c_40_v_(video_1277.mp4)_f_411.jpg,c_40,c_40,1,0.999689,1
ResNet50,3,c_40_v_(video_1281.mp4)_f_262.jpg,c_40,c_40,1,0.997855,1
ResNet50,3,c_40_v_(video_1286.mp4)_f_126.jpg,c_40,c_40,1,0.998601,1
ResNet50,3,c_40_v_(video_1286.mp4)_f_775.jpg,c_40,c_40,1,0.991476,1
ResNet50,3,c_40_v_(video_1288.mp4)_f_17.jpg,c_40,c_40,1,0.996500,1
ResNet50,3,c_41_v_(video_1297.mp4)_f_140.jpg,c_41,c_41,1,0.969778,1
ResNet50,3,c_41_v_(video_1297.mp4)_f_500.jpg,c_41,c_41,1,0.988425,1
ResNet50,3,c_41_v_(video_1297.mp4)_f_826.jpg,c_41,c_41,1,0.999925,1
ResNet50,3,c_44_v_(video_1373.mp4)_f_1199.jpg,c_44,c_44,1,0.996605,1
ResNet50,3,c_44_v_(video_1373.mp4)_f_201.jpg,c_44,c_44,1,0.926715,1
ResNet50,3,c_44_v_(video_1373.mp4)_f_211.jpg,c_44,c_44,1,0.817149,1
ResNet50,3,c_44_v_(video_1373.mp4)_f_215.jpg,c_44,c_44,1,0.943947,1
ResNet50,3,c_44_v_(video_1373.mp4)_f_903.jpg,c_44,c_44,1,0.999979,1
ResNet50,3,c_44_v_(video_1377.mp4)_f_212.jpg,c_44,c_44,1,0.999979,1
ResNet50,3,c_48_v_(video_1525.mp4)_f_685.jpg,c_48,c_48,1,0.999990,1
ResNet50,3,c_48_v_(video_1525.mp4)_f_759.jpg,c_48,c_48,1,0.999950,1
ResNet50,3,c_58_v_(video_1853.mp4)_f_1061.jpg,c_58,c_58,1,0.999977,1
ResNet50,3,c_58_v_(video_1853.mp4)_f_109.jpg,c_58,c_58,1,0.999665,1
ResNet50,3,c_58_v_(video_1853.mp4)_f_510.jpg,c_58,c_58,1,0.939257,1
ResNet50,3,c_58_v_(video_1853.mp4)_f_586.jpg,c_58,c_58,1,0.952573,1
ResNet50,3,c_58_v_(video_1875.mp4)_f_281.jpg,c_58,c_58,1,0.999472,1
ResNet50,3,c_62_v_(video_2045.mp4)_f_363.jpg,c_62,c_62,1,0.999872,1
ResNet50,3,c_62_v_(video_2045.mp4)_f_379.jpg,c_62,c_62,1,0.999926,1
ResNet50,3,c_62_v_(video_2045.mp4)_f_846.jpg,c_62,c_62,1,0.999994,1
ResNet50,3,c_62_v_(video_2046.mp4)_f_357.jpg,c_62,c_62,1,0.995694,1
ResNet50,3,c_62_v_(video_2056.mp4)_f_312.jpg,c_62,c_62,1,0.991056,1
ResNet50,3,c_62_v_(video_2056.mp4)_f_56.jpg,c_62,c_62,1,0.983020,1
ResNet50,3,c_62_v_(video_2057.mp4)_f_53.jpg,c_62,c_62,1,0.998266,1
ResNet50,3,c_69_v_(video_2170.mp4)_f_711.jpg,c_69,c_69,1,0.000499,0
ResNet50,3,c_69_v_(video_2171.mp4)_f_40.jpg,c_69,c_69,1,0.999989,1
ResNet50,3,c_72_v_(video_2199.mp4)_f_0.jpg,c_72,c_72,1,0.973244,1
ResNet50,3,c_77_v_(video_2376.mp4)_f_578.jpg,c_77,c_77,1,0.987358,1
ResNet50,3,c_77_v_(video_2376.mp4)_f_817.jpg,c_77,c_77,1,0.974886,1
ResNet50,3,c_77_v_(video_2376.mp4)_f_938.jpg,c_77,c_77,1,0.986296,1
ResNet50,3,c_77_v_(video_2383.mp4)_f_171.jpg,c_77,c_77,1,0.999999,1
ResNet50,3,c_77_v_(video_2383.mp4)_f_54.jpg,c_77,c_77,1,0.999999,1
ResNet50,3,c_87_v_(video_2641.mp4)_f_163.jpg,c_87,c_87,1,0.999525,1
ResNet50,3,c_87_v_(video_2662.mp4)_f_143.jpg,c_87,c_87,1,0.999884,1
ResNet50,3,c_97_v_(video_2912.mp4)_f_71.jpg,c_97,c_97,1,0.998831,1
ResNet50,3,c_97_v_(video_2915.mp4)_f_114.jpg,c_97,c_97,1,0.999999,1
ResNet50,3,c_97_v_(video_2915.mp4)_f_16.jpg,c_97,c_97,1,0.621983,1
ResNet50,3,v_2607_s_2534-2971__f_2861.jpg,v_2607,v_2607_s_2534-2971,0,0.065602,0
ResNet50,3,v_2607_s_2534-2971__f_2591.jpg,v_2607,v_2607_s_2534-2971,0,0.138592,0
ResNet50,3,v_2607_s_2534-2971__f_2546.jpg,v_2607,v_2607_s_2534-2971,0,0.032751,0
ResNet50,3,v_2607_s_2534-2971__f_2913.jpg,v_2607,v_2607_s_2534-2971,0,0.185010,0
ResNet50,3,v_2607_s_2534-2971__f_2674.jpg,v_2607,v_2607_s_2534-2971,0,0.258138,0
ResNet50,3,v_2607_s_2534-2971__f_2659.jpg,v_2607,v_2607_s_2534-2971,0,0.090580,0
ResNet50,3,v_2607_s_2534-2971__f_2648.jpg,v_2607,v_2607_s_2534-2971,0,0.149738,0
ResNet50,3,v_2607_s_2534-2971__f_2605.jpg,v_2607,v_2607_s_2534-2971,0,0.057481,0
ResNet50,3,v_2607_s_2534-2971__f_2911.jpg,v_2607,v_2607_s_2534-2971,0,0.131855,0
ResNet50,3,v_2607_s_2534-2971__f_2586.jpg,v_2607,v_2607_s_2534-2971,0,0.116862,0
ResNet50,3,v_2607_s_2534-2971__f_2880.jpg,v_2607,v_2607_s_2534-2971,0,0.073896,0
ResNet50,3,v_2607_s_2534-2971__f_2967.jpg,v_2607,v_2607_s_2534-2971,0,0.028506,0
ResNet50,3,v_2607_s_2534-2971__f_2813.jpg,v_2607,v_2607_s_2534-2971,0,0.253949,0
ResNet50,3,v_2607_s_2534-2971__f_2578.jpg,v_2607,v_2607_s_2534-2971,0,0.042334,0
ResNet50,3,v_4770_s_2421-2463__f_2461.jpg,v_4770,v_4770_s_2421-2463,0,0.012924,0
ResNet50,3,v_4770_s_2421-2463__f_2428.jpg,v_4770,v_4770_s_2421-2463,0,0.819127,1
ResNet50,3,v_4770_s_2421-2463__f_2422.jpg,v_4770,v_4770_s_2421-2463,0,0.528425,1
ResNet50,3,v_4770_s_2421-2463__f_2438.jpg,v_4770,v_4770_s_2421-2463,0,0.008029,0
ResNet50,3,v_4770_s_2421-2463__f_2436.jpg,v_4770,v_4770_s_2421-2463,0,0.010297,0
ResNet50,3,v_4770_s_2421-2463__f_2435.jpg,v_4770,v_4770_s_2421-2463,0,0.003176,0
ResNet50,3,v_4770_s_2421-2463__f_2429.jpg,v_4770,v_4770_s_2421-2463,0,0.267679,0
ResNet50,3,v_4770_s_2421-2463__f_2427.jpg,v_4770,v_4770_s_2421-2463,0,0.529493,1
ResNet50,3,v_4770_s_2421-2463__f_2426.jpg,v_4770,v_4770_s_2421-2463,0,0.300834,0
ResNet50,3,v_4770_s_2421-2463__f_2448.jpg,v_4770,v_4770_s_2421-2463,0,0.045607,0
ResNet50,3,v_4770_s_2421-2463__f_2423.jpg,v_4770,v_4770_s_2421-2463,0,0.200626,0
ResNet50,3,v_4770_s_2421-2463__f_2421.jpg,v_4770,v_4770_s_2421-2463,0,0.456241,0
ResNet50,3,v_4770_s_2421-2463__f_2452.jpg,v_4770,v_4770_s_2421-2463,0,0.132975,0
ResNet50,3,v_4770_s_2421-2463__f_2455.jpg,v_4770,v_4770_s_2421-2463,0,0.022703,0
ResNet50,3,v_4770_s_2649-3117__f_2976.jpg,v_4770,v_4770_s_2649-3117,0,0.126798,0
ResNet50,3,v_4770_s_2649-3117__f_2706.jpg,v_4770,v_4770_s_2649-3117,0,0.994746,1
ResNet50,3,v_4770_s_2649-3117__f_2661.jpg,v_4770,v_4770_s_2649-3117,0,0.998625,1
ResNet50,3,v_4770_s_2649-3117__f_3028.jpg,v_4770,v_4770_s_2649-3117,0,0.674622,1
ResNet50,3,v_4770_s_2649-3117__f_2789.jpg,v_4770,v_4770_s_2649-3117,0,0.042808,0
ResNet50,3,v_4770_s_2649-3117__f_2774.jpg,v_4770,v_4770_s_2649-3117,0,0.148139,0
ResNet50,3,v_4770_s_2649-3117__f_2763.jpg,v_4770,v_4770_s_2649-3117,0,0.002809,0
ResNet50,3,v_4770_s_2649-3117__f_2720.jpg,v_4770,v_4770_s_2649-3117,0,0.986428,1
ResNet50,3,v_4770_s_2649-3117__f_3026.jpg,v_4770,v_4770_s_2649-3117,0,0.092351,0
ResNet50,3,v_4770_s_2649-3117__f_2701.jpg,v_4770,v_4770_s_2649-3117,0,0.275092,0
ResNet50,3,v_4770_s_2649-3117__f_2995.jpg,v_4770,v_4770_s_2649-3117,0,0.497355,0
ResNet50,3,v_4770_s_2649-3117__f_3113.jpg,v_4770,v_4770_s_2649-3117,0,0.998141,1
ResNet50,3,v_4770_s_2649-3117__f_2928.jpg,v_4770,v_4770_s_2649-3117,0,0.160796,0
ResNet50,3,v_4770_s_30-361__f_96.jpg,v_4770,v_4770_s_30-361,0,0.000150,0
ResNet50,3,v_4770_s_30-361__f_157.jpg,v_4770,v_4770_s_30-361,0,0.007493,0
ResNet50,3,v_4770_s_30-361__f_112.jpg,v_4770,v_4770_s_30-361,0,0.000063,0
ResNet50,3,v_4770_s_30-361__f_240.jpg,v_4770,v_4770_s_30-361,0,0.000002,0
ResNet50,3,v_4770_s_30-361__f_225.jpg,v_4770,v_4770_s_30-361,0,0.000000,0
ResNet50,3,v_4770_s_30-361__f_214.jpg,v_4770,v_4770_s_30-361,0,0.000031,0
ResNet50,3,v_4770_s_30-361__f_171.jpg,v_4770,v_4770_s_30-361,0,0.002133,0
ResNet50,3,v_4770_s_30-361__f_152.jpg,v_4770,v_4770_s_30-361,0,0.002496,0
ResNet50,3,v_4770_s_30-361__f_48.jpg,v_4770,v_4770_s_30-361,0,0.000022,0
ResNet50,3,v_4770_s_30-361__f_144.jpg,v_4770,v_4770_s_30-361,0,0.001136,0
ResNet50,3,v_4770_s_30-361__f_71.jpg,v_4770,v_4770_s_30-361,0,0.000003,0
ResNet50,3,v_4770_s_30-361__f_314.jpg,v_4770,v_4770_s_30-361,0,0.000001,0
ResNet50,3,v_4770_s_30-361__f_116.jpg,v_4770,v_4770_s_30-361,0,0.000042,0
ResNet50,4,c_108_v_(video_3312.mp4)_f_619.jpg,c_108,c_108,1,0.510207,1
ResNet50,4,c_13_v_(video_391.mp4)_f_226.jpg,c_13,c_13,1,0.264353,0
ResNet50,4,c_146_v_(video_4410.mp4)_f_2066.jpg,c_146,c_146,1,0.491343,0
ResNet50,4,c_146_v_(video_4410.mp4)_f_740.jpg,c_146,c_146,1,0.697506,1
ResNet50,4,c_146_v_(video_4412.mp4)_f_43.jpg,c_146,c_146,1,0.796887,1
ResNet50,4,c_157_v_(video_4727.mp4)_f_0.jpg,c_157,c_157,1,0.717186,1
ResNet50,4,c_162_v_(video_4957.mp4)_f_230.jpg,c_162,c_162,1,0.627589,1
ResNet50,4,c_174_v_(video_5312.mp4)_f_1125.jpg,c_174,c_174,1,0.258249,0
ResNet50,4,c_174_v_(video_5312.mp4)_f_1319.jpg,c_174,c_174,1,0.220411,0
ResNet50,4,c_188_v_(video_5701.mp4)_f_226.jpg,c_188,c_188,1,0.959011,1
ResNet50,4,c_1_v_(video_17.mp4)_f_1232.jpg,c_1,c_1,1,0.261688,0
ResNet50,4,c_1_v_(video_17.mp4)_f_530.jpg,c_1,c_1,1,0.617740,1
ResNet50,4,c_1_v_(video_17.mp4)_f_925.jpg,c_1,c_1,1,0.680900,1
ResNet50,4,c_1_v_(video_7.mp4)_f_1299.jpg,c_1,c_1,1,0.298987,0
ResNet50,4,c_1_v_(video_7.mp4)_f_36.jpg,c_1,c_1,1,0.373943,0
ResNet50,4,c_25_v_(video_774.mp4)_f_1246.jpg,c_25,c_25,1,0.252607,0
ResNet50,4,c_25_v_(video_774.mp4)_f_608.jpg,c_25,c_25,1,0.927216,1
ResNet50,4,c_25_v_(video_774.mp4)_f_772.jpg,c_25,c_25,1,0.821345,1
ResNet50,4,c_25_v_(video_776.mp4)_f_1436.jpg,c_25,c_25,1,0.936769,1
ResNet50,4,c_25_v_(video_776.mp4)_f_750.jpg,c_25,c_25,1,0.884704,1
ResNet50,4,c_25_v_(video_777.mp4)_f_33.jpg,c_25,c_25,1,0.587270,1
ResNet50,4,c_3_v_(video_24.mp4)_f_72.jpg,c_3,c_3,1,0.299206,0
ResNet50,4,c_3_v_(video_25.mp4)_f_238.jpg,c_3,c_3,1,0.526873,1
ResNet50,4,c_3_v_(video_25.mp4)_f_249.jpg,c_3,c_3,1,0.373717,0
ResNet50,4,c_3_v_(video_25.mp4)_f_348.jpg,c_3,c_3,1,0.190257,0
ResNet50,4,c_3_v_(video_27.mp4)_f_163.jpg,c_3,c_3,1,0.197418,0
ResNet50,4,c_3_v_(video_27.mp4)_f_338.jpg,c_3,c_3,1,0.480320,0
ResNet50,4,c_3_v_(video_27.mp4)_f_501.jpg,c_3,c_3,1,0.653970,1
ResNet50,4,c_3_v_(video_29.mp4)_f_287.jpg,c_3,c_3,1,0.483324,0
ResNet50,4,c_3_v_(video_29.mp4)_f_443.jpg,c_3,c_3,1,0.668573,1
ResNet50,4,c_3_v_(video_29.mp4)_f_480.jpg,c_3,c_3,1,0.559786,1
ResNet50,4,c_3_v_(video_29.mp4)_f_510.jpg,c_3,c_3,1,0.312261,0
ResNet50,4,c_3_v_(video_29.mp4)_f_627.jpg,c_3,c_3,1,0.414981,0
ResNet50,4,c_46_v_(video_1405.mp4)_f_299.jpg,c_46,c_46,1,0.210081,0
ResNet50,4,c_46_v_(video_1405.mp4)_f_36.jpg,c_46,c_46,1,0.220883,0
ResNet50,4,c_46_v_(video_1405.mp4)_f_568.jpg,c_46,c_46,1,0.231954,0
ResNet50,4,c_46_v_(video_1406.mp4)_f_108.jpg,c_46,c_46,1,0.545509,1
ResNet50,4,c_46_v_(video_1406.mp4)_f_209.jpg,c_46,c_46,1,0.750950,1
ResNet50,4,c_46_v_(video_1406.mp4)_f_426.jpg,c_46,c_46,1,0.383058,0
ResNet50,4,c_46_v_(video_1406.mp4)_f_81.jpg,c_46,c_46,1,0.285152,0
ResNet50,4,c_4_v_(video_47.mp4)_f_3852.jpg,c_4,c_4,1,0.549610,1
ResNet50,4,c_4_v_(video_48.mp4)_f_402.jpg,c_4,c_4,1,0.855056,1
ResNet50,4,c_57_v_(video_1790.mp4)_f_557.jpg,c_57,c_57,1,0.826316,1
ResNet50,4,c_5_v_(video_62.mp4)_f_681.jpg,c_5,c_5,1,0.907096,1
ResNet50,4,c_5_v_(video_64.mp4)_f_712.jpg,c_5,c_5,1,0.823652,1
ResNet50,4,c_5_v_(video_66.mp4)_f_1754.jpg,c_5,c_5,1,0.964305,1
ResNet50,4,c_5_v_(video_66.mp4)_f_3.jpg,c_5,c_5,1,0.841946,1
ResNet50,4,c_6_v_(video_112.mp4)_f_1122.jpg,c_6,c_6,1,0.494773,0
ResNet50,4,c_6_v_(video_112.mp4)_f_120.jpg,c_6,c_6,1,0.679999,1
ResNet50,4,c_6_v_(video_112.mp4)_f_174.jpg,c_6,c_6,1,0.784705,1
ResNet50,4,c_6_v_(video_112.mp4)_f_709.jpg,c_6,c_6,1,0.700385,1
ResNet50,4,c_6_v_(video_84.mp4)_f_459.jpg,c_6,c_6,1,0.787595,1
ResNet50,4,c_6_v_(video_84.mp4)_f_695.jpg,c_6,c_6,1,0.697442,1
ResNet50,4,c_6_v_(video_84.mp4)_f_93.jpg,c_6,c_6,1,0.695765,1
ResNet50,4,c_6_v_(video_89.mp4)_f_177.jpg,c_6,c_6,1,0.960775,1
ResNet50,4,c_6_v_(video_89.mp4)_f_340.jpg,c_6,c_6,1,0.946055,1
ResNet50,4,c_6_v_(video_89.mp4)_f_511.jpg,c_6,c_6,1,0.870804,1
ResNet50,4,c_6_v_(video_90.mp4)_f_212.jpg,c_6,c_6,1,0.891603,1
ResNet50,4,c_6_v_(video_90.mp4)_f_684.jpg,c_6,c_6,1,0.969537,1
ResNet50,4,c_6_v_(video_95.mp4)_f_173.jpg,c_6,c_6,1,0.901848,1
ResNet50,4,c_6_v_(video_95.mp4)_f_226.jpg,c_6,c_6,1,0.909921,1
ResNet50,4,c_6_v_(video_96.mp4)_f_84.jpg,c_6,c_6,1,0.935560,1
ResNet50,4,c_76_v_(video_2329.mp4)_f_1012.jpg,c_76,c_76,1,0.579898,1
ResNet50,4,c_76_v_(video_2329.mp4)_f_59.jpg,c_76,c_76,1,0.491701,0
ResNet50,4,c_76_v_(video_2330.mp4)_f_161.jpg,c_76,c_76,1,0.062981,0
ResNet50,4,c_76_v_(video_2364.mp4)_f_25.jpg,c_76,c_76,1,0.867142,1
ResNet50,4,c_92_v_(video_2749.mp4)_f_25.jpg,c_92,c_92,1,0.434519,0
ResNet50,4,c_92_v_(video_2787.mp4)_f_199.jpg,c_92,c_92,1,0.703710,1
ResNet50,4,c_92_v_(video_2787.mp4)_f_462.jpg,c_92,c_92,1,0.322133,0
ResNet50,4,c_99_v_(video_2998.mp4)_f_256.jpg,c_99,c_99,1,0.831927,1
ResNet50,4,c_99_v_(video_2998.mp4)_f_73.jpg,c_99,c_99,1,0.637547,1
ResNet50,4,c_99_v_(video_3000.mp4)_f_51.jpg,c_99,c_99,1,0.065392,0
ResNet50,4,c_99_v_(video_3006.mp4)_f_102.jpg,c_99,c_99,1,0.758452,1
ResNet50,4,c_99_v_(video_3041.mp4)_f_0.jpg,c_99,c_99,1,0.966194,1
ResNet50,4,c_9_v_(video_168.mp4)_f_1146.jpg,c_9,c_9,1,0.368133,0
ResNet50,4,c_9_v_(video_168.mp4)_f_2210.jpg,c_9,c_9,1,0.887394,1
ResNet50,4,c_9_v_(video_168.mp4)_f_515.jpg,c_9,c_9,1,0.878646,1
ResNet50,4,c_9_v_(video_168.mp4)_f_517.jpg,c_9,c_9,1,0.889996,1
ResNet50,4,c_9_v_(video_168.mp4)_f_670.jpg,c_9,c_9,1,0.768258,1
ResNet50,4,c_9_v_(video_169.mp4)_f_79.jpg,c_9,c_9,1,0.285383,0
ResNet50,4,c_9_v_(video_170.mp4)_f_111.jpg,c_9,c_9,1,0.940490,1
ResNet50,4,c_9_v_(video_172.mp4)_f_0.jpg,c_9,c_9,1,0.841585,1
ResNet50,4,v_2506_s_0-95__f_82.jpg,v_2506,v_2506_s_0-95,0,0.310703,0
ResNet50,4,v_2506_s_0-95__f_21.jpg,v_2506,v_2506_s_0-95,0,0.305087,0
ResNet50,4,v_2506_s_0-95__f_11.jpg,v_2506,v_2506_s_0-95,0,0.400130,0
ResNet50,4,v_2506_s_0-95__f_40.jpg,v_2506,v_2506_s_0-95,0,0.161011,0
ResNet50,4,v_2506_s_0-95__f_37.jpg,v_2506,v_2506_s_0-95,0,0.287462,0
ResNet50,4,v_2506_s_0-95__f_34.jpg,v_2506,v_2506_s_0-95,0,0.260930,0
ResNet50,4,v_2506_s_0-95__f_24.jpg,v_2506,v_2506_s_0-95,0,0.307215,0
ResNet50,4,v_2506_s_0-95__f_20.jpg,v_2506,v_2506_s_0-95,0,0.282550,0
ResNet50,4,v_2506_s_0-95__f_87.jpg,v_2506,v_2506_s_0-95,0,0.217976,0
ResNet50,4,v_2506_s_0-95__f_71.jpg,v_2506,v_2506_s_0-95,0,0.275356,0
ResNet50,4,v_2506_s_0-95__f_19.jpg,v_2506,v_2506_s_0-95,0,0.382732,0
ResNet50,4,v_2506_s_0-95__f_77.jpg,v_2506,v_2506_s_0-95,0,0.351318,0
ResNet50,4,v_2506_s_0-95__f_58.jpg,v_2506,v_2506_s_0-95,0,0.299101,0
ResNet50,4,v_2506_s_0-95__f_12.jpg,v_2506,v_2506_s_0-95,0,0.286346,0
ResNet50,4,v_2736_s_19-698__f_75.jpg,v_2736,v_2736_s_19-698,0,0.305389,0
ResNet50,4,v_2736_s_19-698__f_211.jpg,v_2736,v_2736_s_19-698,0,0.392232,0
ResNet50,4,v_2736_s_19-698__f_125.jpg,v_2736,v_2736_s_19-698,0,0.275784,0
ResNet50,4,v_2736_s_19-698__f_363.jpg,v_2736,v_2736_s_19-698,0,0.683640,1
ResNet50,4,v_2736_s_19-698__f_335.jpg,v_2736,v_2736_s_19-698,0,0.137228,0
ResNet50,4,v_2736_s_19-698__f_315.jpg,v_2736,v_2736_s_19-698,0,0.297057,0
ResNet50,4,v_2736_s_19-698__f_237.jpg,v_2736,v_2736_s_19-698,0,0.361312,0
ResNet50,4,v_2736_s_19-698__f_202.jpg,v_2736,v_2736_s_19-698,0,0.348134,0
ResNet50,4,v_2736_s_19-698__f_615.jpg,v_2736,v_2736_s_19-698,0,0.951996,1
ResNet50,4,v_2736_s_19-698__f_189.jpg,v_2736,v_2736_s_19-698,0,0.253296,0
ResNet50,4,v_2736_s_19-698__f_657.jpg,v_2736,v_2736_s_19-698,0,0.358903,0
ResNet50,4,v_2736_s_19-698__f_500.jpg,v_2736,v_2736_s_19-698,0,0.084716,0
ResNet50,4,v_2736_s_19-698__f_132.jpg,v_2736,v_2736_s_19-698,0,0.218410,0
ResNet50,4,v_2736_s_19-698__f_130.jpg,v_2736,v_2736_s_19-698,0,0.234640,0
ResNet50,4,v_3315_s_1-237__f_33.jpg,v_3315,v_3315_s_1-237,0,0.081114,0
ResNet50,4,v_3315_s_1-237__f_124.jpg,v_3315,v_3315_s_1-237,0,0.137379,0
ResNet50,4,v_3315_s_1-237__f_104.jpg,v_3315,v_3315_s_1-237,0,0.190928,0
ResNet50,4,v_3315_s_1-237__f_57.jpg,v_3315,v_3315_s_1-237,0,0.116112,0
ResNet50,4,v_3315_s_1-237__f_162.jpg,v_3315,v_3315_s_1-237,0,0.086196,0
ResNet50,4,v_3315_s_1-237__f_155.jpg,v_3315,v_3315_s_1-237,0,0.081102,0
ResNet50,4,v_3315_s_1-237__f_150.jpg,v_3315,v_3315_s_1-237,0,0.157936,0
ResNet50,4,v_3315_s_1-237__f_130.jpg,v_3315,v_3315_s_1-237,0,0.121535,0
ResNet50,4,v_3315_s_1-237__f_56.jpg,v_3315,v_3315_s_1-237,0,0.112340,0
ResNet50,4,v_3315_s_1-237__f_122.jpg,v_3315,v_3315_s_1-237,0,0.127258,0
ResNet50,4,v_3315_s_1-237__f_42.jpg,v_3315,v_3315_s_1-237,0,0.154805,0
ResNet50,4,v_3315_s_1-237__f_96.jpg,v_3315,v_3315_s_1-237,0,0.167468,0
ResNet50,4,v_3315_s_1-237__f_224.jpg,v_3315,v_3315_s_1-237,0,0.205907,0
ResNet50,4,v_3315_s_1-237__f_119.jpg,v_3315,v_3315_s_1-237,0,0.113471,0
ResNet50,4,v_3528_s_1030-2231__f_1258.jpg,v_3528,v_3528_s_1030-2231,0,0.078058,0
ResNet50,4,v_3528_s_1030-2231__f_1081.jpg,v_3528,v_3528_s_1030-2231,0,0.260026,0
ResNet50,4,v_3528_s_1030-2231__f_1593.jpg,v_3528,v_3528_s_1030-2231,0,0.582890,1
ResNet50,4,v_3528_s_1030-2231__f_1531.jpg,v_3528,v_3528_s_1030-2231,0,0.630534,1
ResNet50,4,v_3528_s_1030-2231__f_1487.jpg,v_3528,v_3528_s_1030-2231,0,0.603849,1
ResNet50,4,v_3528_s_1030-2231__f_1315.jpg,v_3528,v_3528_s_1030-2231,0,0.466146,0
ResNet50,4,v_3528_s_1030-2231__f_1239.jpg,v_3528,v_3528_s_1030-2231,0,0.247167,0
ResNet50,4,v_3528_s_1030-2231__f_2146.jpg,v_3528,v_3528_s_1030-2231,0,0.269525,0
ResNet50,4,v_3528_s_1030-2231__f_1208.jpg,v_3528,v_3528_s_1030-2231,0,0.244828,0
ResNet50,4,v_3528_s_1030-2231__f_1894.jpg,v_3528,v_3528_s_1030-2231,0,0.353049,0
ResNet50,4,v_3528_s_1030-2231__f_1095.jpg,v_3528,v_3528_s_1030-2231,0,0.515023,1
ResNet50,4,v_3528_s_1030-2231__f_1091.jpg,v_3528,v_3528_s_1030-2231,0,0.578408,1
ResNet50,4,v_3528_s_1030-2231__f_1221.jpg,v_3528,v_3528_s_1030-2231,0,0.204227,0
ResNet50,4,v_3528_s_1030-2231__f_1477.jpg,v_3528,v_3528_s_1030-2231,0,0.480682,0
ResNet50,4,v_3528_s_179-537__f_506.jpg,v_3528,v_3528_s_179-537,0,0.249351,0
ResNet50,4,v_3528_s_179-537__f_236.jpg,v_3528,v_3528_s_179-537,0,0.436728,0
ResNet50,4,v_3528_s_179-537__f_191.jpg,v_3528,v_3528_s_179-537,0,0.241454,0
ResNet50,4,v_3528_s_179-537__f_319.jpg,v_3528,v_3528_s_179-537,0,0.682902,1
ResNet50,4,v_3528_s_179-537__f_304.jpg,v_3528,v_3528_s_179-537,0,0.867035,1
ResNet50,4,v_3528_s_179-537__f_293.jpg,v_3528,v_3528_s_179-537,0,0.637308,1
ResNet50,4,v_3528_s_179-537__f_250.jpg,v_3528,v_3528_s_179-537,0,0.397850,0
ResNet50,4,v_3528_s_179-537__f_231.jpg,v_3528,v_3528_s_179-537,0,0.340084,0
ResNet50,4,v_3528_s_179-537__f_525.jpg,v_3528,v_3528_s_179-537,0,0.099050,0
ResNet50,4,v_3528_s_179-537__f_458.jpg,v_3528,v_3528_s_179-537,0,0.135283,0
ResNet50,4,v_3528_s_179-537__f_223.jpg,v_3528,v_3528_s_179-537,0,0.478797,0
ResNet50,4,v_3528_s_179-537__f_481.jpg,v_3528,v_3528_s_179-537,0,0.432628,0
ResNet50,4,v_3528_s_179-537__f_395.jpg,v_3528,v_3528_s_179-537,0,0.439322,0
ResNet50,4,v_3528_s_179-537__f_195.jpg,v_3528,v_3528_s_179-537,0,0.322497,0
ResNet50,4,v_3598_s_197-518__f_254.jpg,v_3598,v_3598_s_197-518,0,0.424262,0
ResNet50,4,v_3598_s_197-518__f_209.jpg,v_3598,v_3598_s_197-518,0,0.595664,1
ResNet50,4,v_3598_s_197-518__f_337.jpg,v_3598,v_3598_s_197-518,0,0.389203,0
ResNet50,4,v_3598_s_197-518__f_322.jpg,v_3598,v_3598_s_197-518,0,0.494925,0
ResNet50,4,v_3598_s_197-518__f_311.jpg,v_3598,v_3598_s_197-518,0,0.278452,0
ResNet50,4,v_3598_s_197-518__f_268.jpg,v_3598,v_3598_s_197-518,0,0.132449,0
ResNet50,4,v_3598_s_197-518__f_249.jpg,v_3598,v_3598_s_197-518,0,0.463030,0
ResNet50,4,v_3598_s_197-518__f_476.jpg,v_3598,v_3598_s_197-518,0,0.547672,1
ResNet50,4,v_3598_s_197-518__f_241.jpg,v_3598,v_3598_s_197-518,0,0.696814,1
ResNet50,4,v_3598_s_197-518__f_499.jpg,v_3598,v_3598_s_197-518,0,0.128200,0
ResNet50,4,v_3598_s_197-518__f_413.jpg,v_3598,v_3598_s_197-518,0,0.230214,0
ResNet50,4,v_3598_s_197-518__f_213.jpg,v_3598,v_3598_s_197-518,0,0.598757,1
ResNet50,4,v_3598_s_197-518__f_212.jpg,v_3598,v_3598_s_197-518,0,0.638872,1
ResNet50,4,v_3598_s_197-518__f_244.jpg,v_3598,v_3598_s_197-518,0,0.590714,1
ResNet50,4,v_5280_s_89-491__f_427.jpg,v_5280,v_5280_s_89-491,0,0.283238,0
ResNet50,4,v_5280_s_89-491__f_157.jpg,v_5280,v_5280_s_89-491,0,0.362257,0
ResNet50,4,v_5280_s_89-491__f_112.jpg,v_5280,v_5280_s_89-491,0,0.228463,0
ResNet50,4,v_5280_s_89-491__f_479.jpg,v_5280,v_5280_s_89-491,0,0.299014,0
ResNet50,4,v_5280_s_89-491__f_240.jpg,v_5280,v_5280_s_89-491,0,0.218545,0
ResNet50,4,v_5280_s_89-491__f_225.jpg,v_5280,v_5280_s_89-491,0,0.301007,0
ResNet50,4,v_5280_s_89-491__f_214.jpg,v_5280,v_5280_s_89-491,0,0.366540,0
ResNet50,4,v_5280_s_89-491__f_171.jpg,v_5280,v_5280_s_89-491,0,0.264599,0
ResNet50,4,v_5280_s_89-491__f_477.jpg,v_5280,v_5280_s_89-491,0,0.334313,0
ResNet50,4,v_5280_s_89-491__f_152.jpg,v_5280,v_5280_s_89-491,0,0.286526,0
ResNet50,4,v_5280_s_89-491__f_446.jpg,v_5280,v_5280_s_89-491,0,0.406421,0
ResNet50,4,v_5280_s_89-491__f_96.jpg,v_5280,v_5280_s_89-491,0,0.161903,0
ResNet50,4,v_5280_s_89-491__f_379.jpg,v_5280,v_5280_s_89-491,0,0.288252,0
EfficientNet-B0,0,c_121_v_(video_3630.mp4)_f_37.jpg,c_121,c_121,1,0.988636,1
EfficientNet-B0,0,c_12_v_(video_364.mp4)_f_253.jpg,c_12,c_12,1,0.965991,1
EfficientNet-B0,0,c_12_v_(video_365.mp4)_f_174.jpg,c_12,c_12,1,0.974967,1
EfficientNet-B0,0,c_12_v_(video_365.mp4)_f_49.jpg,c_12,c_12,1,0.855590,1
EfficientNet-B0,0,c_12_v_(video_368.mp4)_f_167.jpg,c_12,c_12,1,0.900162,1
EfficientNet-B0,0,c_12_v_(video_368.mp4)_f_261.jpg,c_12,c_12,1,0.926258,1
EfficientNet-B0,0,c_12_v_(video_370.mp4)_f_25.jpg,c_12,c_12,1,0.995580,1
EfficientNet-B0,0,c_12_v_(video_370.mp4)_f_67.jpg,c_12,c_12,1,0.991858,1
EfficientNet-B0,0,c_135_v_(video_4058.mp4)_f_1.jpg,c_135,c_135,1,0.890252,1
EfficientNet-B0,0,c_135_v_(video_4079.mp4)_f_229.jpg,c_135,c_135,1,0.164283,0
EfficientNet-B0,0,c_159_v_(video_4770.mp4)_f_4585.jpg,c_159,c_159,1,0.683596,1
EfficientNet-B0,0,c_165_v_(video_5033.mp4)_f_19.jpg,c_165,c_165,1,0.583342,1
EfficientNet-B0,0,c_165_v_(video_5033.mp4)_f_547.jpg,c_165,c_165,1,0.869495,1
EfficientNet-B0,0,c_165_v_(video_5035.mp4)_f_13.jpg,c_165,c_165,1,0.979123,1
EfficientNet-B0,0,c_165_v_(video_5037.mp4)_f_1790.jpg,c_165,c_165,1,0.990207,1
EfficientNet-B0,0,c_165_v_(video_5038.mp4)_f_161.jpg,c_165,c_165,1,0.988634,1
EfficientNet-B0,0,c_165_v_(video_5046.mp4)_f_117.jpg,c_165,c_165,1,0.950248,1
EfficientNet-B0,0,c_165_v_(video_5046.mp4)_f_180.jpg,c_165,c_165,1,0.997659,1
EfficientNet-B0,0,c_165_v_(video_5046.mp4)_f_962.jpg,c_165,c_165,1,0.953481,1
EfficientNet-B0,0,c_169_v_(video_5210.mp4)_f_102.jpg,c_169,c_169,1,0.989957,1
EfficientNet-B0,0,c_169_v_(video_5211.mp4)_f_104.jpg,c_169,c_169,1,0.990335,1
EfficientNet-B0,0,c_173_v_(video_5306.mp4)_f_20.jpg,c_173,c_173,1,0.830713,1
EfficientNet-B0,0,c_173_v_(video_5306.mp4)_f_228.jpg,c_173,c_173,1,0.321653,0
EfficientNet-B0,0,c_20_v_(video_539.mp4)_f_16.jpg,c_20,c_20,1,0.431399,0
EfficientNet-B0,0,c_20_v_(video_539.mp4)_f_201.jpg,c_20,c_20,1,0.175012,0
EfficientNet-B0,0,c_20_v_(video_539.mp4)_f_305.jpg,c_20,c_20,1,0.937328,1
EfficientNet-B0,0,c_20_v_(video_539.mp4)_f_560.jpg,c_20,c_20,1,0.906227,1
EfficientNet-B0,0,c_20_v_(video_539.mp4)_f_800.jpg,c_20,c_20,1,0.975271,1
EfficientNet-B0,0,c_24_v_(video_693.mp4)_f_136.jpg,c_24,c_24,1,0.774049,1
EfficientNet-B0,0,c_24_v_(video_693.mp4)_f_1495.jpg,c_24,c_24,1,0.852652,1
EfficientNet-B0,0,c_24_v_(video_693.mp4)_f_1606.jpg,c_24,c_24,1,0.922775,1
EfficientNet-B0,0,c_24_v_(video_693.mp4)_f_1630.jpg,c_24,c_24,1,0.545148,1
EfficientNet-B0,0,c_24_v_(video_693.mp4)_f_1697.jpg,c_24,c_24,1,0.840024,1
EfficientNet-B0,0,c_24_v_(video_695.mp4)_f_166.jpg,c_24,c_24,1,0.893338,1
EfficientNet-B0,0,c_24_v_(video_704.mp4)_f_198.jpg,c_24,c_24,1,0.999242,1
EfficientNet-B0,0,c_295_v_(video_9755.mp4)_f_3595.jpg,c_295,c_295,1,0.973728,1
EfficientNet-B0,0,c_33_v_(video_1058.mp4)_f_1034.jpg,c_33,c_33,1,0.949717,1
EfficientNet-B0,0,c_33_v_(video_1058.mp4)_f_1254.jpg,c_33,c_33,1,0.992633,1
EfficientNet-B0,0,c_33_v_(video_1058.mp4)_f_1427.jpg,c_33,c_33,1,0.990830,1
EfficientNet-B0,0,c_34_v_(video_1099.mp4)_f_261.jpg,c_34,c_34,1,0.956487,1
EfficientNet-B0,0,c_34_v_(video_1099.mp4)_f_5.jpg,c_34,c_34,1,0.820340,1
EfficientNet-B0,0,c_49_v_(video_1561.mp4)_f_1248.jpg,c_49,c_49,1,0.993886,1
EfficientNet-B0,0,c_49_v_(video_1561.mp4)_f_1299.jpg,c_49,c_49,1,0.992422,1
EfficientNet-B0,0,c_49_v_(video_1561.mp4)_f_141.jpg,c_49,c_49,1,0.993624,1
EfficientNet-B0,0,c_49_v_(video_1561.mp4)_f_202.jpg,c_49,c_49,1,0.995366,1
EfficientNet-B0,0,c_49_v_(video_1561.mp4)_f_334.jpg,c_49,c_49,1,0.987558,1
EfficientNet-B0,0,c_49_v_(video_1561.mp4)_f_411.jpg,c_49,c_49,1,0.992613,1
EfficientNet-B0,0,c_50_v_(video_1589.mp4)_f_109.jpg,c_50,c_50,1,0.983710,1
EfficientNet-B0,0,c_50_v_(video_1589.mp4)_f_220.jpg,c_50,c_50,1,0.996284,1
EfficientNet-B0,0,c_59_v_(video_1898.mp4)_f_1838.jpg,c_59,c_59,1,0.932802,1
EfficientNet-B0,0,c_59_v_(video_1898.mp4)_f_47.jpg,c_59,c_59,1,0.711144,1
EfficientNet-B0,0,c_59_v_(video_1898.mp4)_f_917.jpg,c_59,c_59,1,0.996539,1
EfficientNet-B0,0,c_61_v_(video_1990.mp4)_f_194.jpg,c_61,c_61,1,0.995197,1
EfficientNet-B0,0,c_61_v_(video_1991.mp4)_f_140.jpg,c_61,c_61,1,0.994555,1
EfficientNet-B0,0,c_61_v_(video_1991.mp4)_f_83.jpg,c_61,c_61,1,0.980572,1
EfficientNet-B0,0,c_63_v_(video_2060.mp4)_f_0.jpg,c_63,c_63,1,0.988747,1
EfficientNet-B0,0,c_79_v_(video_2401.mp4)_f_210.jpg,c_79,c_79,1,0.942285,1
EfficientNet-B0,0,c_79_v_(video_2403.mp4)_f_1001.jpg,c_79,c_79,1,0.989955,1
EfficientNet-B0,0,c_79_v_(video_2404.mp4)_f_688.jpg,c_79,c_79,1,0.912011,1
EfficientNet-B0,0,c_79_v_(video_2405.mp4)_f_42.jpg,c_79,c_79,1,0.994876,1
EfficientNet-B0,0,c_8_v_(video_145.mp4)_f_496.jpg,c_8,c_8,1,0.304455,0
EfficientNet-B0,0,c_8_v_(video_146.mp4)_f_298.jpg,c_8,c_8,1,0.984795,1
EfficientNet-B0,0,c_8_v_(video_146.mp4)_f_344.jpg,c_8,c_8,1,0.963540,1
EfficientNet-B0,0,c_8_v_(video_146.mp4)_f_388.jpg,c_8,c_8,1,0.996157,1
EfficientNet-B0,0,c_8_v_(video_147.mp4)_f_11.jpg,c_8,c_8,1,0.993574,1
EfficientNet-B0,0,c_8_v_(video_148.mp4)_f_1079.jpg,c_8,c_8,1,0.931135,1
EfficientNet-B0,0,c_8_v_(video_148.mp4)_f_164.jpg,c_8,c_8,1,0.934809,1
EfficientNet-B0,0,c_8_v_(video_148.mp4)_f_185.jpg,c_8,c_8,1,0.932802,1
EfficientNet-B0,0,c_8_v_(video_148.mp4)_f_2515.jpg,c_8,c_8,1,0.987403,1
EfficientNet-B0,0,c_8_v_(video_148.mp4)_f_2723.jpg,c_8,c_8,1,0.977225,1
EfficientNet-B0,0,c_8_v_(video_148.mp4)_f_973.jpg,c_8,c_8,1,0.638137,1
EfficientNet-B0,0,c_8_v_(video_153.mp4)_f_2707.jpg,c_8,c_8,1,0.953086,1
EfficientNet-B0,0,c_93_v_(video_2819.mp4)_f_1744.jpg,c_93,c_93,1,0.997728,1
EfficientNet-B0,0,c_93_v_(video_2819.mp4)_f_992.jpg,c_93,c_93,1,0.995969,1
EfficientNet-B0,0,c_93_v_(video_2824.mp4)_f_0.jpg,c_93,c_93,1,0.684532,1
EfficientNet-B0,0,c_93_v_(video_2824.mp4)_f_116.jpg,c_93,c_93,1,0.952980,1
EfficientNet-B0,0,c_93_v_(video_2824.mp4)_f_283.jpg,c_93,c_93,1,0.972014,1
EfficientNet-B0,0,c_93_v_(video_2824.mp4)_f_383.jpg,c_93,c_93,1,0.862338,1
EfficientNet-B0,0,c_93_v_(video_2824.mp4)_f_436.jpg,c_93,c_93,1,0.932845,1
EfficientNet-B0,0,c_93_v_(video_2846.mp4)_f_54.jpg,c_93,c_93,1,0.985304,1
EfficientNet-B0,0,v_3312_s_0-278__f_15.jpg,v_3312,v_3312_s_0-278,0,0.764058,1
EfficientNet-B0,0,v_3312_s_0-278__f_109.jpg,v_3312,v_3312_s_0-278,0,0.648315,1
EfficientNet-B0,0,v_3312_s_0-278__f_224.jpg,v_3312,v_3312_s_0-278,0,0.922005,1
EfficientNet-B0,0,v_3312_s_0-278__f_210.jpg,v_3312,v_3312_s_0-278,0,0.925366,1
EfficientNet-B0,0,v_3312_s_0-278__f_200.jpg,v_3312,v_3312_s_0-278,0,0.456106,0
EfficientNet-B0,0,v_3312_s_0-278__f_162.jpg,v_3312,v_3312_s_0-278,0,0.085222,0
EfficientNet-B0,0,v_3312_s_0-278__f_145.jpg,v_3312,v_3312_s_0-278,0,0.429660,0
EfficientNet-B0,0,v_3312_s_0-278__f_138.jpg,v_3312,v_3312_s_0-278,0,0.592422,1
EfficientNet-B0,0,v_3312_s_0-278__f_43.jpg,v_3312,v_3312_s_0-278,0,0.446527,0
EfficientNet-B0,0,v_3312_s_0-278__f_112.jpg,v_3312,v_3312_s_0-278,0,0.703586,1
EfficientNet-B0,0,v_3312_s_0-278__f_111.jpg,v_3312,v_3312_s_0-278,0,0.656603,1
EfficientNet-B0,0,v_3312_s_0-278__f_140.jpg,v_3312,v_3312_s_0-278,0,0.402205,0
EfficientNet-B0,0,v_3312_s_0-278__f_199.jpg,v_3312,v_3312_s_0-278,0,0.632269,1
EfficientNet-B0,0,v_3312_s_0-278__f_205.jpg,v_3312,v_3312_s_0-278,0,0.610173,1
EfficientNet-B0,0,v_3312_s_1737-1823__f_1818.jpg,v_3312,v_3312_s_1737-1823,0,0.058427,0
EfficientNet-B0,0,v_3312_s_1737-1823__f_1751.jpg,v_3312,v_3312_s_1737-1823,0,0.918012,1
EfficientNet-B0,0,v_3312_s_1737-1823__f_1740.jpg,v_3312,v_3312_s_1737-1823,0,0.751424,1
EfficientNet-B0,0,v_3312_s_1737-1823__f_1772.jpg,v_3312,v_3312_s_1737-1823,0,0.396535,0
EfficientNet-B0,0,v_3312_s_1737-1823__f_1768.jpg,v_3312,v_3312_s_1737-1823,0,0.818966,1
EfficientNet-B0,0,v_3312_s_1737-1823__f_1765.jpg,v_3312,v_3312_s_1737-1823,0,0.523626,1
EfficientNet-B0,0,v_3312_s_1737-1823__f_1754.jpg,v_3312,v_3312_s_1737-1823,0,0.827073,1
EfficientNet-B0,0,v_3312_s_1737-1823__f_1750.jpg,v_3312,v_3312_s_1737-1823,0,0.861773,1
EfficientNet-B0,0,v_3312_s_1737-1823__f_1806.jpg,v_3312,v_3312_s_1737-1823,0,0.465362,0
EfficientNet-B0,0,v_3312_s_1737-1823__f_1748.jpg,v_3312,v_3312_s_1737-1823,0,0.783415,1
EfficientNet-B0,0,v_3312_s_1737-1823__f_1812.jpg,v_3312,v_3312_s_1737-1823,0,0.350702,0
EfficientNet-B0,0,v_3312_s_1737-1823__f_1791.jpg,v_3312,v_3312_s_1737-1823,0,0.472109,0
EfficientNet-B0,0,v_3312_s_1737-1823__f_1741.jpg,v_3312,v_3312_s_1737-1823,0,0.856297,1
EfficientNet-B0,0,v_3312_s_1737-1823__f_1820.jpg,v_3312,v_3312_s_1737-1823,0,0.304435,0
EfficientNet-B0,0,v_3712_s_367-410__f_407.jpg,v_3712,v_3712_s_367-410,0,0.080735,0
EfficientNet-B0,0,v_3712_s_367-410__f_374.jpg,v_3712,v_3712_s_367-410,0,0.407733,0
EfficientNet-B0,0,v_3712_s_367-410__f_368.jpg,v_3712,v_3712_s_367-410,0,0.692687,1
EfficientNet-B0,0,v_3712_s_367-410__f_384.jpg,v_3712,v_3712_s_367-410,0,0.369321,0
EfficientNet-B0,0,v_3712_s_367-410__f_382.jpg,v_3712,v_3712_s_367-410,0,0.262370,0
EfficientNet-B0,0,v_3712_s_367-410__f_381.jpg,v_3712,v_3712_s_367-410,0,0.322456,0
EfficientNet-B0,0,v_3712_s_367-410__f_375.jpg,v_3712,v_3712_s_367-410,0,0.494178,0
EfficientNet-B0,0,v_3712_s_367-410__f_373.jpg,v_3712,v_3712_s_367-410,0,0.387186,0
EfficientNet-B0,0,v_3712_s_367-410__f_401.jpg,v_3712,v_3712_s_367-410,0,0.053238,0
EfficientNet-B0,0,v_3712_s_367-410__f_372.jpg,v_3712,v_3712_s_367-410,0,0.407925,0
EfficientNet-B0,0,v_3712_s_367-410__f_394.jpg,v_3712,v_3712_s_367-410,0,0.061545,0
EfficientNet-B0,0,v_3712_s_367-410__f_369.jpg,v_3712,v_3712_s_367-410,0,0.452590,0
EfficientNet-B0,0,v_3712_s_367-410__f_367.jpg,v_3712,v_3712_s_367-410,0,0.725376,1
EfficientNet-B0,0,v_3712_s_367-410__f_398.jpg,v_3712,v_3712_s_367-410,0,0.057316,0
EfficientNet-B0,0,v_3712_s_949-1095__f_1028.jpg,v_3712,v_3712_s_949-1095,0,0.125689,0
EfficientNet-B0,0,v_3712_s_949-1095__f_1006.jpg,v_3712,v_3712_s_949-1095,0,0.196758,0
EfficientNet-B0,0,v_3712_s_949-1095__f_1070.jpg,v_3712,v_3712_s_949-1095,0,0.071148,0
EfficientNet-B0,0,v_3712_s_949-1095__f_1062.jpg,v_3712,v_3712_s_949-1095,0,0.019736,0
EfficientNet-B0,0,v_3712_s_949-1095__f_1057.jpg,v_3712,v_3712_s_949-1095,0,0.104569,0
EfficientNet-B0,0,v_3712_s_949-1095__f_1035.jpg,v_3712,v_3712_s_949-1095,0,0.094258,0
EfficientNet-B0,0,v_3712_s_949-1095__f_1026.jpg,v_3712,v_3712_s_949-1095,0,0.100752,0
EfficientNet-B0,0,v_3712_s_949-1095__f_1022.jpg,v_3712,v_3712_s_949-1095,0,0.121530,0
EfficientNet-B0,0,v_3712_s_949-1095__f_962.jpg,v_3712,v_3712_s_949-1095,0,0.188385,0
EfficientNet-B0,0,v_3712_s_949-1095__f_1008.jpg,v_3712,v_3712_s_949-1095,0,0.197855,0
EfficientNet-B0,0,v_3712_s_949-1095__f_1007.jpg,v_3712,v_3712_s_949-1095,0,0.398945,0
EfficientNet-B0,0,v_3712_s_949-1095__f_1023.jpg,v_3712,v_3712_s_949-1095,0,0.274125,0
EfficientNet-B0,0,v_3712_s_949-1095__f_1055.jpg,v_3712,v_3712_s_949-1095,0,0.085073,0
EfficientNet-B0,0,v_3712_s_949-1095__f_1059.jpg,v_3712,v_3712_s_949-1095,0,0.039340,0
EfficientNet-B0,0,v_4466_s_0-186__f_79.jpg,v_4466,v_4466_s_0-186,0,0.097225,0
EfficientNet-B0,0,v_4466_s_0-186__f_123.jpg,v_4466,v_4466_s_0-186,0,0.003360,0
EfficientNet-B0,0,v_4466_s_0-186__f_103.jpg,v_4466,v_4466_s_0-186,0,0.032039,0
EfficientNet-B0,0,v_4466_s_0-186__f_161.jpg,v_4466,v_4466_s_0-186,0,0.017506,0
EfficientNet-B0,0,v_4466_s_0-186__f_154.jpg,v_4466,v_4466_s_0-186,0,0.011265,0
EfficientNet-B0,0,v_4466_s_0-186__f_15.jpg,v_4466,v_4466_s_0-186,0,0.140469,0
EfficientNet-B0,0,v_4466_s_0-186__f_13.jpg,v_4466,v_4466_s_0-186,0,0.304564,0
EfficientNet-B0,0,v_4466_s_0-186__f_121.jpg,v_4466,v_4466_s_0-186,0,0.004093,0
EfficientNet-B0,0,v_4466_s_0-186__f_88.jpg,v_4466,v_4466_s_0-186,0,0.020135,0
EfficientNet-B0,0,v_4466_s_0-186__f_57.jpg,v_4466,v_4466_s_0-186,0,0.052591,0
EfficientNet-B0,0,v_4466_s_0-186__f_118.jpg,v_4466,v_4466_s_0-186,0,0.005556,0
EfficientNet-B0,0,v_4466_s_0-186__f_68.jpg,v_4466,v_4466_s_0-186,0,0.175280,0
EfficientNet-B0,0,v_4466_s_0-186__f_29.jpg,v_4466,v_4466_s_0-186,0,0.050910,0
EfficientNet-B0,0,v_4466_s_0-186__f_105.jpg,v_4466,v_4466_s_0-186,0,0.022714,0
EfficientNet-B0,0,v_5675_s_277-396__f_358.jpg,v_5675,v_5675_s_277-396,0,0.241141,0
EfficientNet-B0,0,v_5675_s_277-396__f_291.jpg,v_5675,v_5675_s_277-396,0,0.227110,0
EfficientNet-B0,0,v_5675_s_277-396__f_280.jpg,v_5675,v_5675_s_277-396,0,0.125416,0
EfficientNet-B0,0,v_5675_s_277-396__f_371.jpg,v_5675,v_5675_s_277-396,0,0.136003,0
EfficientNet-B0,0,v_5675_s_277-396__f_312.jpg,v_5675,v_5675_s_277-396,0,0.432062,0
EfficientNet-B0,0,v_5675_s_277-396__f_308.jpg,v_5675,v_5675_s_277-396,0,0.471807,0
EfficientNet-B0,0,v_5675_s_277-396__f_305.jpg,v_5675,v_5675_s_277-396,0,0.335350,0
EfficientNet-B0,0,v_5675_s_277-396__f_294.jpg,v_5675,v_5675_s_277-396,0,0.406465,0
EfficientNet-B0,0,v_5675_s_277-396__f_392.jpg,v_5675,v_5675_s_277-396,0,0.716363,1
EfficientNet-B0,0,v_5675_s_277-396__f_290.jpg,v_5675,v_5675_s_277-396,0,0.346700,0
EfficientNet-B0,0,v_5675_s_277-396__f_363.jpg,v_5675,v_5675_s_277-396,0,0.308108,0
EfficientNet-B0,0,v_5675_s_277-396__f_387.jpg,v_5675,v_5675_s_277-396,0,0.736969,1
EfficientNet-B0,0,v_5675_s_277-396__f_346.jpg,v_5675,v_5675_s_277-396,0,0.475374,0
EfficientNet-B0,0,v_5675_s_547-736__f_710.jpg,v_5675,v_5675_s_547-736,0,0.954398,1
EfficientNet-B0,0,v_5675_s_547-736__f_575.jpg,v_5675,v_5675_s_547-736,0,0.806136,1
EfficientNet-B0,0,v_5675_s_547-736__f_553.jpg,v_5675,v_5675_s_547-736,0,0.905146,1
EfficientNet-B0,0,v_5675_s_547-736__f_617.jpg,v_5675,v_5675_s_547-736,0,0.838147,1
EfficientNet-B0,0,v_5675_s_547-736__f_609.jpg,v_5675,v_5675_s_547-736,0,0.877274,1
EfficientNet-B0,0,v_5675_s_547-736__f_604.jpg,v_5675,v_5675_s_547-736,0,0.896395,1
EfficientNet-B0,0,v_5675_s_547-736__f_582.jpg,v_5675,v_5675_s_547-736,0,0.971330,1
EfficientNet-B0,0,v_5675_s_547-736__f_573.jpg,v_5675,v_5675_s_547-736,0,0.781353,1
EfficientNet-B0,0,v_5675_s_547-736__f_720.jpg,v_5675,v_5675_s_547-736,0,0.833589,1
EfficientNet-B0,0,v_5675_s_547-736__f_686.jpg,v_5675,v_5675_s_547-736,0,0.947880,1
EfficientNet-B0,0,v_5675_s_547-736__f_569.jpg,v_5675,v_5675_s_547-736,0,0.947336,1
EfficientNet-B0,0,v_5675_s_547-736__f_698.jpg,v_5675,v_5675_s_547-736,0,0.889735,1
EfficientNet-B0,0,v_5675_s_547-736__f_655.jpg,v_5675,v_5675_s_547-736,0,0.985133,1
EfficientNet-B0,1,c_100_v_(video_3062.mp4)_f_1458.jpg,c_100,c_100,1,0.730859,1
EfficientNet-B0,1,c_102_v_(video_3119.mp4)_f_1311.jpg,c_102,c_102,1,0.923209,1
EfficientNet-B0,1,c_102_v_(video_3119.mp4)_f_185.jpg,c_102,c_102,1,0.868044,1
EfficientNet-B0,1,c_102_v_(video_3124.mp4)_f_97.jpg,c_102,c_102,1,0.978138,1
EfficientNet-B0,1,c_102_v_(video_3130.mp4)_f_0.jpg,c_102,c_102,1,0.958394,1
EfficientNet-B0,1,c_10_v_(video_182.mp4)_f_494.jpg,c_10,c_10,1,0.932250,1
EfficientNet-B0,1,c_10_v_(video_184.mp4)_f_22.jpg,c_10,c_10,1,0.986977,1
EfficientNet-B0,1,c_10_v_(video_185.mp4)_f_112.jpg,c_10,c_10,1,0.981927,1
EfficientNet-B0,1,c_10_v_(video_185.mp4)_f_176.jpg,c_10,c_10,1,0.993526,1
EfficientNet-B0,1,c_10_v_(video_186.mp4)_f_200.jpg,c_10,c_10,1,0.940606,1
EfficientNet-B0,1,c_10_v_(video_188.mp4)_f_455.jpg,c_10,c_10,1,0.731719,1
EfficientNet-B0,1,c_113_v_(video_3427.mp4)_f_211.jpg,c_113,c_113,1,0.125223,0
EfficientNet-B0,1,c_114_v_(video_3461.mp4)_f_610.jpg,c_114,c_114,1,0.781623,1
EfficientNet-B0,1,c_137_v_(video_4143.mp4)_f_1016.jpg,c_137,c_137,1,0.621701,1
EfficientNet-B0,1,c_137_v_(video_4143.mp4)_f_427.jpg,c_137,c_137,1,0.967135,1
EfficientNet-B0,1,c_137_v_(video_4143.mp4)_f_639.jpg,c_137,c_137,1,0.854934,1
EfficientNet-B0,1,c_144_v_(video_4371.mp4)_f_66.jpg,c_144,c_144,1,0.949696,1
EfficientNet-B0,1,c_144_v_(video_4371.mp4)_f_872.jpg,c_144,c_144,1,0.314194,0
EfficientNet-B0,1,c_144_v_(video_4374.mp4)_f_2517.jpg,c_144,c_144,1,0.774823,1
EfficientNet-B0,1,c_144_v_(video_4374.mp4)_f_2771.jpg,c_144,c_144,1,0.986605,1
EfficientNet-B0,1,c_150_v_(video_4517.mp4)_f_109.jpg,c_150,c_150,1,0.841377,1
EfficientNet-B0,1,c_150_v_(video_4518.mp4)_f_28.jpg,c_150,c_150,1,0.302819,0
EfficientNet-B0,1,c_150_v_(video_4520.mp4)_f_132.jpg,c_150,c_150,1,0.948624,1
EfficientNet-B0,1,c_178_v_(video_5419.mp4)_f_794.jpg,c_178,c_178,1,0.929937,1
EfficientNet-B0,1,c_178_v_(video_5426.mp4)_f_90.jpg,c_178,c_178,1,0.993488,1
EfficientNet-B0,1,c_189_v_(video_5727.mp4)_f_14.jpg,c_189,c_189,1,0.976225,1
EfficientNet-B0,1,c_21_v_(video_605.mp4)_f_79.jpg,c_21,c_21,1,0.559723,1
EfficientNet-B0,1,c_21_v_(video_607.mp4)_f_46.jpg,c_21,c_21,1,0.231019,0
EfficientNet-B0,1,c_23_v_(video_672.mp4)_f_1006.jpg,c_23,c_23,1,0.951809,1
EfficientNet-B0,1,c_23_v_(video_672.mp4)_f_1268.jpg,c_23,c_23,1,0.723948,1
EfficientNet-B0,1,c_23_v_(video_672.mp4)_f_13.jpg,c_23,c_23,1,0.184678,0
EfficientNet-B0,1,c_23_v_(video_672.mp4)_f_195.jpg,c_23,c_23,1,0.972975,1
EfficientNet-B0,1,c_23_v_(video_672.mp4)_f_256.jpg,c_23,c_23,1,0.985366,1
EfficientNet-B0,1,c_23_v_(video_672.mp4)_f_397.jpg,c_23,c_23,1,0.927555,1
EfficientNet-B0,1,c_23_v_(video_672.mp4)_f_778.jpg,c_23,c_23,1,0.906411,1
EfficientNet-B0,1,c_23_v_(video_674.mp4)_f_1579.jpg,c_23,c_23,1,0.985750,1
EfficientNet-B0,1,c_23_v_(video_674.mp4)_f_41.jpg,c_23,c_23,1,0.913187,1
EfficientNet-B0,1,c_23_v_(video_674.mp4)_f_837.jpg,c_23,c_23,1,0.835162,1
EfficientNet-B0,1,c_23_v_(video_674.mp4)_f_870.jpg,c_23,c_23,1,0.816070,1
EfficientNet-B0,1,c_28_v_(video_903.mp4)_f_1330.jpg,c_28,c_28,1,0.523541,1
EfficientNet-B0,1,c_28_v_(video_903.mp4)_f_1635.jpg,c_28,c_28,1,0.825457,1
EfficientNet-B0,1,c_28_v_(video_903.mp4)_f_1761.jpg,c_28,c_28,1,0.975129,1
EfficientNet-B0,1,c_28_v_(video_903.mp4)_f_330.jpg,c_28,c_28,1,0.975782,1
EfficientNet-B0,1,c_28_v_(video_903.mp4)_f_627.jpg,c_28,c_28,1,0.874075,1
EfficientNet-B0,1,c_28_v_(video_903.mp4)_f_853.jpg,c_28,c_28,1,0.199912,0
EfficientNet-B0,1,c_28_v_(video_905.mp4)_f_53.jpg,c_28,c_28,1,0.971986,1
EfficientNet-B0,1,c_28_v_(video_907.mp4)_f_73.jpg,c_28,c_28,1,0.981391,1
EfficientNet-B0,1,c_28_v_(video_934.mp4)_f_288.jpg,c_28,c_28,1,0.983403,1
EfficientNet-B0,1,c_29_v_(video_940.mp4)_f_1371.jpg,c_29,c_29,1,0.476062,0
EfficientNet-B0,1,c_29_v_(video_940.mp4)_f_1635.jpg,c_29,c_29,1,0.825457,1
EfficientNet-B0,1,c_31_v_(video_1002.mp4)_f_499.jpg,c_31,c_31,1,0.983861,1
EfficientNet-B0,1,c_31_v_(video_1002.mp4)_f_91.jpg,c_31,c_31,1,0.927774,1
EfficientNet-B0,1,c_31_v_(video_1004.mp4)_f_869.jpg,c_31,c_31,1,0.976504,1
EfficientNet-B0,1,c_31_v_(video_993.mp4)_f_75.jpg,c_31,c_31,1,0.969625,1
EfficientNet-B0,1,c_31_v_(video_997.mp4)_f_161.jpg,c_31,c_31,1,0.777197,1
EfficientNet-B0,1,c_31_v_(video_998.mp4)_f_85.jpg,c_31,c_31,1,0.913285,1
EfficientNet-B0,1,c_42_v_(video_1320.mp4)_f_565.jpg,c_42,c_42,1,0.961458,1
EfficientNet-B0,1,c_42_v_(video_1320.mp4)_f_653.jpg,c_42,c_42,1,0.980510,1
EfficientNet-B0,1,c_42_v_(video_1322.mp4)_f_276.jpg,c_42,c_42,1,0.987027,1
EfficientNet-B0,1,c_42_v_(video_1322.mp4)_f_471.jpg,c_42,c_42,1,0.984133,1
EfficientNet-B0,1,c_42_v_(video_1322.mp4)_f_624.jpg,c_42,c_42,1,0.990373,1
EfficientNet-B0,1,c_42_v_(video_1323.mp4)_f_183.jpg,c_42,c_42,1,0.993924,1
EfficientNet-B0,1,c_45_v_(video_1386.mp4)_f_563.jpg,c_45,c_45,1,0.993041,1
EfficientNet-B0,1,c_45_v_(video_1386.mp4)_f_622.jpg,c_45,c_45,1,0.993660,1
EfficientNet-B0,1,c_45_v_(video_1386.mp4)_f_753.jpg,c_45,c_45,1,0.997141,1
EfficientNet-B0,1,c_45_v_(video_1396.mp4)_f_1483.jpg,c_45,c_45,1,0.978376,1
EfficientNet-B0,1,c_45_v_(video_1396.mp4)_f_2895.jpg,c_45,c_45,1,0.989815,1
EfficientNet-B0,1,c_45_v_(video_1396.mp4)_f_3007.jpg,c_45,c_45,1,0.962322,1
EfficientNet-B0,1,c_45_v_(video_1396.mp4)_f_408.jpg,c_45,c_45,1,0.974357,1
EfficientNet-B0,1,c_52_v_(video_1656.mp4)_f_2711.jpg,c_52,c_52,1,0.977845,1
EfficientNet-B0,1,c_52_v_(video_1656.mp4)_f_5548.jpg,c_52,c_52,1,0.839438,1
EfficientNet-B0,1,c_7_v_(video_130.mp4)_f_100.jpg,c_7,c_7,1,0.893802,1
EfficientNet-B0,1,c_7_v_(video_130.mp4)_f_1233.jpg,c_7,c_7,1,0.871842,1
EfficientNet-B0,1,c_7_v_(video_130.mp4)_f_1360.jpg,c_7,c_7,1,0.140671,0
EfficientNet-B0,1,c_7_v_(video_130.mp4)_f_241.jpg,c_7,c_7,1,0.675558,1
EfficientNet-B0,1,c_7_v_(video_130.mp4)_f_411.jpg,c_7,c_7,1,0.211276,0
EfficientNet-B0,1,c_7_v_(video_130.mp4)_f_986.jpg,c_7,c_7,1,0.897224,1
EfficientNet-B0,1,c_7_v_(video_134.mp4)_f_1093.jpg,c_7,c_7,1,0.466674,0
EfficientNet-B0,1,c_7_v_(video_134.mp4)_f_1716.jpg,c_7,c_7,1,0.786473,1
EfficientNet-B0,1,c_7_v_(video_134.mp4)_f_2323.jpg,c_7,c_7,1,0.755658,1
EfficientNet-B0,1,c_82_v_(video_2507.mp4)_f_2154.jpg,c_82,c_82,1,0.935582,1
EfficientNet-B0,1,c_86_v_(video_2617.mp4)_f_177.jpg,c_86,c_86,1,0.990113,1
EfficientNet-B0,1,c_86_v_(video_2638.mp4)_f_150.jpg,c_86,c_86,1,0.956792,1
EfficientNet-B0,1,v_2690_s_154-252__f_235.jpg,v_2690,v_2690_s_154-252,0,0.077037,0
EfficientNet-B0,1,v_2690_s_154-252__f_168.jpg,v_2690,v_2690_s_154-252,0,0.012722,0
EfficientNet-B0,1,v_2690_s_154-252__f_157.jpg,v_2690,v_2690_s_154-252,0,0.011391,0
EfficientNet-B0,1,v_2690_s_154-252__f_248.jpg,v_2690,v_2690_s_154-252,0,0.058432,0
EfficientNet-B0,1,v_2690_s_154-252__f_189.jpg,v_2690,v_2690_s_154-252,0,0.015870,0
EfficientNet-B0,1,v_2690_s_154-252__f_185.jpg,v_2690,v_2690_s_154-252,0,0.016624,0
EfficientNet-B0,1,v_2690_s_154-252__f_182.jpg,v_2690,v_2690_s_154-252,0,0.009440,0
EfficientNet-B0,1,v_2690_s_154-252__f_171.jpg,v_2690,v_2690_s_154-252,0,0.007542,0
EfficientNet-B0,1,v_2690_s_154-252__f_167.jpg,v_2690,v_2690_s_154-252,0,0.012566,0
EfficientNet-B0,1,v_2690_s_154-252__f_240.jpg,v_2690,v_2690_s_154-252,0,0.044128,0
EfficientNet-B0,1,v_2690_s_154-252__f_223.jpg,v_2690,v_2690_s_154-252,0,0.035914,0
EfficientNet-B0,1,v_2690_s_154-252__f_165.jpg,v_2690,v_2690_s_154-252,0,0.004160,0
EfficientNet-B0,1,v_2690_s_154-252__f_229.jpg,v_2690,v_2690_s_154-252,0,0.074178,0
EfficientNet-B0,1,v_2690_s_154-252__f_208.jpg,v_2690,v_2690_s_154-252,0,0.013790,0
EfficientNet-B0,1,v_3570_s_1247-1816__f_1361.jpg,v_3570,v_3570_s_1247-1816,0,0.021364,0
EfficientNet-B0,1,v_3570_s_1247-1816__f_1272.jpg,v_3570,v_3570_s_1247-1816,0,0.052838,0
EfficientNet-B0,1,v_3570_s_1247-1816__f_1528.jpg,v_3570,v_3570_s_1247-1816,0,0.016790,0
EfficientNet-B0,1,v_3570_s_1247-1816__f_1497.jpg,v_3570,v_3570_s_1247-1816,0,0.022513,0
EfficientNet-B0,1,v_3570_s_1247-1816__f_1475.jpg,v_3570,v_3570_s_1247-1816,0,0.013017,0
EfficientNet-B0,1,v_3570_s_1247-1816__f_1389.jpg,v_3570,v_3570_s_1247-1816,0,0.017979,0
EfficientNet-B0,1,v_3570_s_1247-1816__f_1351.jpg,v_3570,v_3570_s_1247-1816,0,0.020369,0
EfficientNet-B0,1,v_3570_s_1247-1816__f_1805.jpg,v_3570,v_3570_s_1247-1816,0,0.020662,0
EfficientNet-B0,1,v_3570_s_1247-1816__f_1336.jpg,v_3570,v_3570_s_1247-1816,0,0.031460,0
EfficientNet-B0,1,v_3570_s_1247-1816__f_1679.jpg,v_3570,v_3570_s_1247-1816,0,0.045989,0
EfficientNet-B0,1,v_3570_s_1247-1816__f_1279.jpg,v_3570,v_3570_s_1247-1816,0,0.124169,0
EfficientNet-B0,1,v_3570_s_1247-1816__f_1277.jpg,v_3570,v_3570_s_1247-1816,0,0.113672,0
EfficientNet-B0,1,v_3570_s_1247-1816__f_1342.jpg,v_3570,v_3570_s_1247-1816,0,0.012512,0
EfficientNet-B0,1,v_3570_s_1247-1816__f_1470.jpg,v_3570,v_3570_s_1247-1816,0,0.017766,0
EfficientNet-B0,1,v_3750_s_80-1904__f_505.jpg,v_3750,v_3750_s_80-1904,0,0.070404,0
EfficientNet-B0,1,v_3750_s_80-1904__f_1207.jpg,v_3750,v_3750_s_80-1904,0,0.026097,0
EfficientNet-B0,1,v_3750_s_80-1904__f_1046.jpg,v_3750,v_3750_s_80-1904,0,0.037750,0
EfficientNet-B0,1,v_3750_s_80-1904__f_714.jpg,v_3750,v_3750_s_80-1904,0,0.275832,0
EfficientNet-B0,1,v_3750_s_80-1904__f_1511.jpg,v_3750,v_3750_s_80-1904,0,0.405499,0
EfficientNet-B0,1,v_3750_s_80-1904__f_1455.jpg,v_3750,v_3750_s_80-1904,0,0.437840,0
EfficientNet-B0,1,v_3750_s_80-1904__f_1415.jpg,v_3750,v_3750_s_80-1904,0,0.065905,0
EfficientNet-B0,1,v_3750_s_80-1904__f_1259.jpg,v_3750,v_3750_s_80-1904,0,0.062994,0
EfficientNet-B0,1,v_3750_s_80-1904__f_704.jpg,v_3750,v_3750_s_80-1904,0,0.497423,0
EfficientNet-B0,1,v_3750_s_80-1904__f_119.jpg,v_3750,v_3750_s_80-1904,0,0.324878,0
EfficientNet-B0,1,v_3750_s_80-1904__f_581.jpg,v_3750,v_3750_s_80-1904,0,0.120749,0
EfficientNet-B0,1,v_3750_s_80-1904__f_712.jpg,v_3750,v_3750_s_80-1904,0,0.340213,0
EfficientNet-B0,1,v_3750_s_80-1904__f_312.jpg,v_3750,v_3750_s_80-1904,0,0.053645,0
EfficientNet-B0,1,v_3750_s_80-1904__f_1161.jpg,v_3750,v_3750_s_80-1904,0,0.040777,0
EfficientNet-B0,2,c_123_v_(video_3706.mp4)_f_659.jpg,c_123,c_123,1,0.991814,1
EfficientNet-B0,2,c_125_v_(video_3726.mp4)_f_247.jpg,c_125,c_125,1,0.998338,1
EfficientNet-B0,2,c_127_v_(video_3756.mp4)_f_40.jpg,c_127,c_127,1,0.990757,1
EfficientNet-B0,2,c_145_v_(video_4391.mp4)_f_27.jpg,c_145,c_145,1,0.991710,1
EfficientNet-B0,2,c_15_v_(video_449.mp4)_f_2374.jpg,c_15,c_15,1,0.045159,0
EfficientNet-B0,2,c_15_v_(video_449.mp4)_f_2831.jpg,c_15,c_15,1,0.992606,1
EfficientNet-B0,2,c_15_v_(video_450.mp4)_f_623.jpg,c_15,c_15,1,0.982456,1
EfficientNet-B0,2,c_15_v_(video_451.mp4)_f_251.jpg,c_15,c_15,1,0.998496,1
EfficientNet-B0,2,c_15_v_(video_454.mp4)_f_144.jpg,c_15,c_15,1,0.992138,1
EfficientNet-B0,2,c_168_v_(video_5163.mp4)_f_264.jpg,c_168,c_168,1,0.997501,1
EfficientNet-B0,2,c_16_v_(video_467.mp4)_f_184.jpg,c_16,c_16,1,0.876745,1
EfficientNet-B0,2,c_16_v_(video_471.mp4)_f_220.jpg,c_16,c_16,1,0.998667,1
EfficientNet-B0,2,c_170_v_(video_5222.mp4)_f_64.jpg,c_170,c_170,1,0.181072,0
EfficientNet-B0,2,c_17_v_(video_481.mp4)_f_1292.jpg,c_17,c_17,1,0.999425,1
EfficientNet-B0,2,c_37_v_(video_1215.mp4)_f_0.jpg,c_37,c_37,1,0.998383,1
EfficientNet-B0,2,c_37_v_(video_1229.mp4)_f_36.jpg,c_37,c_37,1,0.987180,1
EfficientNet-B0,2,c_38_v_(video_1253.mp4)_f_1117.jpg,c_38,c_38,1,0.615105,1
EfficientNet-B0,2,c_43_v_(video_1363.mp4)_f_1062.jpg,c_43,c_43,1,0.998917,1
EfficientNet-B0,2,c_43_v_(video_1363.mp4)_f_2080.jpg,c_43,c_43,1,0.998697,1
EfficientNet-B0,2,c_43_v_(video_1363.mp4)_f_778.jpg,c_43,c_43,1,0.998612,1
EfficientNet-B0,2,c_43_v_(video_1364.mp4)_f_495.jpg,c_43,c_43,1,0.992645,1
EfficientNet-B0,2,c_43_v_(video_1366.mp4)_f_0.jpg,c_43,c_43,1,0.997007,1
EfficientNet-B0,2,c_51_v_(video_1638.mp4)_f_1710.jpg,c_51,c_51,1,0.999889,1
EfficientNet-B0,2,c_51_v_(video_1640.mp4)_f_1162.jpg,c_51,c_51,1,0.995703,1
EfficientNet-B0,2,c_51_v_(video_1640.mp4)_f_25.jpg,c_51,c_51,1,0.960527,1
EfficientNet-B0,2,c_51_v_(video_1640.mp4)_f_535.jpg,c_51,c_51,1,0.920666,1
EfficientNet-B0,2,c_51_v_(video_1640.mp4)_f_643.jpg,c_51,c_51,1,0.977268,1
EfficientNet-B0,2,c_55_v_(video_1729.mp4)_f_1915.jpg,c_55,c_55,1,0.174601,0
EfficientNet-B0,2,c_60_v_(video_1945.mp4)_f_1392.jpg,c_60,c_60,1,0.996886,1
EfficientNet-B0,2,c_60_v_(video_1945.mp4)_f_366.jpg,c_60,c_60,1,0.002583,0
EfficientNet-B0,2,c_60_v_(video_1945.mp4)_f_52.jpg,c_60,c_60,1,0.817183,1
EfficientNet-B0,2,c_60_v_(video_1946.mp4)_f_1754.jpg,c_60,c_60,1,0.998545,1
EfficientNet-B0,2,c_60_v_(video_1946.mp4)_f_792.jpg,c_60,c_60,1,0.927982,1
EfficientNet-B0,2,c_60_v_(video_1946.mp4)_f_963.jpg,c_60,c_60,1,0.999387,1
EfficientNet-B0,2,c_65_v_(video_2087.mp4)_f_1648.jpg,c_65,c_65,1,0.999547,1
EfficientNet-B0,2,c_65_v_(video_2087.mp4)_f_1816.jpg,c_65,c_65,1,0.998467,1
EfficientNet-B0,2,c_65_v_(video_2087.mp4)_f_2155.jpg,c_65,c_65,1,0.990288,1
EfficientNet-B0,2,c_65_v_(video_2087.mp4)_f_2161.jpg,c_65,c_65,1,0.993886,1
EfficientNet-B0,2,c_65_v_(video_2087.mp4)_f_274.jpg,c_65,c_65,1,0.922434,1
EfficientNet-B0,2,c_65_v_(video_2087.mp4)_f_278.jpg,c_65,c_65,1,0.942407,1
EfficientNet-B0,2,c_65_v_(video_2087.mp4)_f_66.jpg,c_65,c_65,1,0.362243,0
EfficientNet-B0,2,c_65_v_(video_2087.mp4)_f_714.jpg,c_65,c_65,1,0.591170,1
EfficientNet-B0,2,c_65_v_(video_2087.mp4)_f_918.jpg,c_65,c_65,1,0.997292,1
EfficientNet-B0,2,c_70_v_(video_2176.mp4)_f_221.jpg,c_70,c_70,1,0.947756,1
EfficientNet-B0,2,c_70_v_(video_2176.mp4)_f_308.jpg,c_70,c_70,1,0.999874,1
EfficientNet-B0,2,c_70_v_(video_2176.mp4)_f_502.jpg,c_70,c_70,1,0.014834,0
EfficientNet-B0,2,c_70_v_(video_2178.mp4)_f_769.jpg,c_70,c_70,1,0.485514,0
EfficientNet-B0,2,c_85_v_(video_2607.mp4)_f_284.jpg,c_85,c_85,1,0.996761,1
EfficientNet-B0,2,c_85_v_(video_2607.mp4)_f_733.jpg,c_85,c_85,1,0.983020,1
EfficientNet-B0,2,c_88_v_(video_2665.mp4)_f_2058.jpg,c_88,c_88,1,0.146446,0
EfficientNet-B0,2,c_88_v_(video_2665.mp4)_f_485.jpg,c_88,c_88,1,0.997732,1
EfficientNet-B0,2,v_2507_s_0-853__f_688.jpg,v_2507,v_2507_s_0-853,0,0.272196,0
EfficientNet-B0,2,v_2507_s_0-853__f_200.jpg,v_2507,v_2507_s_0-853,0,0.062825,0
EfficientNet-B0,2,v_2507_s_0-853__f_120.jpg,v_2507,v_2507_s_0-853,0,0.038592,0
EfficientNet-B0,2,v_2507_s_0-853__f_782.jpg,v_2507,v_2507_s_0-853,0,0.963521,1
EfficientNet-B0,2,v_2507_s_0-853__f_351.jpg,v_2507,v_2507_s_0-853,0,0.632015,1
EfficientNet-B0,2,v_2507_s_0-853__f_323.jpg,v_2507,v_2507_s_0-853,0,0.770758,1
EfficientNet-B0,2,v_2507_s_0-853__f_303.jpg,v_2507,v_2507_s_0-853,0,0.349545,0
EfficientNet-B0,2,v_2507_s_0-853__f_226.jpg,v_2507,v_2507_s_0-853,0,0.146415,0
EfficientNet-B0,2,v_2507_s_0-853__f_778.jpg,v_2507,v_2507_s_0-853,0,0.972856,1
EfficientNet-B0,2,v_2507_s_0-853__f_192.jpg,v_2507,v_2507_s_0-853,0,0.749579,1
EfficientNet-B0,2,v_2507_s_0-853__f_721.jpg,v_2507,v_2507_s_0-853,0,0.973964,1
EfficientNet-B0,2,v_2507_s_0-853__f_781.jpg,v_2507,v_2507_s_0-853,0,0.597100,1
EfficientNet-B0,2,v_2507_s_0-853__f_600.jpg,v_2507,v_2507_s_0-853,0,0.708857,1
EfficientNet-B0,2,v_2507_s_0-853__f_179.jpg,v_2507,v_2507_s_0-853,0,0.588141,1
EfficientNet-B0,2,v_2507_s_2320-3371__f_2548.jpg,v_2507,v_2507_s_2320-3371,0,0.075650,0
EfficientNet-B0,2,v_2507_s_2320-3371__f_2371.jpg,v_2507,v_2507_s_2320-3371,0,0.132380,0
EfficientNet-B0,2,v_2507_s_2320-3371__f_2883.jpg,v_2507,v_2507_s_2320-3371,0,0.842795,1
EfficientNet-B0,2,v_2507_s_2320-3371__f_2821.jpg,v_2507,v_2507_s_2320-3371,0,0.109162,0
EfficientNet-B0,2,v_2507_s_2320-3371__f_2777.jpg,v_2507,v_2507_s_2320-3371,0,0.598672,1
EfficientNet-B0,2,v_2507_s_2320-3371__f_2605.jpg,v_2507,v_2507_s_2320-3371,0,0.840967,1
EfficientNet-B0,2,v_2507_s_2320-3371__f_2529.jpg,v_2507,v_2507_s_2320-3371,0,0.015248,0
EfficientNet-B0,2,v_2507_s_2320-3371__f_2498.jpg,v_2507,v_2507_s_2320-3371,0,0.092826,0
EfficientNet-B0,2,v_2507_s_2320-3371__f_3184.jpg,v_2507,v_2507_s_2320-3371,0,0.672534,1
EfficientNet-B0,2,v_2507_s_2320-3371__f_2385.jpg,v_2507,v_2507_s_2320-3371,0,0.066283,0
EfficientNet-B0,2,v_2507_s_2320-3371__f_2381.jpg,v_2507,v_2507_s_2320-3371,0,0.111044,0
EfficientNet-B0,2,v_2507_s_2320-3371__f_2511.jpg,v_2507,v_2507_s_2320-3371,0,0.126685,0
EfficientNet-B0,2,v_2507_s_2320-3371__f_2767.jpg,v_2507,v_2507_s_2320-3371,0,0.209425,0
EfficientNet-B0,2,v_2507_s_2320-3371__f_2796.jpg,v_2507,v_2507_s_2320-3371,0,0.208934,0
EfficientNet-B0,2,v_4044_s_0-253__f_245.jpg,v_4044,v_4044_s_0-253,0,0.944262,1
EfficientNet-B0,2,v_4044_s_0-253__f_123.jpg,v_4044,v_4044_s_0-253,0,0.999502,1
EfficientNet-B0,2,v_4044_s_0-253__f_103.jpg,v_4044,v_4044_s_0-253,0,0.999374,1
EfficientNet-B0,2,v_4044_s_0-253__f_41.jpg,v_4044,v_4044_s_0-253,0,0.978739,1
EfficientNet-B0,2,v_4044_s_0-253__f_161.jpg,v_4044,v_4044_s_0-253,0,0.998587,1
EfficientNet-B0,2,v_4044_s_0-253__f_154.jpg,v_4044,v_4044_s_0-253,0,0.999519,1
EfficientNet-B0,2,v_4044_s_0-253__f_15.jpg,v_4044,v_4044_s_0-253,0,0.869330,1
EfficientNet-B0,2,v_4044_s_0-253__f_13.jpg,v_4044,v_4044_s_0-253,0,0.487493,0
EfficientNet-B0,2,v_4044_s_0-253__f_40.jpg,v_4044,v_4044_s_0-253,0,0.993003,1
EfficientNet-B0,2,v_4044_s_0-253__f_121.jpg,v_4044,v_4044_s_0-253,0,0.999383,1
EfficientNet-B0,2,v_4044_s_0-253__f_27.jpg,v_4044,v_4044_s_0-253,0,0.982732,1
EfficientNet-B0,2,v_4044_s_0-253__f_96.jpg,v_4044,v_4044_s_0-253,0,0.998775,1
EfficientNet-B0,2,v_4044_s_0-253__f_77.jpg,v_4044,v_4044_s_0-253,0,0.997194,1
EfficientNet-B0,2,v_4044_s_0-253__f_223.jpg,v_4044,v_4044_s_0-253,0,0.999035,1
EfficientNet-B0,2,v_4581_s_0-342__f_86.jpg,v_4581,v_4581_s_0-342,0,0.953495,1
EfficientNet-B0,2,v_4581_s_0-342__f_15.jpg,v_4581,v_4581_s_0-342,0,0.978415,1
EfficientNet-B0,2,v_4581_s_0-342__f_109.jpg,v_4581,v_4581_s_0-342,0,0.967661,1
EfficientNet-B0,2,v_4581_s_0-342__f_224.jpg,v_4581,v_4581_s_0-342,0,0.031174,0
EfficientNet-B0,2,v_4581_s_0-342__f_210.jpg,v_4581,v_4581_s_0-342,0,0.325358,0
EfficientNet-B0,2,v_4581_s_0-342__f_200.jpg,v_4581,v_4581_s_0-342,0,0.263757,0
EfficientNet-B0,2,v_4581_s_0-342__f_162.jpg,v_4581,v_4581_s_0-342,0,0.726566,1
EfficientNet-B0,2,v_4581_s_0-342__f_145.jpg,v_4581,v_4581_s_0-342,0,0.925732,1
EfficientNet-B0,2,v_4581_s_0-342__f_42.jpg,v_4581,v_4581_s_0-342,0,0.989011,1
EfficientNet-B0,2,v_4581_s_0-342__f_138.jpg,v_4581,v_4581_s_0-342,0,0.573163,1
EfficientNet-B0,2,v_4581_s_0-342__f_63.jpg,v_4581,v_4581_s_0-342,0,0.961118,1
EfficientNet-B0,2,v_4581_s_0-342__f_293.jpg,v_4581,v_4581_s_0-342,0,0.220537,0
EfficientNet-B0,2,v_4581_s_0-342__f_112.jpg,v_4581,v_4581_s_0-342,0,0.968528,1
EfficientNet-B0,2,v_4581_s_0-342__f_111.jpg,v_4581,v_4581_s_0-342,0,0.959435,1
EfficientNet-B0,2,v_4761_s_0-354__f_75.jpg,v_4761,v_4761_s_0-354,0,0.000611,0
EfficientNet-B0,2,v_4761_s_0-354__f_15.jpg,v_4761,v_4761_s_0-354,0,0.001707,0
EfficientNet-B0,2,v_4761_s_0-354__f_109.jpg,v_4761,v_4761_s_0-354,0,0.001440,0
EfficientNet-B0,2,v_4761_s_0-354__f_224.jpg,v_4761,v_4761_s_0-354,0,0.003002,0
EfficientNet-B0,2,v_4761_s_0-354__f_210.jpg,v_4761,v_4761_s_0-354,0,0.002620,0
EfficientNet-B0,2,v_4761_s_0-354__f_200.jpg,v_4761,v_4761_s_0-354,0,0.023352,0
EfficientNet-B0,2,v_4761_s_0-354__f_162.jpg,v_4761,v_4761_s_0-354,0,0.000664,0
EfficientNet-B0,2,v_4761_s_0-354__f_145.jpg,v_4761,v_4761_s_0-354,0,0.000698,0
EfficientNet-B0,2,v_4761_s_0-354__f_35.jpg,v_4761,v_4761_s_0-354,0,0.000786,0
EfficientNet-B0,2,v_4761_s_0-354__f_138.jpg,v_4761,v_4761_s_0-354,0,0.000687,0
EfficientNet-B0,2,v_4761_s_0-354__f_52.jpg,v_4761,v_4761_s_0-354,0,0.001237,0
EfficientNet-B0,2,v_4761_s_0-354__f_293.jpg,v_4761,v_4761_s_0-354,0,0.001619,0
EfficientNet-B0,2,v_4761_s_0-354__f_112.jpg,v_4761,v_4761_s_0-354,0,0.000765,0
EfficientNet-B0,2,v_4761_s_0-354__f_111.jpg,v_4761,v_4761_s_0-354,0,0.000757,0
EfficientNet-B0,2,v_4763_s_30-2507__f_1414.jpg,v_4763,v_4763_s_30-2507,0,0.001357,0
EfficientNet-B0,2,v_4763_s_30-2507__f_1092.jpg,v_4763,v_4763_s_30-2507,0,0.011451,0
EfficientNet-B0,2,v_4763_s_30-2507__f_2023.jpg,v_4763,v_4763_s_30-2507,0,0.705844,1
EfficientNet-B0,2,v_4763_s_30-2507__f_1911.jpg,v_4763,v_4763_s_30-2507,0,0.806909,1
EfficientNet-B0,2,v_4763_s_30-2507__f_1830.jpg,v_4763,v_4763_s_30-2507,0,0.766344,1
EfficientNet-B0,2,v_4763_s_30-2507__f_1519.jpg,v_4763,v_4763_s_30-2507,0,0.246847,0
EfficientNet-B0,2,v_4763_s_30-2507__f_1380.jpg,v_4763,v_4763_s_30-2507,0,0.011782,0
EfficientNet-B0,2,v_4763_s_30-2507__f_778.jpg,v_4763,v_4763_s_30-2507,0,0.001766,0
EfficientNet-B0,2,v_4763_s_30-2507__f_1323.jpg,v_4763,v_4763_s_30-2507,0,0.073220,0
EfficientNet-B0,2,v_4763_s_30-2507__f_946.jpg,v_4763,v_4763_s_30-2507,0,0.146865,0
EfficientNet-B0,2,v_4763_s_30-2507__f_319.jpg,v_4763,v_4763_s_30-2507,0,0.004085,0
EfficientNet-B0,2,v_4763_s_30-2507__f_1118.jpg,v_4763,v_4763_s_30-2507,0,0.054220,0
EfficientNet-B0,2,v_4763_s_30-2507__f_1110.jpg,v_4763,v_4763_s_30-2507,0,0.149946,0
EfficientNet-B0,2,v_4763_s_30-2507__f_1348.jpg,v_4763,v_4763_s_30-2507,0,0.039010,0
EfficientNet-B0,3,c_105_v_(video_3214.mp4)_f_2954.jpg,c_105,c_105,1,0.991976,1
EfficientNet-B0,3,c_117_v_(video_3530.mp4)_f_811.jpg,c_117,c_117,1,0.979437,1
EfficientNet-B0,3,c_117_v_(video_3533.mp4)_f_195.jpg,c_117,c_117,1,0.926773,1
EfficientNet-B0,3,c_120_v_(video_3598.mp4)_f_713.jpg,c_120,c_120,1,0.954549,1
EfficientNet-B0,3,c_120_v_(video_3599.mp4)_f_39.jpg,c_120,c_120,1,0.998617,1
EfficientNet-B0,3,c_141_v_(video_4253.mp4)_f_205.jpg,c_141,c_141,1,0.966156,1
EfficientNet-B0,3,c_141_v_(video_4253.mp4)_f_386.jpg,c_141,c_141,1,0.994036,1
EfficientNet-B0,3,c_141_v_(video_4253.mp4)_f_55.jpg,c_141,c_141,1,0.997752,1
EfficientNet-B0,3,c_141_v_(video_4254.mp4)_f_324.jpg,c_141,c_141,1,0.996435,1
EfficientNet-B0,3,c_141_v_(video_4254.mp4)_f_5.jpg,c_141,c_141,1,0.988448,1
EfficientNet-B0,3,c_141_v_(video_4257.mp4)_f_115.jpg,c_141,c_141,1,0.977419,1
EfficientNet-B0,3,c_141_v_(video_4257.mp4)_f_212.jpg,c_141,c_141,1,0.996471,1
EfficientNet-B0,3,c_141_v_(video_4257.mp4)_f_272.jpg,c_141,c_141,1,0.997669,1
EfficientNet-B0,3,c_141_v_(video_4299.mp4)_f_29.jpg,c_141,c_141,1,0.984173,1
EfficientNet-B0,3,c_149_v_(video_4479.mp4)_f_1577.jpg,c_149,c_149,1,0.972104,1
EfficientNet-B0,3,c_149_v_(video_4479.mp4)_f_3137.jpg,c_149,c_149,1,0.945683,1
EfficientNet-B0,3,c_14_v_(video_400.mp4)_f_810.jpg,c_14,c_14,1,0.995333,1
EfficientNet-B0,3,c_14_v_(video_401.mp4)_f_253.jpg,c_14,c_14,1,0.970416,1
EfficientNet-B0,3,c_14_v_(video_401.mp4)_f_90.jpg,c_14,c_14,1,0.969544,1
EfficientNet-B0,3,c_14_v_(video_401.mp4)_f_910.jpg,c_14,c_14,1,0.989549,1
EfficientNet-B0,3,c_14_v_(video_422.mp4)_f_59.jpg,c_14,c_14,1,0.973443,1
EfficientNet-B0,3,c_14_v_(video_425.mp4)_f_118.jpg,c_14,c_14,1,0.987648,1
EfficientNet-B0,3,c_172_v_(video_5281.mp4)_f_1193.jpg,c_172,c_172,1,0.906692,1
EfficientNet-B0,3,c_172_v_(video_5281.mp4)_f_484.jpg,c_172,c_172,1,0.961699,1
EfficientNet-B0,3,c_19_v_(video_507.mp4)_f_2389.jpg,c_19,c_19,1,0.997580,1
EfficientNet-B0,3,c_22_v_(video_631.mp4)_f_25.jpg,c_22,c_22,1,0.980680,1
EfficientNet-B0,3,c_22_v_(video_631.mp4)_f_358.jpg,c_22,c_22,1,0.991122,1
EfficientNet-B0,3,c_22_v_(video_631.mp4)_f_706.jpg,c_22,c_22,1,0.965187,1
EfficientNet-B0,3,c_22_v_(video_632.mp4)_f_228.jpg,c_22,c_22,1,0.443365,0
EfficientNet-B0,3,c_22_v_(video_632.mp4)_f_2825.jpg,c_22,c_22,1,0.902937,1
EfficientNet-B0,3,c_22_v_(video_634.mp4)_f_22.jpg,c_22,c_22,1,0.997756,1
EfficientNet-B0,3,c_27_v_(video_829.mp4)_f_0.jpg,c_27,c_27,1,0.992848,1
EfficientNet-B0,3,c_32_v_(video_1044.mp4)_f_1545.jpg,c_32,c_32,1,0.940340,1
EfficientNet-B0,3,c_39_v_(video_1263.mp4)_f_1769.jpg,c_39,c_39,1,0.997002,1
EfficientNet-B0,3,c_39_v_(video_1263.mp4)_f_481.jpg,c_39,c_39,1,0.994931,1
EfficientNet-B0,3,c_40_v_(video_1275.mp4)_f_184.jpg,c_40,c_40,1,0.982190,1
EfficientNet-B0,3,c_40_v_(video_1277.mp4)_f_411.jpg,c_40,c_40,1,0.991145,1
EfficientNet-B0,3,c_40_v_(video_1281.mp4)_f_262.jpg,c_40,c_40,1,0.984045,1
EfficientNet-B0,3,c_40_v_(video_1286.mp4)_f_126.jpg,c_40,c_40,1,0.989182,1
EfficientNet-B0,3,c_40_v_(video_1286.mp4)_f_775.jpg,c_40,c_40,1,0.986842,1
EfficientNet-B0,3,c_40_v_(video_1288.mp4)_f_17.jpg,c_40,c_40,1,0.976902,1
EfficientNet-B0,3,c_41_v_(video_1297.mp4)_f_140.jpg,c_41,c_41,1,0.982425,1
EfficientNet-B0,3,c_41_v_(video_1297.mp4)_f_500.jpg,c_41,c_41,1,0.988185,1
EfficientNet-B0,3,c_41_v_(video_1297.mp4)_f_826.jpg,c_41,c_41,1,0.983349,1
EfficientNet-B0,3,c_44_v_(video_1373.mp4)_f_1199.jpg,c_44,c_44,1,0.985171,1
EfficientNet-B0,3,c_44_v_(video_1373.mp4)_f_201.jpg,c_44,c_44,1,0.990692,1
EfficientNet-B0,3,c_44_v_(video_1373.mp4)_f_211.jpg,c_44,c_44,1,0.985948,1
EfficientNet-B0,3,c_44_v_(video_1373.mp4)_f_215.jpg,c_44,c_44,1,0.989677,1
EfficientNet-B0,3,c_44_v_(video_1373.mp4)_f_903.jpg,c_44,c_44,1,0.998811,1
EfficientNet-B0,3,c_44_v_(video_1377.mp4)_f_212.jpg,c_44,c_44,1,0.996357,1
EfficientNet-B0,3,c_48_v_(video_1525.mp4)_f_685.jpg,c_48,c_48,1,0.993591,1
EfficientNet-B0,3,c_48_v_(video_1525.mp4)_f_759.jpg,c_48,c_48,1,0.997812,1
EfficientNet-B0,3,c_58_v_(video_1853.mp4)_f_1061.jpg,c_58,c_58,1,0.983213,1
EfficientNet-B0,3,c_58_v_(video_1853.mp4)_f_109.jpg,c_58,c_58,1,0.990281,1
EfficientNet-B0,3,c_58_v_(video_1853.mp4)_f_510.jpg,c_58,c_58,1,0.953141,1
EfficientNet-B0,3,c_58_v_(video_1853.mp4)_f_586.jpg,c_58,c_58,1,0.932698,1
EfficientNet-B0,3,c_58_v_(video_1875.mp4)_f_281.jpg,c_58,c_58,1,0.995488,1
EfficientNet-B0,3,c_62_v_(video_2045.mp4)_f_363.jpg,c_62,c_62,1,0.991830,1
EfficientNet-B0,3,c_62_v_(video_2045.mp4)_f_379.jpg,c_62,c_62,1,0.995149,1
EfficientNet-B0,3,c_62_v_(video_2045.mp4)_f_846.jpg,c_62,c_62,1,0.988289,1
EfficientNet-B0,3,c_62_v_(video_2046.mp4)_f_357.jpg,c_62,c_62,1,0.977622,1
EfficientNet-B0,3,c_62_v_(video_2056.mp4)_f_312.jpg,c_62,c_62,1,0.907146,1
EfficientNet-B0,3,c_62_v_(video_2056.mp4)_f_56.jpg,c_62,c_62,1,0.988812,1
EfficientNet-B0,3,c_62_v_(video_2057.mp4)_f_53.jpg,c_62,c_62,1,0.985288,1
EfficientNet-B0,3,c_69_v_(video_2170.mp4)_f_711.jpg,c_69,c_69,1,0.654920,1
EfficientNet-B0,3,c_69_v_(video_2171.mp4)_f_40.jpg,c_69,c_69,1,0.819369,1
EfficientNet-B0,3,c_72_v_(video_2199.mp4)_f_0.jpg,c_72,c_72,1,0.896355,1
EfficientNet-B0,3,c_77_v_(video_2376.mp4)_f_578.jpg,c_77,c_77,1,0.997322,1
EfficientNet-B0,3,c_77_v_(video_2376.mp4)_f_817.jpg,c_77,c_77,1,0.985825,1
EfficientNet-B0,3,c_77_v_(video_2376.mp4)_f_938.jpg,c_77,c_77,1,0.990593,1
EfficientNet-B0,3,c_77_v_(video_2383.mp4)_f_171.jpg,c_77,c_77,1,0.997790,1
EfficientNet-B0,3,c_77_v_(video_2383.mp4)_f_54.jpg,c_77,c_77,1,0.991937,1
EfficientNet-B0,3,c_87_v_(video_2641.mp4)_f_163.jpg,c_87,c_87,1,0.994485,1
EfficientNet-B0,3,c_87_v_(video_2662.mp4)_f_143.jpg,c_87,c_87,1,0.986644,1
EfficientNet-B0,3,c_97_v_(video_2912.mp4)_f_71.jpg,c_97,c_97,1,0.957828,1
EfficientNet-B0,3,c_97_v_(video_2915.mp4)_f_114.jpg,c_97,c_97,1,0.991663,1
EfficientNet-B0,3,c_97_v_(video_2915.mp4)_f_16.jpg,c_97,c_97,1,0.984941,1
EfficientNet-B0,3,v_2607_s_2534-2971__f_2861.jpg,v_2607,v_2607_s_2534-2971,0,0.510349,1
EfficientNet-B0,3,v_2607_s_2534-2971__f_2591.jpg,v_2607,v_2607_s_2534-2971,0,0.141137,0
EfficientNet-B0,3,v_2607_s_2534-2971__f_2546.jpg,v_2607,v_2607_s_2534-2971,0,0.042349,0
EfficientNet-B0,3,v_2607_s_2534-2971__f_2913.jpg,v_2607,v_2607_s_2534-2971,0,0.228311,0
EfficientNet-B0,3,v_2607_s_2534-2971__f_2674.jpg,v_2607,v_2607_s_2534-2971,0,0.265944,0
EfficientNet-B0,3,v_2607_s_2534-2971__f_2659.jpg,v_2607,v_2607_s_2534-2971,0,0.151627,0
EfficientNet-B0,3,v_2607_s_2534-2971__f_2648.jpg,v_2607,v_2607_s_2534-2971,0,0.157484,0
EfficientNet-B0,3,v_2607_s_2534-2971__f_2605.jpg,v_2607,v_2607_s_2534-2971,0,0.079299,0
EfficientNet-B0,3,v_2607_s_2534-2971__f_2911.jpg,v_2607,v_2607_s_2534-2971,0,0.230622,0
EfficientNet-B0,3,v_2607_s_2534-2971__f_2586.jpg,v_2607,v_2607_s_2534-2971,0,0.106218,0
EfficientNet-B0,3,v_2607_s_2534-2971__f_2880.jpg,v_2607,v_2607_s_2534-2971,0,0.420052,0
EfficientNet-B0,3,v_2607_s_2534-2971__f_2967.jpg,v_2607,v_2607_s_2534-2971,0,0.198774,0
EfficientNet-B0,3,v_2607_s_2534-2971__f_2813.jpg,v_2607,v_2607_s_2534-2971,0,0.138941,0
EfficientNet-B0,3,v_2607_s_2534-2971__f_2578.jpg,v_2607,v_2607_s_2534-2971,0,0.048930,0
EfficientNet-B0,3,v_4770_s_2421-2463__f_2461.jpg,v_4770,v_4770_s_2421-2463,0,0.516427,1
EfficientNet-B0,3,v_4770_s_2421-2463__f_2428.jpg,v_4770,v_4770_s_2421-2463,0,0.771993,1
EfficientNet-B0,3,v_4770_s_2421-2463__f_2422.jpg,v_4770,v_4770_s_2421-2463,0,0.844335,1
EfficientNet-B0,3,v_4770_s_2421-2463__f_2438.jpg,v_4770,v_4770_s_2421-2463,0,0.586905,1
EfficientNet-B0,3,v_4770_s_2421-2463__f_2436.jpg,v_4770,v_4770_s_2421-2463,0,0.419727,0
EfficientNet-B0,3,v_4770_s_2421-2463__f_2435.jpg,v_4770,v_4770_s_2421-2463,0,0.397508,0
EfficientNet-B0,3,v_4770_s_2421-2463__f_2429.jpg,v_4770,v_4770_s_2421-2463,0,0.861846,1
EfficientNet-B0,3,v_4770_s_2421-2463__f_2427.jpg,v_4770,v_4770_s_2421-2463,0,0.286053,0
EfficientNet-B0,3,v_4770_s_2421-2463__f_2426.jpg,v_4770,v_4770_s_2421-2463,0,0.551411,1
EfficientNet-B0,3,v_4770_s_2421-2463__f_2448.jpg,v_4770,v_4770_s_2421-2463,0,0.560805,1
EfficientNet-B0,3,v_4770_s_2421-2463__f_2423.jpg,v_4770,v_4770_s_2421-2463,0,0.767233,1
EfficientNet-B0,3,v_4770_s_2421-2463__f_2421.jpg,v_4770,v_4770_s_2421-2463,0,0.776630,1
EfficientNet-B0,3,v_4770_s_2421-2463__f_2452.jpg,v_4770,v_4770_s_2421-2463,0,0.306872,0
EfficientNet-B0,3,v_4770_s_2421-2463__f_2455.jpg,v_4770,v_4770_s_2421-2463,0,0.681055,1
EfficientNet-B0,3,v_4770_s_2649-3117__f_2976.jpg,v_4770,v_4770_s_2649-3117,0,0.779034,1
EfficientNet-B0,3,v_4770_s_2649-3117__f_2706.jpg,v_4770,v_4770_s_2649-3117,0,0.911207,1
EfficientNet-B0,3,v_4770_s_2649-3117__f_2661.jpg,v_4770,v_4770_s_2649-3117,0,0.789718,1
EfficientNet-B0,3,v_4770_s_2649-3117__f_3028.jpg,v_4770,v_4770_s_2649-3117,0,0.901202,1
EfficientNet-B0,3,v_4770_s_2649-3117__f_2789.jpg,v_4770,v_4770_s_2649-3117,0,0.207133,0
EfficientNet-B0,3,v_4770_s_2649-3117__f_2774.jpg,v_4770,v_4770_s_2649-3117,0,0.267973,0
EfficientNet-B0,3,v_4770_s_2649-3117__f_2763.jpg,v_4770,v_4770_s_2649-3117,0,0.109850,0
EfficientNet-B0,3,v_4770_s_2649-3117__f_2720.jpg,v_4770,v_4770_s_2649-3117,0,0.819820,1
EfficientNet-B0,3,v_4770_s_2649-3117__f_3026.jpg,v_4770,v_4770_s_2649-3117,0,0.828586,1
EfficientNet-B0,3,v_4770_s_2649-3117__f_2701.jpg,v_4770,v_4770_s_2649-3117,0,0.666107,1
EfficientNet-B0,3,v_4770_s_2649-3117__f_2995.jpg,v_4770,v_4770_s_2649-3117,0,0.718744,1
EfficientNet-B0,3,v_4770_s_2649-3117__f_3113.jpg,v_4770,v_4770_s_2649-3117,0,0.778571,1
EfficientNet-B0,3,v_4770_s_2649-3117__f_2928.jpg,v_4770,v_4770_s_2649-3117,0,0.639297,1
EfficientNet-B0,3,v_4770_s_30-361__f_96.jpg,v_4770,v_4770_s_30-361,0,0.009615,0
EfficientNet-B0,3,v_4770_s_30-361__f_157.jpg,v_4770,v_4770_s_30-361,0,0.010016,0
EfficientNet-B0,3,v_4770_s_30-361__f_112.jpg,v_4770,v_4770_s_30-361,0,0.008262,0
EfficientNet-B0,3,v_4770_s_30-361__f_240.jpg,v_4770,v_4770_s_30-361,0,0.009907,0
EfficientNet-B0,3,v_4770_s_30-361__f_225.jpg,v_4770,v_4770_s_30-361,0,0.008769,0
EfficientNet-B0,3,v_4770_s_30-361__f_214.jpg,v_4770,v_4770_s_30-361,0,0.004721,0
EfficientNet-B0,3,v_4770_s_30-361__f_171.jpg,v_4770,v_4770_s_30-361,0,0.012923,0
EfficientNet-B0,3,v_4770_s_30-361__f_152.jpg,v_4770,v_4770_s_30-361,0,0.014553,0
EfficientNet-B0,3,v_4770_s_30-361__f_48.jpg,v_4770,v_4770_s_30-361,0,0.010614,0
EfficientNet-B0,3,v_4770_s_30-361__f_144.jpg,v_4770,v_4770_s_30-361,0,0.007108,0
EfficientNet-B0,3,v_4770_s_30-361__f_71.jpg,v_4770,v_4770_s_30-361,0,0.006649,0
EfficientNet-B0,3,v_4770_s_30-361__f_314.jpg,v_4770,v_4770_s_30-361,0,0.012443,0
EfficientNet-B0,3,v_4770_s_30-361__f_116.jpg,v_4770,v_4770_s_30-361,0,0.005241,0
EfficientNet-B0,4,c_108_v_(video_3312.mp4)_f_619.jpg,c_108,c_108,1,0.657106,1
EfficientNet-B0,4,c_13_v_(video_391.mp4)_f_226.jpg,c_13,c_13,1,0.448971,0
EfficientNet-B0,4,c_146_v_(video_4410.mp4)_f_2066.jpg,c_146,c_146,1,0.576552,1
EfficientNet-B0,4,c_146_v_(video_4410.mp4)_f_740.jpg,c_146,c_146,1,0.542987,1
EfficientNet-B0,4,c_146_v_(video_4412.mp4)_f_43.jpg,c_146,c_146,1,0.588194,1
EfficientNet-B0,4,c_157_v_(video_4727.mp4)_f_0.jpg,c_157,c_157,1,0.576930,1
EfficientNet-B0,4,c_162_v_(video_4957.mp4)_f_230.jpg,c_162,c_162,1,0.442649,0
EfficientNet-B0,4,c_174_v_(video_5312.mp4)_f_1125.jpg,c_174,c_174,1,0.414662,0
EfficientNet-B0,4,c_174_v_(video_5312.mp4)_f_1319.jpg,c_174,c_174,1,0.368237,0
EfficientNet-B0,4,c_188_v_(video_5701.mp4)_f_226.jpg,c_188,c_188,1,0.643162,1
EfficientNet-B0,4,c_1_v_(video_17.mp4)_f_1232.jpg,c_1,c_1,1,0.610109,1
EfficientNet-B0,4,c_1_v_(video_17.mp4)_f_530.jpg,c_1,c_1,1,0.540358,1
EfficientNet-B0,4,c_1_v_(video_17.mp4)_f_925.jpg,c_1,c_1,1,0.653706,1
EfficientNet-B0,4,c_1_v_(video_7.mp4)_f_1299.jpg,c_1,c_1,1,0.559407,1
EfficientNet-B0,4,c_1_v_(video_7.mp4)_f_36.jpg,c_1,c_1,1,0.572207,1
EfficientNet-B0,4,c_25_v_(video_774.mp4)_f_1246.jpg,c_25,c_25,1,0.452176,0
EfficientNet-B0,4,c_25_v_(video_774.mp4)_f_608.jpg,c_25,c_25,1,0.644008,1
EfficientNet-B0,4,c_25_v_(video_774.mp4)_f_772.jpg,c_25,c_25,1,0.604173,1
EfficientNet-B0,4,c_25_v_(video_776.mp4)_f_1436.jpg,c_25,c_25,1,0.594691,1
EfficientNet-B0,4,c_25_v_(video_776.mp4)_f_750.jpg,c_25,c_25,1,0.679159,1
EfficientNet-B0,4,c_25_v_(video_777.mp4)_f_33.jpg,c_25,c_25,1,0.485884,0
EfficientNet-B0,4,c_3_v_(video_24.mp4)_f_72.jpg,c_3,c_3,1,0.346061,0
EfficientNet-B0,4,c_3_v_(video_25.mp4)_f_238.jpg,c_3,c_3,1,0.411746,0
EfficientNet-B0,4,c_3_v_(video_25.mp4)_f_249.jpg,c_3,c_3,1,0.484399,0
EfficientNet-B0,4,c_3_v_(video_25.mp4)_f_348.jpg,c_3,c_3,1,0.368784,0
EfficientNet-B0,4,c_3_v_(video_27.mp4)_f_163.jpg,c_3,c_3,1,0.406522,0
EfficientNet-B0,4,c_3_v_(video_27.mp4)_f_338.jpg,c_3,c_3,1,0.564995,1
EfficientNet-B0,4,c_3_v_(video_27.mp4)_f_501.jpg,c_3,c_3,1,0.622136,1
EfficientNet-B0,4,c_3_v_(video_29.mp4)_f_287.jpg,c_3,c_3,1,0.554895,1
EfficientNet-B0,4,c_3_v_(video_29.mp4)_f_443.jpg,c_3,c_3,1,0.581319,1
EfficientNet-B0,4,c_3_v_(video_29.mp4)_f_480.jpg,c_3,c_3,1,0.596866,1
EfficientNet-B0,4,c_3_v_(video_29.mp4)_f_510.jpg,c_3,c_3,1,0.515925,1
EfficientNet-B0,4,c_3_v_(video_29.mp4)_f_627.jpg,c_3,c_3,1,0.556444,1
EfficientNet-B0,4,c_46_v_(video_1405.mp4)_f_299.jpg,c_46,c_46,1,0.421317,0
EfficientNet-B0,4,c_46_v_(video_1405.mp4)_f_36.jpg,c_46,c_46,1,0.350590,0
EfficientNet-B0,4,c_46_v_(video_1405.mp4)_f_568.jpg,c_46,c_46,1,0.499666,0
EfficientNet-B0,4,c_46_v_(video_1406.mp4)_f_108.jpg,c_46,c_46,1,0.476525,0
EfficientNet-B0,4,c_46_v_(video_1406.mp4)_f_209.jpg,c_46,c_46,1,0.479642,0
EfficientNet-B0,4,c_46_v_(video_1406.mp4)_f_426.jpg,c_46,c_46,1,0.431773,0
EfficientNet-B0,4,c_46_v_(video_1406.mp4)_f_81.jpg,c_46,c_46,1,0.508561,1
EfficientNet-B0,4,c_4_v_(video_47.mp4)_f_3852.jpg,c_4,c_4,1,0.514082,1
EfficientNet-B0,4,c_4_v_(video_48.mp4)_f_402.jpg,c_4,c_4,1,0.527104,1
EfficientNet-B0,4,c_57_v_(video_1790.mp4)_f_557.jpg,c_57,c_57,1,0.686625,1
EfficientNet-B0,4,c_5_v_(video_62.mp4)_f_681.jpg,c_5,c_5,1,0.706528,1
EfficientNet-B0,4,c_5_v_(video_64.mp4)_f_712.jpg,c_5,c_5,1,0.706136,1
EfficientNet-B0,4,c_5_v_(video_66.mp4)_f_1754.jpg,c_5,c_5,1,0.664639,1
EfficientNet-B0,4,c_5_v_(video_66.mp4)_f_3.jpg,c_5,c_5,1,0.591783,1
EfficientNet-B0,4,c_6_v_(video_112.mp4)_f_1122.jpg,c_6,c_6,1,0.549802,1
EfficientNet-B0,4,c_6_v_(video_112.mp4)_f_120.jpg,c_6,c_6,1,0.483218,0
EfficientNet-B0,4,c_6_v_(video_112.mp4)_f_174.jpg,c_6,c_6,1,0.499006,0
EfficientNet-B0,4,c_6_v_(video_112.mp4)_f_709.jpg,c_6,c_6,1,0.571159,1
EfficientNet-B0,4,c_6_v_(video_84.mp4)_f_459.jpg,c_6,c_6,1,0.664121,1
EfficientNet-B0,4,c_6_v_(video_84.mp4)_f_695.jpg,c_6,c_6,1,0.561684,1
EfficientNet-B0,4,c_6_v_(video_84.mp4)_f_93.jpg,c_6,c_6,1,0.669542,1
EfficientNet-B0,4,c_6_v_(video_89.mp4)_f_177.jpg,c_6,c_6,1,0.723693,1
EfficientNet-B0,4,c_6_v_(video_89.mp4)_f_340.jpg,c_6,c_6,1,0.691585,1
EfficientNet-B0,4,c_6_v_(video_89.mp4)_f_511.jpg,c_6,c_6,1,0.652939,1
EfficientNet-B0,4,c_6_v_(video_90.mp4)_f_212.jpg,c_6,c_6,1,0.663202,1
EfficientNet-B0,4,c_6_v_(video_90.mp4)_f_684.jpg,c_6,c_6,1,0.665309,1
EfficientNet-B0,4,c_6_v_(video_95.mp4)_f_173.jpg,c_6,c_6,1,0.592917,1
EfficientNet-B0,4,c_6_v_(video_95.mp4)_f_226.jpg,c_6,c_6,1,0.526046,1
EfficientNet-B0,4,c_6_v_(video_96.mp4)_f_84.jpg,c_6,c_6,1,0.644175,1
EfficientNet-B0,4,c_76_v_(video_2329.mp4)_f_1012.jpg,c_76,c_76,1,0.583117,1
EfficientNet-B0,4,c_76_v_(video_2329.mp4)_f_59.jpg,c_76,c_76,1,0.565897,1
EfficientNet-B0,4,c_76_v_(video_2330.mp4)_f_161.jpg,c_76,c_76,1,0.459717,0
EfficientNet-B0,4,c_76_v_(video_2364.mp4)_f_25.jpg,c_76,c_76,1,0.559778,1
EfficientNet-B0,4,c_92_v_(video_2749.mp4)_f_25.jpg,c_92,c_92,1,0.519822,1
EfficientNet-B0,4,c_92_v_(video_2787.mp4)_f_199.jpg,c_92,c_92,1,0.666339,1
EfficientNet-B0,4,c_92_v_(video_2787.mp4)_f_462.jpg,c_92,c_92,1,0.629967,1
EfficientNet-B0,4,c_99_v_(video_2998.mp4)_f_256.jpg,c_99,c_99,1,0.684314,1
EfficientNet-B0,4,c_99_v_(video_2998.mp4)_f_73.jpg,c_99,c_99,1,0.526392,1
EfficientNet-B0,4,c_99_v_(video_3000.mp4)_f_51.jpg,c_99,c_99,1,0.385645,0
EfficientNet-B0,4,c_99_v_(video_3006.mp4)_f_102.jpg,c_99,c_99,1,0.669690,1
EfficientNet-B0,4,c_99_v_(video_3041.mp4)_f_0.jpg,c_99,c_99,1,0.696752,1
EfficientNet-B0,4,c_9_v_(video_168.mp4)_f_1146.jpg,c_9,c_9,1,0.648623,1
EfficientNet-B0,4,c_9_v_(video_168.mp4)_f_2210.jpg,c_9,c_9,1,0.627661,1
EfficientNet-B0,4,c_9_v_(video_168.mp4)_f_515.jpg,c_9,c_9,1,0.609376,1
EfficientNet-B0,4,c_9_v_(video_168.mp4)_f_517.jpg,c_9,c_9,1,0.567095,1
EfficientNet-B0,4,c_9_v_(video_168.mp4)_f_670.jpg,c_9,c_9,1,0.557189,1
EfficientNet-B0,4,c_9_v_(video_169.mp4)_f_79.jpg,c_9,c_9,1,0.324333,0
EfficientNet-B0,4,c_9_v_(video_170.mp4)_f_111.jpg,c_9,c_9,1,0.628517,1
EfficientNet-B0,4,c_9_v_(video_172.mp4)_f_0.jpg,c_9,c_9,1,0.610845,1
EfficientNet-B0,4,v_2506_s_0-95__f_82.jpg,v_2506,v_2506_s_0-95,0,0.527390,1
EfficientNet-B0,4,v_2506_s_0-95__f_21.jpg,v_2506,v_2506_s_0-95,0,0.559735,1
EfficientNet-B0,4,v_2506_s_0-95__f_11.jpg,v_2506,v_2506_s_0-95,0,0.435634,0
EfficientNet-B0,4,v_2506_s_0-95__f_40.jpg,v_2506,v_2506_s_0-95,0,0.592629,1
EfficientNet-B0,4,v_2506_s_0-95__f_37.jpg,v_2506,v_2506_s_0-95,0,0.576139,1
EfficientNet-B0,4,v_2506_s_0-95__f_34.jpg,v_2506,v_2506_s_0-95,0,0.581053,1
EfficientNet-B0,4,v_2506_s_0-95__f_24.jpg,v_2506,v_2506_s_0-95,0,0.529949,1
EfficientNet-B0,4,v_2506_s_0-95__f_20.jpg,v_2506,v_2506_s_0-95,0,0.575317,1
EfficientNet-B0,4,v_2506_s_0-95__f_87.jpg,v_2506,v_2506_s_0-95,0,0.410769,0
EfficientNet-B0,4,v_2506_s_0-95__f_71.jpg,v_2506,v_2506_s_0-95,0,0.458627,0
EfficientNet-B0,4,v_2506_s_0-95__f_19.jpg,v_2506,v_2506_s_0-95,0,0.559546,1
EfficientNet-B0,4,v_2506_s_0-95__f_77.jpg,v_2506,v_2506_s_0-95,0,0.488964,0
EfficientNet-B0,4,v_2506_s_0-95__f_58.jpg,v_2506,v_2506_s_0-95,0,0.569685,1
EfficientNet-B0,4,v_2506_s_0-95__f_12.jpg,v_2506,v_2506_s_0-95,0,0.475008,0
EfficientNet-B0,4,v_2736_s_19-698__f_75.jpg,v_2736,v_2736_s_19-698,0,0.287758,0
EfficientNet-B0,4,v_2736_s_19-698__f_211.jpg,v_2736,v_2736_s_19-698,0,0.349121,0
EfficientNet-B0,4,v_2736_s_19-698__f_125.jpg,v_2736,v_2736_s_19-698,0,0.384642,0
EfficientNet-B0,4,v_2736_s_19-698__f_363.jpg,v_2736,v_2736_s_19-698,0,0.344208,0
EfficientNet-B0,4,v_2736_s_19-698__f_335.jpg,v_2736,v_2736_s_19-698,0,0.416533,0
EfficientNet-B0,4,v_2736_s_19-698__f_315.jpg,v_2736,v_2736_s_19-698,0,0.435840,0
EfficientNet-B0,4,v_2736_s_19-698__f_237.jpg,v_2736,v_2736_s_19-698,0,0.456138,0
EfficientNet-B0,4,v_2736_s_19-698__f_202.jpg,v_2736,v_2736_s_19-698,0,0.438622,0
EfficientNet-B0,4,v_2736_s_19-698__f_615.jpg,v_2736,v_2736_s_19-698,0,0.536088,1
EfficientNet-B0,4,v_2736_s_19-698__f_189.jpg,v_2736,v_2736_s_19-698,0,0.405310,0
EfficientNet-B0,4,v_2736_s_19-698__f_657.jpg,v_2736,v_2736_s_19-698,0,0.574484,1
EfficientNet-B0,4,v_2736_s_19-698__f_500.jpg,v_2736,v_2736_s_19-698,0,0.522797,1
EfficientNet-B0,4,v_2736_s_19-698__f_132.jpg,v_2736,v_2736_s_19-698,0,0.392313,0
EfficientNet-B0,4,v_2736_s_19-698__f_130.jpg,v_2736,v_2736_s_19-698,0,0.361825,0
EfficientNet-B0,4,v_3315_s_1-237__f_33.jpg,v_3315,v_3315_s_1-237,0,0.317073,0
EfficientNet-B0,4,v_3315_s_1-237__f_124.jpg,v_3315,v_3315_s_1-237,0,0.396361,0
EfficientNet-B0,4,v_3315_s_1-237__f_104.jpg,v_3315,v_3315_s_1-237,0,0.412944,0
EfficientNet-B0,4,v_3315_s_1-237__f_57.jpg,v_3315,v_3315_s_1-237,0,0.351378,0
EfficientNet-B0,4,v_3315_s_1-237__f_162.jpg,v_3315,v_3315_s_1-237,0,0.421625,0
EfficientNet-B0,4,v_3315_s_1-237__f_155.jpg,v_3315,v_3315_s_1-237,0,0.399190,0
EfficientNet-B0,4,v_3315_s_1-237__f_150.jpg,v_3315,v_3315_s_1-237,0,0.389705,0
EfficientNet-B0,4,v_3315_s_1-237__f_130.jpg,v_3315,v_3315_s_1-237,0,0.361994,0
EfficientNet-B0,4,v_3315_s_1-237__f_56.jpg,v_3315,v_3315_s_1-237,0,0.404732,0
EfficientNet-B0,4,v_3315_s_1-237__f_122.jpg,v_3315,v_3315_s_1-237,0,0.400898,0
EfficientNet-B0,4,v_3315_s_1-237__f_42.jpg,v_3315,v_3315_s_1-237,0,0.450270,0
EfficientNet-B0,4,v_3315_s_1-237__f_96.jpg,v_3315,v_3315_s_1-237,0,0.384725,0
EfficientNet-B0,4,v_3315_s_1-237__f_224.jpg,v_3315,v_3315_s_1-237,0,0.538032,1
EfficientNet-B0,4,v_3315_s_1-237__f_119.jpg,v_3315,v_3315_s_1-237,0,0.425663,0
EfficientNet-B0,4,v_3528_s_1030-2231__f_1258.jpg,v_3528,v_3528_s_1030-2231,0,0.472256,0
EfficientNet-B0,4,v_3528_s_1030-2231__f_1081.jpg,v_3528,v_3528_s_1030-2231,0,0.534733,1
EfficientNet-B0,4,v_3528_s_1030-2231__f_1593.jpg,v_3528,v_3528_s_1030-2231,0,0.438170,0
EfficientNet-B0,4,v_3528_s_1030-2231__f_1531.jpg,v_3528,v_3528_s_1030-2231,0,0.459784,0
EfficientNet-B0,4,v_3528_s_1030-2231__f_1487.jpg,v_3528,v_3528_s_1030-2231,0,0.438463,0
EfficientNet-B0,4,v_3528_s_1030-2231__f_1315.jpg,v_3528,v_3528_s_1030-2231,0,0.596055,1
EfficientNet-B0,4,v_3528_s_1030-2231__f_1239.jpg,v_3528,v_3528_s_1030-2231,0,0.448100,0
EfficientNet-B0,4,v_3528_s_1030-2231__f_2146.jpg,v_3528,v_3528_s_1030-2231,0,0.524898,1
EfficientNet-B0,4,v_3528_s_1030-2231__f_1208.jpg,v_3528,v_3528_s_1030-2231,0,0.421941,0
EfficientNet-B0,4,v_3528_s_1030-2231__f_1894.jpg,v_3528,v_3528_s_1030-2231,0,0.569098,1
EfficientNet-B0,4,v_3528_s_1030-2231__f_1095.jpg,v_3528,v_3528_s_1030-2231,0,0.641852,1
EfficientNet-B0,4,v_3528_s_1030-2231__f_1091.jpg,v_3528,v_3528_s_1030-2231,0,0.612626,1
EfficientNet-B0,4,v_3528_s_1030-2231__f_1221.jpg,v_3528,v_3528_s_1030-2231,0,0.412102,0
EfficientNet-B0,4,v_3528_s_1030-2231__f_1477.jpg,v_3528,v_3528_s_1030-2231,0,0.462341,0
EfficientNet-B0,4,v_3528_s_179-537__f_506.jpg,v_3528,v_3528_s_179-537,0,0.257145,0
EfficientNet-B0,4,v_3528_s_179-537__f_236.jpg,v_3528,v_3528_s_179-537,0,0.621735,1
EfficientNet-B0,4,v_3528_s_179-537__f_191.jpg,v_3528,v_3528_s_179-537,0,0.320623,0
EfficientNet-B0,4,v_3528_s_179-537__f_319.jpg,v_3528,v_3528_s_179-537,0,0.396729,0
EfficientNet-B0,4,v_3528_s_179-537__f_304.jpg,v_3528,v_3528_s_179-537,0,0.430032,0
EfficientNet-B0,4,v_3528_s_179-537__f_293.jpg,v_3528,v_3528_s_179-537,0,0.394854,0
EfficientNet-B0,4,v_3528_s_179-537__f_250.jpg,v_3528,v_3528_s_179-537,0,0.520443,1
EfficientNet-B0,4,v_3528_s_179-537__f_231.jpg,v_3528,v_3528_s_179-537,0,0.545229,1
EfficientNet-B0,4,v_3528_s_179-537__f_525.jpg,v_3528,v_3528_s_179-537,0,0.227465,0
EfficientNet-B0,4,v_3528_s_179-537__f_458.jpg,v_3528,v_3528_s_179-537,0,0.372473,0
EfficientNet-B0,4,v_3528_s_179-537__f_223.jpg,v_3528,v_3528_s_179-537,0,0.574339,1
EfficientNet-B0,4,v_3528_s_179-537__f_481.jpg,v_3528,v_3528_s_179-537,0,0.356291,0
EfficientNet-B0,4,v_3528_s_179-537__f_395.jpg,v_3528,v_3528_s_179-537,0,0.291168,0
EfficientNet-B0,4,v_3528_s_179-537__f_195.jpg,v_3528,v_3528_s_179-537,0,0.382742,0
EfficientNet-B0,4,v_3598_s_197-518__f_254.jpg,v_3598,v_3598_s_197-518,0,0.535121,1
EfficientNet-B0,4,v_3598_s_197-518__f_209.jpg,v_3598,v_3598_s_197-518,0,0.704434,1
EfficientNet-B0,4,v_3598_s_197-518__f_337.jpg,v_3598,v_3598_s_197-518,0,0.552169,1
EfficientNet-B0,4,v_3598_s_197-518__f_322.jpg,v_3598,v_3598_s_197-518,0,0.561541,1
EfficientNet-B0,4,v_3598_s_197-518__f_311.jpg,v_3598,v_3598_s_197-518,0,0.525611,1
EfficientNet-B0,4,v_3598_s_197-518__f_268.jpg,v_3598,v_3598_s_197-518,0,0.301372,0
EfficientNet-B0,4,v_3598_s_197-518__f_249.jpg,v_3598,v_3598_s_197-518,0,0.599820,1
EfficientNet-B0,4,v_3598_s_197-518__f_476.jpg,v_3598,v_3598_s_197-518,0,0.514716,1
EfficientNet-B0,4,v_3598_s_197-518__f_241.jpg,v_3598,v_3598_s_197-518,0,0.561059,1
EfficientNet-B0,4,v_3598_s_197-518__f_499.jpg,v_3598,v_3598_s_197-518,0,0.327060,0
EfficientNet-B0,4,v_3598_s_197-518__f_413.jpg,v_3598,v_3598_s_197-518,0,0.429724,0
EfficientNet-B0,4,v_3598_s_197-518__f_213.jpg,v_3598,v_3598_s_197-518,0,0.706549,1
EfficientNet-B0,4,v_3598_s_197-518__f_212.jpg,v_3598,v_3598_s_197-518,0,0.675385,1
EfficientNet-B0,4,v_3598_s_197-518__f_244.jpg,v_3598,v_3598_s_197-518,0,0.603921,1
EfficientNet-B0,4,v_5280_s_89-491__f_427.jpg,v_5280,v_5280_s_89-491,0,0.489679,0
EfficientNet-B0,4,v_5280_s_89-491__f_157.jpg,v_5280,v_5280_s_89-491,0,0.445666,0
EfficientNet-B0,4,v_5280_s_89-491__f_112.jpg,v_5280,v_5280_s_89-491,0,0.402565,0
EfficientNet-B0,4,v_5280_s_89-491__f_479.jpg,v_5280,v_5280_s_89-491,0,0.459852,0
EfficientNet-B0,4,v_5280_s_89-491__f_240.jpg,v_5280,v_5280_s_89-491,0,0.503764,1
EfficientNet-B0,4,v_5280_s_89-491__f_225.jpg,v_5280,v_5280_s_89-491,0,0.426592,0
EfficientNet-B0,4,v_5280_s_89-491__f_214.jpg,v_5280,v_5280_s_89-491,0,0.439513,0
EfficientNet-B0,4,v_5280_s_89-491__f_171.jpg,v_5280,v_5280_s_89-491,0,0.502031,1
EfficientNet-B0,4,v_5280_s_89-491__f_477.jpg,v_5280,v_5280_s_89-491,0,0.475966,0
EfficientNet-B0,4,v_5280_s_89-491__f_152.jpg,v_5280,v_5280_s_89-491,0,0.514608,1
EfficientNet-B0,4,v_5280_s_89-491__f_446.jpg,v_5280,v_5280_s_89-491,0,0.526636,1
EfficientNet-B0,4,v_5280_s_89-491__f_96.jpg,v_5280,v_5280_s_89-491,0,0.435593,0
EfficientNet-B0,4,v_5280_s_89-491__f_379.jpg,v_5280,v_5280_s_89-491,0,0.384678,0
ViT-B/16,0,c_121_v_(video_3630.mp4)_f_37.jpg,c_121,c_121,1,0.997981,1
ViT-B/16,0,c_12_v_(video_364.mp4)_f_253.jpg,c_12,c_12,1,0.943326,1
ViT-B/16,0,c_12_v_(video_365.mp4)_f_174.jpg,c_12,c_12,1,0.997790,1
ViT-B/16,0,c_12_v_(video_365.mp4)_f_49.jpg,c_12,c_12,1,0.464590,0
ViT-B/16,0,c_12_v_(video_368.mp4)_f_167.jpg,c_12,c_12,1,0.870126,1
ViT-B/16,0,c_12_v_(video_368.mp4)_f_261.jpg,c_12,c_12,1,0.996580,1
ViT-B/16,0,c_12_v_(video_370.mp4)_f_25.jpg,c_12,c_12,1,0.997173,1
ViT-B/16,0,c_12_v_(video_370.mp4)_f_67.jpg,c_12,c_12,1,0.934135,1
ViT-B/16,0,c_135_v_(video_4058.mp4)_f_1.jpg,c_135,c_135,1,0.920856,1
ViT-B/16,0,c_135_v_(video_4079.mp4)_f_229.jpg,c_135,c_135,1,0.039159,0
ViT-B/16,0,c_159_v_(video_4770.mp4)_f_4585.jpg,c_159,c_159,1,0.990688,1
ViT-B/16,0,c_165_v_(video_5033.mp4)_f_19.jpg,c_165,c_165,1,0.416672,0
ViT-B/16,0,c_165_v_(video_5033.mp4)_f_547.jpg,c_165,c_165,1,0.880851,1
ViT-B/16,0,c_165_v_(video_5035.mp4)_f_13.jpg,c_165,c_165,1,0.997457,1
ViT-B/16,0,c_165_v_(video_5037.mp4)_f_1790.jpg,c_165,c_165,1,0.998978,1
ViT-B/16,0,c_165_v_(video_5038.mp4)_f_161.jpg,c_165,c_165,1,0.999006,1
ViT-B/16,0,c_165_v_(video_5046.mp4)_f_117.jpg,c_165,c_165,1,0.986801,1
ViT-B/16,0,c_165_v_(video_5046.mp4)_f_180.jpg,c_165,c_165,1,0.999098,1
ViT-B/16,0,c_165_v_(video_5046.mp4)_f_962.jpg,c_165,c_165,1,0.836150,1
ViT-B/16,0,c_169_v_(video_5210.mp4)_f_102.jpg,c_169,c_169,1,0.999456,1
ViT-B/16,0,c_169_v_(video_5211.mp4)_f_104.jpg,c_169,c_169,1,0.999053,1
ViT-B/16,0,c_173_v_(video_5306.mp4)_f_20.jpg,c_173,c_173,1,0.864703,1
ViT-B/16,0,c_173_v_(video_5306.mp4)_f_228.jpg,c_173,c_173,1,0.763389,1
ViT-B/16,0,c_20_v_(video_539.mp4)_f_16.jpg,c_20,c_20,1,0.855752,1
ViT-B/16,0,c_20_v_(video_539.mp4)_f_201.jpg,c_20,c_20,1,0.047495,0
ViT-B/16,0,c_20_v_(video_539.mp4)_f_305.jpg,c_20,c_20,1,0.996655,1
ViT-B/16,0,c_20_v_(video_539.mp4)_f_560.jpg,c_20,c_20,1,0.997556,1
ViT-B/16,0,c_20_v_(video_539.mp4)_f_800.jpg,c_20,c_20,1,0.999201,1
ViT-B/16,0,c_24_v_(video_693.mp4)_f_136.jpg,c_24,c_24,1,0.096693,0
ViT-B/16,0,c_24_v_(video_693.mp4)_f_1495.jpg,c_24,c_24,1,0.633591,1
ViT-B/16,0,c_24_v_(video_693.mp4)_f_1606.jpg,c_24,c_24,1,0.960037,1
ViT-B/16,0,c_24_v_(video_693.mp4)_f_1630.jpg,c_24,c_24,1,0.098966,0
ViT-B/16,0,c_24_v_(video_693.mp4)_f_1697.jpg,c_24,c_24,1,0.987806,1
ViT-B/16,0,c_24_v_(video_695.mp4)_f_166.jpg,c_24,c_24,1,0.371123,0
ViT-B/16,0,c_24_v_(video_704.mp4)_f_198.jpg,c_24,c_24,1,0.984024,1
ViT-B/16,0,c_295_v_(video_9755.mp4)_f_3595.jpg,c_295,c_295,1,0.594071,1
ViT-B/16,0,c_33_v_(video_1058.mp4)_f_1034.jpg,c_33,c_33,1,0.974168,1
ViT-B/16,0,c_33_v_(video_1058.mp4)_f_1254.jpg,c_33,c_33,1,0.998915,1
ViT-B/16,0,c_33_v_(video_1058.mp4)_f_1427.jpg,c_33,c_33,1,0.999052,1
ViT-B/16,0,c_34_v_(video_1099.mp4)_f_261.jpg,c_34,c_34,1,0.944208,1
ViT-B/16,0,c_34_v_(video_1099.mp4)_f_5.jpg,c_34,c_34,1,0.997984,1
ViT-B/16,0,c_49_v_(video_1561.mp4)_f_1248.jpg,c_49,c_49,1,0.998061,1
ViT-B/16,0,c_49_v_(video_1561.mp4)_f_1299.jpg,c_49,c_49,1,0.997765,1
ViT-B/16,0,c_49_v_(video_1561.mp4)_f_141.jpg,c_49,c_49,1,0.993068,1
ViT-B/16,0,c_49_v_(video_1561.mp4)_f_202.jpg,c_49,c_49,1,0.986741,1
ViT-B/16,0,c_49_v_(video_1561.mp4)_f_334.jpg,c_49,c_49,1,0.995660,1
ViT-B/16,0,c_49_v_(video_1561.mp4)_f_411.jpg,c_49,c_49,1,0.994411,1
ViT-B/16,0,c_50_v_(video_1589.mp4)_f_109.jpg,c_50,c_50,1,0.996517,1
ViT-B/16,0,c_50_v_(video_1589.mp4)_f_220.jpg,c_50,c_50,1,0.999288,1
ViT-B/16,0,c_59_v_(video_1898.mp4)_f_1838.jpg,c_59,c_59,1,0.978390,1
ViT-B/16,0,c_59_v_(video_1898.mp4)_f_47.jpg,c_59,c_59,1,0.366535,0
ViT-B/16,0,c_59_v_(video_1898.mp4)_f_917.jpg,c_59,c_59,1,0.998321,1
ViT-B/16,0,c_61_v_(video_1990.mp4)_f_194.jpg,c_61,c_61,1,0.948333,1
ViT-B/16,0,c_61_v_(video_1991.mp4)_f_140.jpg,c_61,c_61,1,0.999555,1
ViT-B/16,0,c_61_v_(video_1991.mp4)_f_83.jpg,c_61,c_61,1,0.996565,1
ViT-B/16,0,c_63_v_(video_2060.mp4)_f_0.jpg,c_63,c_63,1,0.998067,1
ViT-B/16,0,c_79_v_(video_2401.mp4)_f_210.jpg,c_79,c_79,1,0.995910,1
ViT-B/16,0,c_79_v_(video_2403.mp4)_f_1001.jpg,c_79,c_79,1,0.998295,1
ViT-B/16,0,c_79_v_(video_2404.mp4)_f_688.jpg,c_79,c_79,1,0.973238,1
ViT-B/16,0,c_79_v_(video_2405.mp4)_f_42.jpg,c_79,c_79,1,0.999697,1
ViT-B/16,0,c_8_v_(video_145.mp4)_f_496.jpg,c_8,c_8,1,0.871778,1
ViT-B/16,0,c_8_v_(video_146.mp4)_f_298.jpg,c_8,c_8,1,0.997453,1
ViT-B/16,0,c_8_v_(video_146.mp4)_f_344.jpg,c_8,c_8,1,0.996581,1
ViT-B/16,0,c_8_v_(video_146.mp4)_f_388.jpg,c_8,c_8,1,0.999099,1
ViT-B/16,0,c_8_v_(video_147.mp4)_f_11.jpg,c_8,c_8,1,0.999086,1
ViT-B/16,0,c_8_v_(video_148.mp4)_f_1079.jpg,c_8,c_8,1,0.998260,1
ViT-B/16,0,c_8_v_(video_148.mp4)_f_164.jpg,c_8,c_8,1,0.998226,1
ViT-B/16,0,c_8_v_(video_148.mp4)_f_185.jpg,c_8,c_8,1,0.975814,1
ViT-B/16,0,c_8_v_(video_148.mp4)_f_2515.jpg,c_8,c_8,1,0.990084,1
ViT-B/16,0,c_8_v_(video_148.mp4)_f_2723.jpg,c_8,c_8,1,0.990297,1
ViT-B/16,0,c_8_v_(video_148.mp4)_f_973.jpg,c_8,c_8,1,0.954479,1
ViT-B/16,0,c_8_v_(video_153.mp4)_f_2707.jpg,c_8,c_8,1,0.979142,1
ViT-B/16,0,c_93_v_(video_2819.mp4)_f_1744.jpg,c_93,c_93,1,0.996266,1
ViT-B/16,0,c_93_v_(video_2819.mp4)_f_992.jpg,c_93,c_93,1,0.980570,1
ViT-B/16,0,c_93_v_(video_2824.mp4)_f_0.jpg,c_93,c_93,1,0.407017,0
ViT-B/16,0,c_93_v_(video_2824.mp4)_f_116.jpg,c_93,c_93,1,0.993989,1
ViT-B/16,0,c_93_v_(video_2824.mp4)_f_283.jpg,c_93,c_93,1,0.879402,1
ViT-B/16,0,c_93_v_(video_2824.mp4)_f_383.jpg,c_93,c_93,1,0.889537,1
ViT-B/16,0,c_93_v_(video_2824.mp4)_f_436.jpg,c_93,c_93,1,0.953516,1
ViT-B/16,0,c_93_v_(video_2846.mp4)_f_54.jpg,c_93,c_93,1,0.964025,1
ViT-B/16,0,v_3312_s_0-278__f_15.jpg,v_3312,v_3312_s_0-278,0,0.134019,0
ViT-B/16,0,v_3312_s_0-278__f_109.jpg,v_3312,v_3312_s_0-278,0,0.059535,0
ViT-B/16,0,v_3312_s_0-278__f_224.jpg,v_3312,v_3312_s_0-278,0,0.119814,0
ViT-B/16,0,v_3312_s_0-278__f_210.jpg,v_3312,v_3312_s_0-278,0,0.101319,0
ViT-B/16,0,v_3312_s_0-278__f_200.jpg,v_3312,v_3312_s_0-278,0,0.557851,1
ViT-B/16,0,v_3312_s_0-278__f_162.jpg,v_3312,v_3312_s_0-278,0,0.060350,0
ViT-B/16,0,v_3312_s_0-278__f_145.jpg,v_3312,v_3312_s_0-278,0,0.062515,0
ViT-B/16,0,v_3312_s_0-278__f_138.jpg,v_3312,v_3312_s_0-278,0,0.238447,0
ViT-B/16,0,v_3312_s_0-278__f_43.jpg,v_3312,v_3312_s_0-278,0,0.757198,1
ViT-B/16,0,v_3312_s_0-278__f_112.jpg,v_3312,v_3312_s_0-278,0,0.416716,0
ViT-B/16,0,v_3312_s_0-278__f_111.jpg,v_3312,v_3312_s_0-278,0,0.176468,0
ViT-B/16,0,v_3312_s_0-278__f_140.jpg,v_3312,v_3312_s_0-278,0,0.035580,0
ViT-B/16,0,v_3312_s_0-278__f_199.jpg,v_3312,v_3312_s_0-278,0,0.254419,0
ViT-B/16,0,v_3312_s_0-278__f_205.jpg,v_3312,v_3312_s_0-278,0,0.696089,1
ViT-B/16,0,v_3312_s_1737-1823__f_1818.jpg,v_3312,v_3312_s_1737-1823,0,0.001579,0
ViT-B/16,0,v_3312_s_1737-1823__f_1751.jpg,v_3312,v_3312_s_1737-1823,0,0.055811,0
ViT-B/16,0,v_3312_s_1737-1823__f_1740.jpg,v_3312,v_3312_s_1737-1823,0,0.147943,0
ViT-B/16,0,v_3312_s_1737-1823__f_1772.jpg,v_3312,v_3312_s_1737-1823,0,0.057569,0
ViT-B/16,0,v_3312_s_1737-1823__f_1768.jpg,v_3312,v_3312_s_1737-1823,0,0.062056,0
ViT-B/16,0,v_3312_s_1737-1823__f_1765.jpg,v_3312,v_3312_s_1737-1823,0,0.029492,0
ViT-B/16,0,v_3312_s_1737-1823__f_1754.jpg,v_3312,v_3312_s_1737-1823,0,0.056640,0
ViT-B/16,0,v_3312_s_1737-1823__f_1750.jpg,v_3312,v_3312_s_1737-1823,0,0.052871,0
ViT-B/16,0,v_3312_s_1737-1823__f_1806.jpg,v_3312,v_3312_s_1737-1823,0,0.010922,0
ViT-B/16,0,v_3312_s_1737-1823__f_1748.jpg,v_3312,v_3312_s_1737-1823,0,0.028180,0
ViT-B/16,0,v_3312_s_1737-1823__f_1812.jpg,v_3312,v_3312_s_1737-1823,0,0.100430,0
ViT-B/16,0,v_3312_s_1737-1823__f_1791.jpg,v_3312,v_3312_s_1737-1823,0,0.025802,0
ViT-B/16,0,v_3312_s_1737-1823__f_1741.jpg,v_3312,v_3312_s_1737-1823,0,0.045374,0
ViT-B/16,0,v_3312_s_1737-1823__f_1820.jpg,v_3312,v_3312_s_1737-1823,0,0.001364,0
ViT-B/16,0,v_3712_s_367-410__f_407.jpg,v_3712,v_3712_s_367-410,0,0.003920,0
ViT-B/16,0,v_3712_s_367-410__f_374.jpg,v_3712,v_3712_s_367-410,0,0.942212,1
ViT-B/16,0,v_3712_s_367-410__f_368.jpg,v_3712,v_3712_s_367-410,0,0.949766,1
ViT-B/16,0,v_3712_s_367-410__f_384.jpg,v_3712,v_3712_s_367-410,0,0.470329,0
ViT-B/16,0,v_3712_s_367-410__f_382.jpg,v_3712,v_3712_s_367-410,0,0.181638,0
ViT-B/16,0,v_3712_s_367-410__f_381.jpg,v_3712,v_3712_s_367-410,0,0.277939,0
ViT-B/16,0,v_3712_s_367-410__f_375.jpg,v_3712,v_3712_s_367-410,0,0.853170,1
ViT-B/16,0,v_3712_s_367-410__f_373.jpg,v_3712,v_3712_s_367-410,0,0.923743,1
ViT-B/16,0,v_3712_s_367-410__f_401.jpg,v_3712,v_3712_s_367-410,0,0.057964,0
ViT-B/16,0,v_3712_s_367-410__f_372.jpg,v_3712,v_3712_s_367-410,0,0.864309,1
ViT-B/16,0,v_3712_s_367-410__f_394.jpg,v_3712,v_3712_s_367-410,0,0.026588,0
ViT-B/16,0,v_3712_s_367-410__f_369.jpg,v_3712,v_3712_s_367-410,0,0.951256,1
ViT-B/16,0,v_3712_s_367-410__f_367.jpg,v_3712,v_3712_s_367-410,0,0.940170,1
ViT-B/16,0,v_3712_s_367-410__f_398.jpg,v_3712,v_3712_s_367-410,0,0.020925,0
ViT-B/16,0,v_3712_s_949-1095__f_1028.jpg,v_3712,v_3712_s_949-1095,0,0.048455,0
ViT-B/16,0,v_3712_s_949-1095__f_1006.jpg,v_3712,v_3712_s_949-1095,0,0.116098,0
ViT-B/16,0,v_3712_s_949-1095__f_1070.jpg,v_3712,v_3712_s_949-1095,0,0.004543,0
ViT-B/16,0,v_3712_s_949-1095__f_1062.jpg,v_3712,v_3712_s_949-1095,0,0.012675,0
ViT-B/16,0,v_3712_s_949-1095__f_1057.jpg,v_3712,v_3712_s_949-1095,0,0.010472,0
ViT-B/16,0,v_3712_s_949-1095__f_1035.jpg,v_3712,v_3712_s_949-1095,0,0.001930,0
ViT-B/16,0,v_3712_s_949-1095__f_1026.jpg,v_3712,v_3712_s_949-1095,0,0.038619,0
ViT-B/16,0,v_3712_s_949-1095__f_1022.jpg,v_3712,v_3712_s_949-1095,0,0.100400,0
ViT-B/16,0,v_3712_s_949-1095__f_962.jpg,v_3712,v_3712_s_949-1095,0,0.014775,0
ViT-B/16,0,v_3712_s_949-1095__f_1008.jpg,v_3712,v_3712_s_949-1095,0,0.120612,0
ViT-B/16,0,v_3712_s_949-1095__f_1007.jpg,v_3712,v_3712_s_949-1095,0,0.049477,0
ViT-B/16,0,v_3712_s_949-1095__f_1023.jpg,v_3712,v_3712_s_949-1095,0,0.120907,0
ViT-B/16,0,v_3712_s_949-1095__f_1055.jpg,v_3712,v_3712_s_949-1095,0,0.008292,0
ViT-B/16,0,v_3712_s_949-1095__f_1059.jpg,v_3712,v_3712_s_949-1095,0,0.016017,0
ViT-B/16,0,v_4466_s_0-186__f_79.jpg,v_4466,v_4466_s_0-186,0,0.013045,0
ViT-B/16,0,v_4466_s_0-186__f_123.jpg,v_4466,v_4466_s_0-186,0,0.002844,0
ViT-B/16,0,v_4466_s_0-186__f_103.jpg,v_4466,v_4466_s_0-186,0,0.003479,0
ViT-B/16,0,v_4466_s_0-186__f_161.jpg,v_4466,v_4466_s_0-186,0,0.003823,0
ViT-B/16,0,v_4466_s_0-186__f_154.jpg,v_4466,v_4466_s_0-186,0,0.002434,0
ViT-B/16,0,v_4466_s_0-186__f_15.jpg,v_4466,v_4466_s_0-186,0,0.038072,0
ViT-B/16,0,v_4466_s_0-186__f_13.jpg,v_4466,v_4466_s_0-186,0,0.032849,0
ViT-B/16,0,v_4466_s_0-186__f_121.jpg,v_4466,v_4466_s_0-186,0,0.003246,0
ViT-B/16,0,v_4466_s_0-186__f_88.jpg,v_4466,v_4466_s_0-186,0,0.018563,0
ViT-B/16,0,v_4466_s_0-186__f_57.jpg,v_4466,v_4466_s_0-186,0,0.032578,0
ViT-B/16,0,v_4466_s_0-186__f_118.jpg,v_4466,v_4466_s_0-186,0,0.004810,0
ViT-B/16,0,v_4466_s_0-186__f_68.jpg,v_4466,v_4466_s_0-186,0,0.047690,0
ViT-B/16,0,v_4466_s_0-186__f_29.jpg,v_4466,v_4466_s_0-186,0,0.013364,0
ViT-B/16,0,v_4466_s_0-186__f_105.jpg,v_4466,v_4466_s_0-186,0,0.003953,0
ViT-B/16,0,v_5675_s_277-396__f_358.jpg,v_5675,v_5675_s_277-396,0,0.678220,1
ViT-B/16,0,v_5675_s_277-396__f_291.jpg,v_5675,v_5675_s_277-396,0,0.084582,0
ViT-B/16,0,v_5675_s_277-396__f_280.jpg,v_5675,v_5675_s_277-396,0,0.054727,0
ViT-B/16,0,v_5675_s_277-396__f_371.jpg,v_5675,v_5675_s_277-396,0,0.228601,0
ViT-B/16,0,v_5675_s_277-396__f_312.jpg,v_5675,v_5675_s_277-396,0,0.141265,0
ViT-B/16,0,v_5675_s_277-396__f_308.jpg,v_5675,v_5675_s_277-396,0,0.262995,0
ViT-B/16,0,v_5675_s_277-396__f_305.jpg,v_5675,v_5675_s_277-396,0,0.220295,0
ViT-B/16,0,v_5675_s_277-396__f_294.jpg,v_5675,v_5675_s_277-396,0,0.141684,0
ViT-B/16,0,v_5675_s_277-396__f_392.jpg,v_5675,v_5675_s_277-396,0,0.473291,0
ViT-B/16,0,v_5675_s_277-396__f_290.jpg,v_5675,v_5675_s_277-396,0,0.132565,0
ViT-B/16,0,v_5675_s_277-396__f_363.jpg,v_5675,v_5675_s_277-396,0,0.577767,1
ViT-B/16,0,v_5675_s_277-396__f_387.jpg,v_5675,v_5675_s_277-396,0,0.588895,1
ViT-B/16,0,v_5675_s_277-396__f_346.jpg,v_5675,v_5675_s_277-396,0,0.325555,0
ViT-B/16,0,v_5675_s_547-736__f_710.jpg,v_5675,v_5675_s_547-736,0,0.180039,0
ViT-B/16,0,v_5675_s_547-736__f_575.jpg,v_5675,v_5675_s_547-736,0,0.987498,1
ViT-B/16,0,v_5675_s_547-736__f_553.jpg,v_5675,v_5675_s_547-736,0,0.962695,1
ViT-B/16,0,v_5675_s_547-736__f_617.jpg,v_5675,v_5675_s_547-736,0,0.622165,1
ViT-B/16,0,v_5675_s_547-736__f_609.jpg,v_5675,v_5675_s_547-736,0,0.555044,1
ViT-B/16,0,v_5675_s_547-736__f_604.jpg,v_5675,v_5675_s_547-736,0,0.854876,1
ViT-B/16,0,v_5675_s_547-736__f_582.jpg,v_5675,v_5675_s_547-736,0,0.926920,1
ViT-B/16,0,v_5675_s_547-736__f_573.jpg,v_5675,v_5675_s_547-736,0,0.972458,1
ViT-B/16,0,v_5675_s_547-736__f_720.jpg,v_5675,v_5675_s_547-736,0,0.291555,0
ViT-B/16,0,v_5675_s_547-736__f_686.jpg,v_5675,v_5675_s_547-736,0,0.036380,0
ViT-B/16,0,v_5675_s_547-736__f_569.jpg,v_5675,v_5675_s_547-736,0,0.659121,1
ViT-B/16,0,v_5675_s_547-736__f_698.jpg,v_5675,v_5675_s_547-736,0,0.079756,0
ViT-B/16,0,v_5675_s_547-736__f_655.jpg,v_5675,v_5675_s_547-736,0,0.661272,1
ViT-B/16,1,c_100_v_(video_3062.mp4)_f_1458.jpg,c_100,c_100,1,0.989926,1
ViT-B/16,1,c_102_v_(video_3119.mp4)_f_1311.jpg,c_102,c_102,1,0.880088,1
ViT-B/16,1,c_102_v_(video_3119.mp4)_f_185.jpg,c_102,c_102,1,0.959232,1
ViT-B/16,1,c_102_v_(video_3124.mp4)_f_97.jpg,c_102,c_102,1,0.994079,1
ViT-B/16,1,c_102_v_(video_3130.mp4)_f_0.jpg,c_102,c_102,1,0.964354,1
ViT-B/16,1,c_10_v_(video_182.mp4)_f_494.jpg,c_10,c_10,1,0.963915,1
ViT-B/16,1,c_10_v_(video_184.mp4)_f_22.jpg,c_10,c_10,1,0.993792,1
ViT-B/16,1,c_10_v_(video_185.mp4)_f_112.jpg,c_10,c_10,1,0.995653,1
ViT-B/16,1,c_10_v_(video_185.mp4)_f_176.jpg,c_10,c_10,1,0.998263,1
ViT-B/16,1,c_10_v_(video_186.mp4)_f_200.jpg,c_10,c_10,1,0.991137,1
ViT-B/16,1,c_10_v_(video_188.mp4)_f_455.jpg,c_10,c_10,1,0.077595,0
ViT-B/16,1,c_113_v_(video_3427.mp4)_f_211.jpg,c_113,c_113,1,0.008215,0
ViT-B/16,1,c_114_v_(video_3461.mp4)_f_610.jpg,c_114,c_114,1,0.979957,1
ViT-B/16,1,c_137_v_(video_4143.mp4)_f_1016.jpg,c_137,c_137,1,0.563371,1
ViT-B/16,1,c_137_v_(video_4143.mp4)_f_427.jpg,c_137,c_137,1,0.950680,1
ViT-B/16,1,c_137_v_(video_4143.mp4)_f_639.jpg,c_137,c_137,1,0.983012,1
ViT-B/16,1,c_144_v_(video_4371.mp4)_f_66.jpg,c_144,c_144,1,0.974628,1
ViT-B/16,1,c_144_v_(video_4371.mp4)_f_872.jpg,c_144,c_144,1,0.148617,0
ViT-B/16,1,c_144_v_(video_4374.mp4)_f_2517.jpg,c_144,c_144,1,0.995225,1
ViT-B/16,1,c_144_v_(video_4374.mp4)_f_2771.jpg,c_144,c_144,1,0.911934,1
ViT-B/16,1,c_150_v_(video_4517.mp4)_f_109.jpg,c_150,c_150,1,0.984600,1
ViT-B/16,1,c_150_v_(video_4518.mp4)_f_28.jpg,c_150,c_150,1,0.996158,1
ViT-B/16,1,c_150_v_(video_4520.mp4)_f_132.jpg,c_150,c_150,1,0.460455,0
ViT-B/16,1,c_178_v_(video_5419.mp4)_f_794.jpg,c_178,c_178,1,0.877364,1
ViT-B/16,1,c_178_v_(video_5426.mp4)_f_90.jpg,c_178,c_178,1,0.994565,1
ViT-B/16,1,c_189_v_(video_5727.mp4)_f_14.jpg,c_189,c_189,1,0.995576,1
ViT-B/16,1,c_21_v_(video_605.mp4)_f_79.jpg,c_21,c_21,1,0.062290,0
ViT-B/16,1,c_21_v_(video_607.mp4)_f_46.jpg,c_21,c_21,1,0.124133,0
ViT-B/16,1,c_23_v_(video_672.mp4)_f_1006.jpg,c_23,c_23,1,0.994229,1
ViT-B/16,1,c_23_v_(video_672.mp4)_f_1268.jpg,c_23,c_23,1,0.626844,1
ViT-B/16,1,c_23_v_(video_672.mp4)_f_13.jpg,c_23,c_23,1,0.008029,0
ViT-B/16,1,c_23_v_(video_672.mp4)_f_195.jpg,c_23,c_23,1,0.988971,1
ViT-B/16,1,c_23_v_(video_672.mp4)_f_256.jpg,c_23,c_23,1,0.997608,1
ViT-B/16,1,c_23_v_(video_672.mp4)_f_397.jpg,c_23,c_23,1,0.992385,1
ViT-B/16,1,c_23_v_(video_672.mp4)_f_778.jpg,c_23,c_23,1,0.976944,1
ViT-B/16,1,c_23_v_(video_674.mp4)_f_1579.jpg,c_23,c_23,1,0.985243,1
ViT-B/16,1,c_23_v_(video_674.mp4)_f_41.jpg,c_23,c_23,1,0.993564,1
ViT-B/16,1,c_23_v_(video_674.mp4)_f_837.jpg,c_23,c_23,1,0.994832,1
ViT-B/16,1,c_23_v_(video_674.mp4)_f_870.jpg,c_23,c_23,1,0.991035,1
ViT-B/16,1,c_28_v_(video_903.mp4)_f_1330.jpg,c_28,c_28,1,0.769204,1
ViT-B/16,1,c_28_v_(video_903.mp4)_f_1635.jpg,c_28,c_28,1,0.997382,1
ViT-B/16,1,c_28_v_(video_903.mp4)_f_1761.jpg,c_28,c_28,1,0.995765,1
ViT-B/16,1,c_28_v_(video_903.mp4)_f_330.jpg,c_28,c_28,1,0.998719,1
ViT-B/16,1,c_28_v_(video_903.mp4)_f_627.jpg,c_28,c_28,1,0.989386,1
ViT-B/16,1,c_28_v_(video_903.mp4)_f_853.jpg,c_28,c_28,1,0.055186,0
ViT-B/16,1,c_28_v_(video_905.mp4)_f_53.jpg,c_28,c_28,1,0.995845,1
ViT-B/16,1,c_28_v_(video_907.mp4)_f_73.jpg,c_28,c_28,1,0.997923,1
ViT-B/16,1,c_28_v_(video_934.mp4)_f_288.jpg,c_28,c_28,1,0.994926,1
ViT-B/16,1,c_29_v_(video_940.mp4)_f_1371.jpg,c_29,c_29,1,0.980369,1
ViT-B/16,1,c_29_v_(video_940.mp4)_f_1635.jpg,c_29,c_29,1,0.997382,1
ViT-B/16,1,c_31_v_(video_1002.mp4)_f_499.jpg,c_31,c_31,1,0.995097,1
ViT-B/16,1,c_31_v_(video_1002.mp4)_f_91.jpg,c_31,c_31,1,0.991879,1
ViT-B/16,1,c_31_v_(video_1004.mp4)_f_869.jpg,c_31,c_31,1,0.944941,1
ViT-B/16,1,c_31_v_(video_993.mp4)_f_75.jpg,c_31,c_31,1,0.932519,1
ViT-B/16,1,c_31_v_(video_997.mp4)_f_161.jpg,c_31,c_31,1,0.976875,1
ViT-B/16,1,c_31_v_(video_998.mp4)_f_85.jpg,c_31,c_31,1,0.981594,1
ViT-B/16,1,c_42_v_(video_1320.mp4)_f_565.jpg,c_42,c_42,1,0.904001,1
ViT-B/16,1,c_42_v_(video_1320.mp4)_f_653.jpg,c_42,c_42,1,0.997699,1
ViT-B/16,1,c_42_v_(video_1322.mp4)_f_276.jpg,c_42,c_42,1,0.995258,1
ViT-B/16,1,c_42_v_(video_1322.mp4)_f_471.jpg,c_42,c_42,1,0.993349,1
ViT-B/16,1,c_42_v_(video_1322.mp4)_f_624.jpg,c_42,c_42,1,0.990904,1
ViT-B/16,1,c_42_v_(video_1323.mp4)_f_183.jpg,c_42,c_42,1,0.997274,1
ViT-B/16,1,c_45_v_(video_1386.mp4)_f_563.jpg,c_45,c_45,1,0.998944,1
ViT-B/16,1,c_45_v_(video_1386.mp4)_f_622.jpg,c_45,c_45,1,0.998607,1
ViT-B/16,1,c_45_v_(video_1386.mp4)_f_753.jpg,c_45,c_45,1,0.998452,1
ViT-B/16,1,c_45_v_(video_1396.mp4)_f_1483.jpg,c_45,c_45,1,0.997503,1
ViT-B/16,1,c_45_v_(video_1396.mp4)_f_2895.jpg,c_45,c_45,1,0.996222,1
ViT-B/16,1,c_45_v_(video_1396.mp4)_f_3007.jpg,c_45,c_45,1,0.994363,1
ViT-B/16,1,c_45_v_(video_1396.mp4)_f_408.jpg,c_45,c_45,1,0.995603,1
ViT-B/16,1,c_52_v_(video_1656.mp4)_f_2711.jpg,c_52,c_52,1,0.996026,1
ViT-B/16,1,c_52_v_(video_1656.mp4)_f_5548.jpg,c_52,c_52,1,0.674994,1
ViT-B/16,1,c_7_v_(video_130.mp4)_f_100.jpg,c_7,c_7,1,0.091671,0
ViT-B/16,1,c_7_v_(video_130.mp4)_f_1233.jpg,c_7,c_7,1,0.982723,1
ViT-B/16,1,c_7_v_(video_130.mp4)_f_1360.jpg,c_7,c_7,1,0.042237,0
ViT-B/16,1,c_7_v_(video_130.mp4)_f_241.jpg,c_7,c_7,1,0.023500,0
ViT-B/16,1,c_7_v_(video_130.mp4)_f_411.jpg,c_7,c_7,1,0.896268,1
ViT-B/16,1,c_7_v_(video_130.mp4)_f_986.jpg,c_7,c_7,1,0.946961,1
ViT-B/16,1,c_7_v_(video_134.mp4)_f_1093.jpg,c_7,c_7,1,0.323032,0
ViT-B/16,1,c_7_v_(video_134.mp4)_f_1716.jpg,c_7,c_7,1,0.895885,1
ViT-B/16,1,c_7_v_(video_134.mp4)_f_2323.jpg,c_7,c_7,1,0.980939,1
ViT-B/16,1,c_82_v_(video_2507.mp4)_f_2154.jpg,c_82,c_82,1,0.997243,1
ViT-B/16,1,c_86_v_(video_2617.mp4)_f_177.jpg,c_86,c_86,1,0.997088,1
ViT-B/16,1,c_86_v_(video_2638.mp4)_f_150.jpg,c_86,c_86,1,0.995113,1
ViT-B/16,1,v_2690_s_154-252__f_235.jpg,v_2690,v_2690_s_154-252,0,0.016695,0
ViT-B/16,1,v_2690_s_154-252__f_168.jpg,v_2690,v_2690_s_154-252,0,0.018137,0
ViT-B/16,1,v_2690_s_154-252__f_157.jpg,v_2690,v_2690_s_154-252,0,0.009546,0
ViT-B/16,1,v_2690_s_154-252__f_248.jpg,v_2690,v_2690_s_154-252,0,0.037840,0
ViT-B/16,1,v_2690_s_154-252__f_189.jpg,v_2690,v_2690_s_154-252,0,0.024540,0
ViT-B/16,1,v_2690_s_154-252__f_185.jpg,v_2690,v_2690_s_154-252,0,0.018031,0
ViT-B/16,1,v_2690_s_154-252__f_182.jpg,v_2690,v_2690_s_154-252,0,0.021755,0
ViT-B/16,1,v_2690_s_154-252__f_171.jpg,v_2690,v_2690_s_154-252,0,0.017886,0
ViT-B/16,1,v_2690_s_154-252__f_167.jpg,v_2690,v_2690_s_154-252,0,0.018294,0
ViT-B/16,1,v_2690_s_154-252__f_240.jpg,v_2690,v_2690_s_154-252,0,0.014062,0
ViT-B/16,1,v_2690_s_154-252__f_223.jpg,v_2690,v_2690_s_154-252,0,0.011164,0
ViT-B/16,1,v_2690_s_154-252__f_165.jpg,v_2690,v_2690_s_154-252,0,0.013835,0
ViT-B/16,1,v_2690_s_154-252__f_229.jpg,v_2690,v_2690_s_154-252,0,0.012045,0
ViT-B/16,1,v_2690_s_154-252__f_208.jpg,v_2690,v_2690_s_154-252,0,0.014967,0
ViT-B/16,1,v_3570_s_1247-1816__f_1361.jpg,v_3570,v_3570_s_1247-1816,0,0.012316,0
ViT-B/16,1,v_3570_s_1247-1816__f_1272.jpg,v_3570,v_3570_s_1247-1816,0,0.010874,0
ViT-B/16,1,v_3570_s_1247-1816__f_1528.jpg,v_3570,v_3570_s_1247-1816,0,0.010191,0
ViT-B/16,1,v_3570_s_1247-1816__f_1497.jpg,v_3570,v_3570_s_1247-1816,0,0.009288,0
ViT-B/16,1,v_3570_s_1247-1816__f_1475.jpg,v_3570,v_3570_s_1247-1816,0,0.007872,0
ViT-B/16,1,v_3570_s_1247-1816__f_1389.jpg,v_3570,v_3570_s_1247-1816,0,0.011709,0
ViT-B/16,1,v_3570_s_1247-1816__f_1351.jpg,v_3570,v_3570_s_1247-1816,0,0.011798,0
ViT-B/16,1,v_3570_s_1247-1816__f_1805.jpg,v_3570,v_3570_s_1247-1816,0,0.018820,0
ViT-B/16,1,v_3570_s_1247-1816__f_1336.jpg,v_3570,v_3570_s_1247-1816,0,0.008692,0
ViT-B/16,1,v_3570_s_1247-1816__f_1679.jpg,v_3570,v_3570_s_1247-1816,0,0.009717,0
ViT-B/16,1,v_3570_s_1247-1816__f_1279.jpg,v_3570,v_3570_s_1247-1816,0,0.016895,0
ViT-B/16,1,v_3570_s_1247-1816__f_1277.jpg,v_3570,v_3570_s_1247-1816,0,0.010361,0
ViT-B/16,1,v_3570_s_1247-1816__f_1342.jpg,v_3570,v_3570_s_1247-1816,0,0.005007,0
ViT-B/16,1,v_3570_s_1247-1816__f_1470.jpg,v_3570,v_3570_s_1247-1816,0,0.009130,0
ViT-B/16,1,v_3750_s_80-1904__f_505.jpg,v_3750,v_3750_s_80-1904,0,0.006943,0
ViT-B/16,1,v_3750_s_80-1904__f_1207.jpg,v_3750,v_3750_s_80-1904,0,0.005867,0
ViT-B/16,1,v_3750_s_80-1904__f_1046.jpg,v_3750,v_3750_s_80-1904,0,0.021733,0
ViT-B/16,1,v_3750_s_80-1904__f_714.jpg,v_3750,v_3750_s_80-1904,0,0.006514,0
ViT-B/16,1,v_3750_s_80-1904__f_1511.jpg,v_3750,v_3750_s_80-1904,0,0.670848,1
ViT-B/16,1,v_3750_s_80-1904__f_1455.jpg,v_3750,v_3750_s_80-1904,0,0.201188,0
ViT-B/16,1,v_3750_s_80-1904__f_1415.jpg,v_3750,v_3750_s_80-1904,0,0.055762,0
ViT-B/16,1,v_3750_s_80-1904__f_1259.jpg,v_3750,v_3750_s_80-1904,0,0.007641,0
ViT-B/16,1,v_3750_s_80-1904__f_704.jpg,v_3750,v_3750_s_80-1904,0,0.023764,0
ViT-B/16,1,v_3750_s_80-1904__f_119.jpg,v_3750,v_3750_s_80-1904,0,0.511506,1
ViT-B/16,1,v_3750_s_80-1904__f_581.jpg,v_3750,v_3750_s_80-1904,0,0.080005,0
ViT-B/16,1,v_3750_s_80-1904__f_712.jpg,v_3750,v_3750_s_80-1904,0,0.006502,0
ViT-B/16,1,v_3750_s_80-1904__f_312.jpg,v_3750,v_3750_s_80-1904,0,0.006053,0
ViT-B/16,1,v_3750_s_80-1904__f_1161.jpg,v_3750,v_3750_s_80-1904,0,0.006136,0
ViT-B/16,2,c_123_v_(video_3706.mp4)_f_659.jpg,c_123,c_123,1,0.999238,1
ViT-B/16,2,c_125_v_(video_3726.mp4)_f_247.jpg,c_125,c_125,1,0.999192,1
ViT-B/16,2,c_127_v_(video_3756.mp4)_f_40.jpg,c_127,c_127,1,0.999166,1
ViT-B/16,2,c_145_v_(video_4391.mp4)_f_27.jpg,c_145,c_145,1,0.999432,1
ViT-B/16,2,c_15_v_(video_449.mp4)_f_2374.jpg,c_15,c_15,1,0.001511,0
ViT-B/16,2,c_15_v_(video_449.mp4)_f_2831.jpg,c_15,c_15,1,0.999680,1
ViT-B/16,2,c_15_v_(video_450.mp4)_f_623.jpg,c_15,c_15,1,0.978903,1
ViT-B/16,2,c_15_v_(video_451.mp4)_f_251.jpg,c_15,c_15,1,0.999475,1
ViT-B/16,2,c_15_v_(video_454.mp4)_f_144.jpg,c_15,c_15,1,0.999754,1
ViT-B/16,2,c_168_v_(video_5163.mp4)_f_264.jpg,c_168,c_168,1,0.999252,1
ViT-B/16,2,c_16_v_(video_467.mp4)_f_184.jpg,c_16,c_16,1,0.997950,1
ViT-B/16,2,c_16_v_(video_471.mp4)_f_220.jpg,c_16,c_16,1,0.999727,1
ViT-B/16,2,c_170_v_(video_5222.mp4)_f_64.jpg,c_170,c_170,1,0.972299,1
ViT-B/16,2,c_17_v_(video_481.mp4)_f_1292.jpg,c_17,c_17,1,0.999422,1
ViT-B/16,2,c_37_v_(video_1215.mp4)_f_0.jpg,c_37,c_37,1,0.999828,1
ViT-B/16,2,c_37_v_(video_1229.mp4)_f_36.jpg,c_37,c_37,1,0.999592,1
ViT-B/16,2,c_38_v_(video_1253.mp4)_f_1117.jpg,c_38,c_38,1,0.179767,0
ViT-B/16,2,c_43_v_(video_1363.mp4)_f_1062.jpg,c_43,c_43,1,0.999787,1
ViT-B/16,2,c_43_v_(video_1363.mp4)_f_2080.jpg,c_43,c_43,1,0.999749,1
ViT-B/16,2,c_43_v_(video_1363.mp4)_f_778.jpg,c_43,c_43,1,0.999641,1
ViT-B/16,2,c_43_v_(video_1364.mp4)_f_495.jpg,c_43,c_43,1,0.999477,1
ViT-B/16,2,c_43_v_(video_1366.mp4)_f_0.jpg,c_43,c_43,1,0.999785,1
ViT-B/16,2,c_51_v_(video_1638.mp4)_f_1710.jpg,c_51,c_51,1,0.749638,1
ViT-B/16,2,c_51_v_(video_1640.mp4)_f_1162.jpg,c_51,c_51,1,0.999408,1
ViT-B/16,2,c_51_v_(video_1640.mp4)_f_25.jpg,c_51,c_51,1,0.957716,1
ViT-B/16,2,c_51_v_(video_1640.mp4)_f_535.jpg,c_51,c_51,1,0.955037,1
ViT-B/16,2,c_51_v_(video_1640.mp4)_f_643.jpg,c_51,c_51,1,0.998902,1
ViT-B/16,2,c_55_v_(video_1729.mp4)_f_1915.jpg,c_55,c_55,1,0.990351,1
ViT-B/16,2,c_60_v_(video_1945.mp4)_f_1392.jpg,c_60,c_60,1,0.999681,1
ViT-B/16,2,c_60_v_(video_1945.mp4)_f_366.jpg,c_60,c_60,1,0.030989,0
ViT-B/16,2,c_60_v_(video_1945.mp4)_f_52.jpg,c_60,c_60,1,0.993609,1
ViT-B/16,2,c_60_v_(video_1946.mp4)_f_1754.jpg,c_60,c_60,1,0.999442,1
ViT-B/16,2,c_60_v_(video_1946.mp4)_f_792.jpg,c_60,c_60,1,0.995654,1
ViT-B/16,2,c_60_v_(video_1946.mp4)_f_963.jpg,c_60,c_60,1,0.999296,1
ViT-B/16,2,c_65_v_(video_2087.mp4)_f_1648.jpg,c_65,c_65,1,0.998147,1
ViT-B/16,2,c_65_v_(video_2087.mp4)_f_1816.jpg,c_65,c_65,1,0.999388,1
ViT-B/16,2,c_65_v_(video_2087.mp4)_f_2155.jpg,c_65,c_65,1,0.808205,1
ViT-B/16,2,c_65_v_(video_2087.mp4)_f_2161.jpg,c_65,c_65,1,0.997388,1
ViT-B/16,2,c_65_v_(video_2087.mp4)_f_274.jpg,c_65,c_65,1,0.999339,1
ViT-B/16,2,c_65_v_(video_2087.mp4)_f_278.jpg,c_65,c_65,1,0.998847,1
ViT-B/16,2,c_65_v_(video_2087.mp4)_f_66.jpg,c_65,c_65,1,0.999073,1
ViT-B/16,2,c_65_v_(video_2087.mp4)_f_714.jpg,c_65,c_65,1,0.999414,1
ViT-B/16,2,c_65_v_(video_2087.mp4)_f_918.jpg,c_65,c_65,1,0.999732,1
ViT-B/16,2,c_70_v_(video_2176.mp4)_f_221.jpg,c_70,c_70,1,0.993581,1
ViT-B/16,2,c_70_v_(video_2176.mp4)_f_308.jpg,c_70,c_70,1,0.936673,1
ViT-B/16,2,c_70_v_(video_2176.mp4)_f_502.jpg,c_70,c_70,1,0.065294,0
ViT-B/16,2,c_70_v_(video_2178.mp4)_f_769.jpg,c_70,c_70,1,0.878201,1
ViT-B/16,2,c_85_v_(video_2607.mp4)_f_284.jpg,c_85,c_85,1,0.999630,1
ViT-B/16,2,c_85_v_(video_2607.mp4)_f_733.jpg,c_85,c_85,1,0.997859,1
ViT-B/16,2,c_88_v_(video_2665.mp4)_f_2058.jpg,c_88,c_88,1,0.318031,0
ViT-B/16,2,c_88_v_(video_2665.mp4)_f_485.jpg,c_88,c_88,1,0.997290,1
ViT-B/16,2,v_2507_s_0-853__f_688.jpg,v_2507,v_2507_s_0-853,0,0.103624,0
ViT-B/16,2,v_2507_s_0-853__f_200.jpg,v_2507,v_2507_s_0-853,0,0.381913,0
ViT-B/16,2,v_2507_s_0-853__f_120.jpg,v_2507,v_2507_s_0-853,0,0.127358,0
ViT-B/16,2,v_2507_s_0-853__f_782.jpg,v_2507,v_2507_s_0-853,0,0.984430,1
ViT-B/16,2,v_2507_s_0-853__f_351.jpg,v_2507,v_2507_s_0-853,0,0.638408,1
ViT-B/16,2,v_2507_s_0-853__f_323.jpg,v_2507,v_2507_s_0-853,0,0.108247,0
ViT-B/16,2,v_2507_s_0-853__f_303.jpg,v_2507,v_2507_s_0-853,0,0.020641,0
ViT-B/16,2,v_2507_s_0-853__f_226.jpg,v_2507,v_2507_s_0-853,0,0.032803,0
ViT-B/16,2,v_2507_s_0-853__f_778.jpg,v_2507,v_2507_s_0-853,0,0.887150,1
ViT-B/16,2,v_2507_s_0-853__f_192.jpg,v_2507,v_2507_s_0-853,0,0.094397,0
ViT-B/16,2,v_2507_s_0-853__f_721.jpg,v_2507,v_2507_s_0-853,0,0.642366,1
ViT-B/16,2,v_2507_s_0-853__f_781.jpg,v_2507,v_2507_s_0-853,0,0.915275,1
ViT-B/16,2,v_2507_s_0-853__f_600.jpg,v_2507,v_2507_s_0-853,0,0.965746,1
ViT-B/16,2,v_2507_s_0-853__f_179.jpg,v_2507,v_2507_s_0-853,0,0.647184,1
ViT-B/16,2,v_2507_s_2320-3371__f_2548.jpg,v_2507,v_2507_s_2320-3371,0,0.002519,0
ViT-B/16,2,v_2507_s_2320-3371__f_2371.jpg,v_2507,v_2507_s_2320-3371,0,0.007681,0
ViT-B/16,2,v_2507_s_2320-3371__f_2883.jpg,v_2507,v_2507_s_2320-3371,0,0.994772,1
ViT-B/16,2,v_2507_s_2320-3371__f_2821.jpg,v_2507,v_2507_s_2320-3371,0,0.039530,0
ViT-B/16,2,v_2507_s_2320-3371__f_2777.jpg,v_2507,v_2507_s_2320-3371,0,0.840193,1
ViT-B/16,2,v_2507_s_2320-3371__f_2605.jpg,v_2507,v_2507_s_2320-3371,0,0.547231,1
ViT-B/16,2,v_2507_s_2320-3371__f_2529.jpg,v_2507,v_2507_s_2320-3371,0,0.002560,0
ViT-B/16,2,v_2507_s_2320-3371__f_2498.jpg,v_2507,v_2507_s_2320-3371,0,0.004873,0
ViT-B/16,2,v_2507_s_2320-3371__f_3184.jpg,v_2507,v_2507_s_2320-3371,0,0.974389,1
ViT-B/16,2,v_2507_s_2320-3371__f_2385.jpg,v_2507,v_2507_s_2320-3371,0,0.003312,0
ViT-B/16,2,v_2507_s_2320-3371__f_2381.jpg,v_2507,v_2507_s_2320-3371,0,0.006341,0
ViT-B/16,2,v_2507_s_2320-3371__f_2511.jpg,v_2507,v_2507_s_2320-3371,0,0.006034,0
ViT-B/16,2,v_2507_s_2320-3371__f_2767.jpg,v_2507,v_2507_s_2320-3371,0,0.634494,1
ViT-B/16,2,v_2507_s_2320-3371__f_2796.jpg,v_2507,v_2507_s_2320-3371,0,0.057343,0
ViT-B/16,2,v_4044_s_0-253__f_245.jpg,v_4044,v_4044_s_0-253,0,0.805950,1
ViT-B/16,2,v_4044_s_0-253__f_123.jpg,v_4044,v_4044_s_0-253,0,0.999412,1
ViT-B/16,2,v_4044_s_0-253__f_103.jpg,v_4044,v_4044_s_0-253,0,0.999385,1
ViT-B/16,2,v_4044_s_0-253__f_41.jpg,v_4044,v_4044_s_0-253,0,0.996104,1
ViT-B/16,2,v_4044_s_0-253__f_161.jpg,v_4044,v_4044_s_0-253,0,0.997488,1
ViT-B/16,2,v_4044_s_0-253__f_154.jpg,v_4044,v_4044_s_0-253,0,0.996230,1
ViT-B/16,2,v_4044_s_0-253__f_15.jpg,v_4044,v_4044_s_0-253,0,0.092014,0
ViT-B/16,2,v_4044_s_0-253__f_13.jpg,v_4044,v_4044_s_0-253,0,0.035014,0
ViT-B/16,2,v_4044_s_0-253__f_40.jpg,v_4044,v_4044_s_0-253,0,0.994026,1
ViT-B/16,2,v_4044_s_0-253__f_121.jpg,v_4044,v_4044_s_0-253,0,0.999487,1
ViT-B/16,2,v_4044_s_0-253__f_27.jpg,v_4044,v_4044_s_0-253,0,0.997850,1
ViT-B/16,2,v_4044_s_0-253__f_96.jpg,v_4044,v_4044_s_0-253,0,0.999495,1
ViT-B/16,2,v_4044_s_0-253__f_77.jpg,v_4044,v_4044_s_0-253,0,0.998122,1
ViT-B/16,2,v_4044_s_0-253__f_223.jpg,v_4044,v_4044_s_0-253,0,0.996622,1
ViT-B/16,2,v_4581_s_0-342__f_86.jpg,v_4581,v_4581_s_0-342,0,0.971250,1
ViT-B/16,2,v_4581_s_0-342__f_15.jpg,v_4581,v_4581_s_0-342,0,0.820505,1
ViT-B/16,2,v_4581_s_0-342__f_109.jpg,v_4581,v_4581_s_0-342,0,0.855642,1
ViT-B/16,2,v_4581_s_0-342__f_224.jpg,v_4581,v_4581_s_0-342,0,0.251879,0
ViT-B/16,2,v_4581_s_0-342__f_210.jpg,v_4581,v_4581_s_0-342,0,0.650089,1
ViT-B/16,2,v_4581_s_0-342__f_200.jpg,v_4581,v_4581_s_0-342,0,0.661414,1
ViT-B/16,2,v_4581_s_0-342__f_162.jpg,v_4581,v_4581_s_0-342,0,0.987565,1
ViT-B/16,2,v_4581_s_0-342__f_145.jpg,v_4581,v_4581_s_0-342,0,0.985718,1
ViT-B/16,2,v_4581_s_0-342__f_42.jpg,v_4581,v_4581_s_0-342,0,0.947084,1
ViT-B/16,2,v_4581_s_0-342__f_138.jpg,v_4581,v_4581_s_0-342,0,0.979181,1
ViT-B/16,2,v_4581_s_0-342__f_63.jpg,v_4581,v_4581_s_0-342,0,0.907457,1
ViT-B/16,2,v_4581_s_0-342__f_293.jpg,v_4581,v_4581_s_0-342,0,0.848365,1
ViT-B/16,2,v_4581_s_0-342__f_112.jpg,v_4581,v_4581_s_0-342,0,0.970223,1
ViT-B/16,2,v_4581_s_0-342__f_111.jpg,v_4581,v_4581_s_0-342,0,0.963295,1
ViT-B/16,2,v_4761_s_0-354__f_75.jpg,v_4761,v_4761_s_0-354,0,0.000334,0
ViT-B/16,2,v_4761_s_0-354__f_15.jpg,v_4761,v_4761_s_0-354,0,0.000391,0
ViT-B/16,2,v_4761_s_0-354__f_109.jpg,v_4761,v_4761_s_0-354,0,0.000265,0
ViT-B/16,2,v_4761_s_0-354__f_224.jpg,v_4761,v_4761_s_0-354,0,0.001531,0
ViT-B/16,2,v_4761_s_0-354__f_210.jpg,v_4761,v_4761_s_0-354,0,0.001081,0
ViT-B/16,2,v_4761_s_0-354__f_200.jpg,v_4761,v_4761_s_0-354,0,0.001353,0
ViT-B/16,2,v_4761_s_0-354__f_162.jpg,v_4761,v_4761_s_0-354,0,0.000458,0
ViT-B/16,2,v_4761_s_0-354__f_145.jpg,v_4761,v_4761_s_0-354,0,0.000481,0
ViT-B/16,2,v_4761_s_0-354__f_35.jpg,v_4761,v_4761_s_0-354,0,0.000375,0
ViT-B/16,2,v_4761_s_0-354__f_138.jpg,v_4761,v_4761_s_0-354,0,0.000362,0
ViT-B/16,2,v_4761_s_0-354__f_52.jpg,v_4761,v_4761_s_0-354,0,0.000517,0
ViT-B/16,2,v_4761_s_0-354__f_293.jpg,v_4761,v_4761_s_0-354,0,0.000453,0
ViT-B/16,2,v_4761_s_0-354__f_112.jpg,v_4761,v_4761_s_0-354,0,0.000259,0
ViT-B/16,2,v_4761_s_0-354__f_111.jpg,v_4761,v_4761_s_0-354,0,0.000264,0
ViT-B/16,2,v_4763_s_30-2507__f_1414.jpg,v_4763,v_4763_s_30-2507,0,0.001127,0
ViT-B/16,2,v_4763_s_30-2507__f_1092.jpg,v_4763,v_4763_s_30-2507,0,0.001742,0
ViT-B/16,2,v_4763_s_30-2507__f_2023.jpg,v_4763,v_4763_s_30-2507,0,0.363757,0
ViT-B/16,2,v_4763_s_30-2507__f_1911.jpg,v_4763,v_4763_s_30-2507,0,0.019318,0
ViT-B/16,2,v_4763_s_30-2507__f_1830.jpg,v_4763,v_4763_s_30-2507,0,0.075695,0
ViT-B/16,2,v_4763_s_30-2507__f_1519.jpg,v_4763,v_4763_s_30-2507,0,0.008841,0
ViT-B/16,2,v_4763_s_30-2507__f_1380.jpg,v_4763,v_4763_s_30-2507,0,0.041101,0
ViT-B/16,2,v_4763_s_30-2507__f_778.jpg,v_4763,v_4763_s_30-2507,0,0.002583,0
ViT-B/16,2,v_4763_s_30-2507__f_1323.jpg,v_4763,v_4763_s_30-2507,0,0.466235,0
ViT-B/16,2,v_4763_s_30-2507__f_946.jpg,v_4763,v_4763_s_30-2507,0,0.012699,0
ViT-B/16,2,v_4763_s_30-2507__f_319.jpg,v_4763,v_4763_s_30-2507,0,0.001981,0
ViT-B/16,2,v_4763_s_30-2507__f_1118.jpg,v_4763,v_4763_s_30-2507,0,0.000880,0
ViT-B/16,2,v_4763_s_30-2507__f_1110.jpg,v_4763,v_4763_s_30-2507,0,0.000918,0
ViT-B/16,2,v_4763_s_30-2507__f_1348.jpg,v_4763,v_4763_s_30-2507,0,0.446923,0
ViT-B/16,3,c_105_v_(video_3214.mp4)_f_2954.jpg,c_105,c_105,1,0.995000,1
ViT-B/16,3,c_117_v_(video_3530.mp4)_f_811.jpg,c_117,c_117,1,0.999528,1
ViT-B/16,3,c_117_v_(video_3533.mp4)_f_195.jpg,c_117,c_117,1,0.998838,1
ViT-B/16,3,c_120_v_(video_3598.mp4)_f_713.jpg,c_120,c_120,1,0.993092,1
ViT-B/16,3,c_120_v_(video_3599.mp4)_f_39.jpg,c_120,c_120,1,0.993601,1
ViT-B/16,3,c_141_v_(video_4253.mp4)_f_205.jpg,c_141,c_141,1,0.999041,1
ViT-B/16,3,c_141_v_(video_4253.mp4)_f_386.jpg,c_141,c_141,1,0.999043,1
ViT-B/16,3,c_141_v_(video_4253.mp4)_f_55.jpg,c_141,c_141,1,0.999286,1
ViT-B/16,3,c_141_v_(video_4254.mp4)_f_324.jpg,c_141,c_141,1,0.999708,1
ViT-B/16,3,c_141_v_(video_4254.mp4)_f_5.jpg,c_141,c_141,1,0.999451,1
ViT-B/16,3,c_141_v_(video_4257.mp4)_f_115.jpg,c_141,c_141,1,0.999410,1
ViT-B/16,3,c_141_v_(video_4257.mp4)_f_212.jpg,c_141,c_141,1,0.999195,1
ViT-B/16,3,c_141_v_(video_4257.mp4)_f_272.jpg,c_141,c_141,1,0.999432,1
ViT-B/16,3,c_141_v_(video_4299.mp4)_f_29.jpg,c_141,c_141,1,0.999174,1
ViT-B/16,3,c_149_v_(video_4479.mp4)_f_1577.jpg,c_149,c_149,1,0.921144,1
ViT-B/16,3,c_149_v_(video_4479.mp4)_f_3137.jpg,c_149,c_149,1,0.996752,1
ViT-B/16,3,c_14_v_(video_400.mp4)_f_810.jpg,c_14,c_14,1,0.962633,1
ViT-B/16,3,c_14_v_(video_401.mp4)_f_253.jpg,c_14,c_14,1,0.998788,1
ViT-B/16,3,c_14_v_(video_401.mp4)_f_90.jpg,c_14,c_14,1,0.587910,1
ViT-B/16,3,c_14_v_(video_401.mp4)_f_910.jpg,c_14,c_14,1,0.989298,1
ViT-B/16,3,c_14_v_(video_422.mp4)_f_59.jpg,c_14,c_14,1,0.998967,1
ViT-B/16,3,c_14_v_(video_425.mp4)_f_118.jpg,c_14,c_14,1,0.998695,1
ViT-B/16,3,c_172_v_(video_5281.mp4)_f_1193.jpg,c_172,c_172,1,0.978512,1
ViT-B/16,3,c_172_v_(video_5281.mp4)_f_484.jpg,c_172,c_172,1,0.940662,1
ViT-B/16,3,c_19_v_(video_507.mp4)_f_2389.jpg,c_19,c_19,1,0.999640,1
ViT-B/16,3,c_22_v_(video_631.mp4)_f_25.jpg,c_22,c_22,1,0.089547,0
ViT-B/16,3,c_22_v_(video_631.mp4)_f_358.jpg,c_22,c_22,1,0.999106,1
ViT-B/16,3,c_22_v_(video_631.mp4)_f_706.jpg,c_22,c_22,1,0.996180,1
ViT-B/16,3,c_22_v_(video_632.mp4)_f_228.jpg,c_22,c_22,1,0.257547,0
ViT-B/16,3,c_22_v_(video_632.mp4)_f_2825.jpg,c_22,c_22,1,0.012830,0
ViT-B/16,3,c_22_v_(video_634.mp4)_f_22.jpg,c_22,c_22,1,0.999104,1
ViT-B/16,3,c_27_v_(video_829.mp4)_f_0.jpg,c_27,c_27,1,0.998108,1
ViT-B/16,3,c_32_v_(video_1044.mp4)_f_1545.jpg,c_32,c_32,1,0.731268,1
ViT-B/16,3,c_39_v_(video_1263.mp4)_f_1769.jpg,c_39,c_39,1,0.999686,1
ViT-B/16,3,c_39_v_(video_1263.mp4)_f_481.jpg,c_39,c_39,1,0.997115,1
ViT-B/16,3,c_40_v_(video_1275.mp4)_f_184.jpg,c_40,c_40,1,0.999279,1
ViT-B/16,3,c_40_v_(video_1277.mp4)_f_411.jpg,c_40,c_40,1,0.983176,1
ViT-B/16,3,c_40_v_(video_1281.mp4)_f_262.jpg,c_40,c_40,1,0.994791,1
ViT-B/16,3,c_40_v_(video_1286.mp4)_f_126.jpg,c_40,c_40,1,0.998395,1
ViT-B/16,3,c_40_v_(video_1286.mp4)_f_775.jpg,c_40,c_40,1,0.961958,1
ViT-B/16,3,c_40_v_(video_1288.mp4)_f_17.jpg,c_40,c_40,1,0.718050,1
ViT-B/16,3,c_41_v_(video_1297.mp4)_f_140.jpg,c_41,c_41,1,0.846936,1
ViT-B/16,3,c_41_v_(video_1297.mp4)_f_500.jpg,c_41,c_41,1,0.995145,1
ViT-B/16,3,c_41_v_(video_1297.mp4)_f_826.jpg,c_41,c_41,1,0.961869,1
ViT-B/16,3,c_44_v_(video_1373.mp4)_f_1199.jpg,c_44,c_44,1,0.988734,1
ViT-B/16,3,c_44_v_(video_1373.mp4)_f_201.jpg,c_44,c_44,1,0.995603,1
ViT-B/16,3,c_44_v_(video_1373.mp4)_f_211.jpg,c_44,c_44,1,0.996424,1
ViT-B/16,3,c_44_v_(video_1373.mp4)_f_215.jpg,c_44,c_44,1,0.997112,1
ViT-B/16,3,c_44_v_(video_1373.mp4)_f_903.jpg,c_44,c_44,1,0.998316,1
ViT-B/16,3,c_44_v_(video_1377.mp4)_f_212.jpg,c_44,c_44,1,0.999781,1
ViT-B/16,3,c_48_v_(video_1525.mp4)_f_685.jpg,c_48,c_48,1,0.999747,1
ViT-B/16,3,c_48_v_(video_1525.mp4)_f_759.jpg,c_48,c_48,1,0.999331,1
ViT-B/16,3,c_58_v_(video_1853.mp4)_f_1061.jpg,c_58,c_58,1,0.999407,1
ViT-B/16,3,c_58_v_(video_1853.mp4)_f_109.jpg,c_58,c_58,1,0.999020,1
ViT-B/16,3,c_58_v_(video_1853.mp4)_f_510.jpg,c_58,c_58,1,0.996376,1
ViT-B/16,3,c_58_v_(video_1853.mp4)_f_586.jpg,c_58,c_58,1,0.999021,1
ViT-B/16,3,c_58_v_(video_1875.mp4)_f_281.jpg,c_58,c_58,1,0.998881,1
ViT-B/16,3,c_62_v_(video_2045.mp4)_f_363.jpg,c_62,c_62,1,0.847589,1
ViT-B/16,3,c_62_v_(video_2045.mp4)_f_379.jpg,c_62,c_62,1,0.056528,0
ViT-B/16,3,c_62_v_(video_2045.mp4)_f_846.jpg,c_62,c_62,1,0.961617,1
ViT-B/16,3,c_62_v_(video_2046.mp4)_f_357.jpg,c_62,c_62,1,0.988739,1
ViT-B/16,3,c_62_v_(video_2056.mp4)_f_312.jpg,c_62,c_62,1,0.035078,0
ViT-B/16,3,c_62_v_(video_2056.mp4)_f_56.jpg,c_62,c_62,1,0.266492,0
ViT-B/16,3,c_62_v_(video_2057.mp4)_f_53.jpg,c_62,c_62,1,0.992940,1
ViT-B/16,3,c_69_v_(video_2170.mp4)_f_711.jpg,c_69,c_69,1,0.392110,0
ViT-B/16,3,c_69_v_(video_2171.mp4)_f_40.jpg,c_69,c_69,1,0.999332,1
ViT-B/16,3,c_72_v_(video_2199.mp4)_f_0.jpg,c_72,c_72,1,0.002702,0
ViT-B/16,3,c_77_v_(video_2376.mp4)_f_578.jpg,c_77,c_77,1,0.983967,1
ViT-B/16,3,c_77_v_(video_2376.mp4)_f_817.jpg,c_77,c_77,1,0.998329,1
ViT-B/16,3,c_77_v_(video_2376.mp4)_f_938.jpg,c_77,c_77,1,0.992711,1
ViT-B/16,3,c_77_v_(video_2383.mp4)_f_171.jpg,c_77,c_77,1,0.999839,1
ViT-B/16,3,c_77_v_(video_2383.mp4)_f_54.jpg,c_77,c_77,1,0.999677,1
ViT-B/16,3,c_87_v_(video_2641.mp4)_f_163.jpg,c_87,c_87,1,0.999732,1
ViT-B/16,3,c_87_v_(video_2662.mp4)_f_143.jpg,c_87,c_87,1,0.999133,1
ViT-B/16,3,c_97_v_(video_2912.mp4)_f_71.jpg,c_97,c_97,1,0.761132,1
ViT-B/16,3,c_97_v_(video_2915.mp4)_f_114.jpg,c_97,c_97,1,0.998679,1
ViT-B/16,3,c_97_v_(video_2915.mp4)_f_16.jpg,c_97,c_97,1,0.984915,1
ViT-B/16,3,v_2607_s_2534-2971__f_2861.jpg,v_2607,v_2607_s_2534-2971,0,0.008665,0
ViT-B/16,3,v_2607_s_2534-2971__f_2591.jpg,v_2607,v_2607_s_2534-2971,0,0.002613,0
ViT-B/16,3,v_2607_s_2534-2971__f_2546.jpg,v_2607,v_2607_s_2534-2971,0,0.001244,0
ViT-B/16,3,v_2607_s_2534-2971__f_2913.jpg,v_2607,v_2607_s_2534-2971,0,0.004474,0
ViT-B/16,3,v_2607_s_2534-2971__f_2674.jpg,v_2607,v_2607_s_2534-2971,0,0.001899,0
ViT-B/16,3,v_2607_s_2534-2971__f_2659.jpg,v_2607,v_2607_s_2534-2971,0,0.002337,0
ViT-B/16,3,v_2607_s_2534-2971__f_2648.jpg,v_2607,v_2607_s_2534-2971,0,0.001909,0
ViT-B/16,3,v_2607_s_2534-2971__f_2605.jpg,v_2607,v_2607_s_2534-2971,0,0.003609,0
ViT-B/16,3,v_2607_s_2534-2971__f_2911.jpg,v_2607,v_2607_s_2534-2971,0,0.004682,0
ViT-B/16,3,v_2607_s_2534-2971__f_2586.jpg,v_2607,v_2607_s_2534-2971,0,0.002350,0
ViT-B/16,3,v_2607_s_2534-2971__f_2880.jpg,v_2607,v_2607_s_2534-2971,0,0.010642,0
ViT-B/16,3,v_2607_s_2534-2971__f_2967.jpg,v_2607,v_2607_s_2534-2971,0,0.002394,0
ViT-B/16,3,v_2607_s_2534-2971__f_2813.jpg,v_2607,v_2607_s_2534-2971,0,0.005101,0
ViT-B/16,3,v_2607_s_2534-2971__f_2578.jpg,v_2607,v_2607_s_2534-2971,0,0.008768,0
ViT-B/16,3,v_4770_s_2421-2463__f_2461.jpg,v_4770,v_4770_s_2421-2463,0,0.005621,0
ViT-B/16,3,v_4770_s_2421-2463__f_2428.jpg,v_4770,v_4770_s_2421-2463,0,0.005154,0
ViT-B/16,3,v_4770_s_2421-2463__f_2422.jpg,v_4770,v_4770_s_2421-2463,0,0.040680,0
ViT-B/16,3,v_4770_s_2421-2463__f_2438.jpg,v_4770,v_4770_s_2421-2463,0,0.003946,0
ViT-B/16,3,v_4770_s_2421-2463__f_2436.jpg,v_4770,v_4770_s_2421-2463,0,0.003135,0
ViT-B/16,3,v_4770_s_2421-2463__f_2435.jpg,v_4770,v_4770_s_2421-2463,0,0.002586,0
ViT-B/16,3,v_4770_s_2421-2463__f_2429.jpg,v_4770,v_4770_s_2421-2463,0,0.014204,0
ViT-B/16,3,v_4770_s_2421-2463__f_2427.jpg,v_4770,v_4770_s_2421-2463,0,0.005575,0
ViT-B/16,3,v_4770_s_2421-2463__f_2426.jpg,v_4770,v_4770_s_2421-2463,0,0.007018,0
ViT-B/16,3,v_4770_s_2421-2463__f_2448.jpg,v_4770,v_4770_s_2421-2463,0,0.005312,0
ViT-B/16,3,v_4770_s_2421-2463__f_2423.jpg,v_4770,v_4770_s_2421-2463,0,0.051105,0
ViT-B/16,3,v_4770_s_2421-2463__f_2421.jpg,v_4770,v_4770_s_2421-2463,0,0.043726,0
ViT-B/16,3,v_4770_s_2421-2463__f_2452.jpg,v_4770,v_4770_s_2421-2463,0,0.002640,0
ViT-B/16,3,v_4770_s_2421-2463__f_2455.jpg,v_4770,v_4770_s_2421-2463,0,0.004985,0
ViT-B/16,3,v_4770_s_2649-3117__f_2976.jpg,v_4770,v_4770_s_2649-3117,0,0.005231,0
ViT-B/16,3,v_4770_s_2649-3117__f_2706.jpg,v_4770,v_4770_s_2649-3117,0,0.040528,0
ViT-B/16,3,v_4770_s_2649-3117__f_2661.jpg,v_4770,v_4770_s_2649-3117,0,0.104000,0
ViT-B/16,3,v_4770_s_2649-3117__f_3028.jpg,v_4770,v_4770_s_2649-3117,0,0.222455,0
ViT-B/16,3,v_4770_s_2649-3117__f_2789.jpg,v_4770,v_4770_s_2649-3117,0,0.105181,0
ViT-B/16,3,v_4770_s_2649-3117__f_2774.jpg,v_4770,v_4770_s_2649-3117,0,0.011678,0
ViT-B/16,3,v_4770_s_2649-3117__f_2763.jpg,v_4770,v_4770_s_2649-3117,0,0.006898,0
ViT-B/16,3,v_4770_s_2649-3117__f_2720.jpg,v_4770,v_4770_s_2649-3117,0,0.965607,1
ViT-B/16,3,v_4770_s_2649-3117__f_3026.jpg,v_4770,v_4770_s_2649-3117,0,0.047683,0
ViT-B/16,3,v_4770_s_2649-3117__f_2701.jpg,v_4770,v_4770_s_2649-3117,0,0.005146,0
ViT-B/16,3,v_4770_s_2649-3117__f_2995.jpg,v_4770,v_4770_s_2649-3117,0,0.021559,0
ViT-B/16,3,v_4770_s_2649-3117__f_3113.jpg,v_4770,v_4770_s_2649-3117,0,0.021295,0
ViT-B/16,3,v_4770_s_2649-3117__f_2928.jpg,v_4770,v_4770_s_2649-3117,0,0.011891,0
ViT-B/16,3,v_4770_s_30-361__f_96.jpg,v_4770,v_4770_s_30-361,0,0.000299,0
ViT-B/16,3,v_4770_s_30-361__f_157.jpg,v_4770,v_4770_s_30-361,0,0.000517,0
ViT-B/16,3,v_4770_s_30-361__f_112.jpg,v_4770,v_4770_s_30-361,0,0.000271,0
ViT-B/16,3,v_4770_s_30-361__f_240.jpg,v_4770,v_4770_s_30-361,0,0.000453,0
ViT-B/16,3,v_4770_s_30-361__f_225.jpg,v_4770,v_4770_s_30-361,0,0.000632,0
ViT-B/16,3,v_4770_s_30-361__f_214.jpg,v_4770,v_4770_s_30-361,0,0.000703,0
ViT-B/16,3,v_4770_s_30-361__f_171.jpg,v_4770,v_4770_s_30-361,0,0.000671,0
ViT-B/16,3,v_4770_s_30-361__f_152.jpg,v_4770,v_4770_s_30-361,0,0.000474,0
ViT-B/16,3,v_4770_s_30-361__f_48.jpg,v_4770,v_4770_s_30-361,0,0.000351,0
ViT-B/16,3,v_4770_s_30-361__f_144.jpg,v_4770,v_4770_s_30-361,0,0.000459,0
ViT-B/16,3,v_4770_s_30-361__f_71.jpg,v_4770,v_4770_s_30-361,0,0.000291,0
ViT-B/16,3,v_4770_s_30-361__f_314.jpg,v_4770,v_4770_s_30-361,0,0.000376,0
ViT-B/16,3,v_4770_s_30-361__f_116.jpg,v_4770,v_4770_s_30-361,0,0.000299,0
ViT-B/16,4,c_108_v_(video_3312.mp4)_f_619.jpg,c_108,c_108,1,0.527049,1
ViT-B/16,4,c_13_v_(video_391.mp4)_f_226.jpg,c_13,c_13,1,0.470524,0
ViT-B/16,4,c_146_v_(video_4410.mp4)_f_2066.jpg,c_146,c_146,1,0.332727,0
ViT-B/16,4,c_146_v_(video_4410.mp4)_f_740.jpg,c_146,c_146,1,0.833033,1
ViT-B/16,4,c_146_v_(video_4412.mp4)_f_43.jpg,c_146,c_146,1,0.921948,1
ViT-B/16,4,c_157_v_(video_4727.mp4)_f_0.jpg,c_157,c_157,1,0.573417,1
ViT-B/16,4,c_162_v_(video_4957.mp4)_f_230.jpg,c_162,c_162,1,0.876016,1
ViT-B/16,4,c_174_v_(video_5312.mp4)_f_1125.jpg,c_174,c_174,1,0.121165,0
ViT-B/16,4,c_174_v_(video_5312.mp4)_f_1319.jpg,c_174,c_174,1,0.371569,0
ViT-B/16,4,c_188_v_(video_5701.mp4)_f_226.jpg,c_188,c_188,1,0.880153,1
ViT-B/16,4,c_1_v_(video_17.mp4)_f_1232.jpg,c_1,c_1,1,0.775482,1
ViT-B/16,4,c_1_v_(video_17.mp4)_f_530.jpg,c_1,c_1,1,0.895632,1
ViT-B/16,4,c_1_v_(video_17.mp4)_f_925.jpg,c_1,c_1,1,0.790718,1
ViT-B/16,4,c_1_v_(video_7.mp4)_f_1299.jpg,c_1,c_1,1,0.535847,1
ViT-B/16,4,c_1_v_(video_7.mp4)_f_36.jpg,c_1,c_1,1,0.644509,1
ViT-B/16,4,c_25_v_(video_774.mp4)_f_1246.jpg,c_25,c_25,1,0.867038,1
ViT-B/16,4,c_25_v_(video_774.mp4)_f_608.jpg,c_25,c_25,1,0.937528,1
ViT-B/16,4,c_25_v_(video_774.mp4)_f_772.jpg,c_25,c_25,1,0.952353,1
ViT-B/16,4,c_25_v_(video_776.mp4)_f_1436.jpg,c_25,c_25,1,0.863554,1
ViT-B/16,4,c_25_v_(video_776.mp4)_f_750.jpg,c_25,c_25,1,0.458249,0
ViT-B/16,4,c_25_v_(video_777.mp4)_f_33.jpg,c_25,c_25,1,0.866336,1
ViT-B/16,4,c_3_v_(video_24.mp4)_f_72.jpg,c_3,c_3,1,0.345927,0
ViT-B/16,4,c_3_v_(video_25.mp4)_f_238.jpg,c_3,c_3,1,0.553074,1
ViT-B/16,4,c_3_v_(video_25.mp4)_f_249.jpg,c_3,c_3,1,0.645924,1
ViT-B/16,4,c_3_v_(video_25.mp4)_f_348.jpg,c_3,c_3,1,0.380001,0
ViT-B/16,4,c_3_v_(video_27.mp4)_f_163.jpg,c_3,c_3,1,0.056359,0
ViT-B/16,4,c_3_v_(video_27.mp4)_f_338.jpg,c_3,c_3,1,0.429293,0
ViT-B/16,4,c_3_v_(video_27.mp4)_f_501.jpg,c_3,c_3,1,0.529479,1
ViT-B/16,4,c_3_v_(video_29.mp4)_f_287.jpg,c_3,c_3,1,0.923618,1
ViT-B/16,4,c_3_v_(video_29.mp4)_f_443.jpg,c_3,c_3,1,0.913374,1
ViT-B/16,4,c_3_v_(video_29.mp4)_f_480.jpg,c_3,c_3,1,0.937017,1
ViT-B/16,4,c_3_v_(video_29.mp4)_f_510.jpg,c_3,c_3,1,0.778785,1
ViT-B/16,4,c_3_v_(video_29.mp4)_f_627.jpg,c_3,c_3,1,0.906010,1
ViT-B/16,4,c_46_v_(video_1405.mp4)_f_299.jpg,c_46,c_46,1,0.091052,0
ViT-B/16,4,c_46_v_(video_1405.mp4)_f_36.jpg,c_46,c_46,1,0.126922,0
ViT-B/16,4,c_46_v_(video_1405.mp4)_f_568.jpg,c_46,c_46,1,0.405272,0
ViT-B/16,4,c_46_v_(video_1406.mp4)_f_108.jpg,c_46,c_46,1,0.616506,1
ViT-B/16,4,c_46_v_(video_1406.mp4)_f_209.jpg,c_46,c_46,1,0.670634,1
ViT-B/16,4,c_46_v_(video_1406.mp4)_f_426.jpg,c_46,c_46,1,0.415139,0
ViT-B/16,4,c_46_v_(video_1406.mp4)_f_81.jpg,c_46,c_46,1,0.360021,0
ViT-B/16,4,c_4_v_(video_47.mp4)_f_3852.jpg,c_4,c_4,1,0.806564,1
ViT-B/16,4,c_4_v_(video_48.mp4)_f_402.jpg,c_4,c_4,1,0.914373,1
ViT-B/16,4,c_57_v_(video_1790.mp4)_f_557.jpg,c_57,c_57,1,0.951114,1
ViT-B/16,4,c_5_v_(video_62.mp4)_f_681.jpg,c_5,c_5,1,0.977611,1
ViT-B/16,4,c_5_v_(video_64.mp4)_f_712.jpg,c_5,c_5,1,0.939415,1
ViT-B/16,4,c_5_v_(video_66.mp4)_f_1754.jpg,c_5,c_5,1,0.976769,1
ViT-B/16,4,c_5_v_(video_66.mp4)_f_3.jpg,c_5,c_5,1,0.711900,1
ViT-B/16,4,c_6_v_(video_112.mp4)_f_1122.jpg,c_6,c_6,1,0.842041,1
ViT-B/16,4,c_6_v_(video_112.mp4)_f_120.jpg,c_6,c_6,1,0.811918,1
ViT-B/16,4,c_6_v_(video_112.mp4)_f_174.jpg,c_6,c_6,1,0.832442,1
ViT-B/16,4,c_6_v_(video_112.mp4)_f_709.jpg,c_6,c_6,1,0.884389,1
ViT-B/16,4,c_6_v_(video_84.mp4)_f_459.jpg,c_6,c_6,1,0.958912,1
ViT-B/16,4,c_6_v_(video_84.mp4)_f_695.jpg,c_6,c_6,1,0.893725,1
ViT-B/16,4,c_6_v_(video_84.mp4)_f_93.jpg,c_6,c_6,1,0.908802,1
ViT-B/16,4,c_6_v_(video_89.mp4)_f_177.jpg,c_6,c_6,1,0.940760,1
ViT-B/16,4,c_6_v_(video_89.mp4)_f_340.jpg,c_6,c_6,1,0.944281,1
ViT-B/16,4,c_6_v_(video_89.mp4)_f_511.jpg,c_6,c_6,1,0.941248,1
ViT-B/16,4,c_6_v_(video_90.mp4)_f_212.jpg,c_6,c_6,1,0.917641,1
ViT-B/16,4,c_6_v_(video_90.mp4)_f_684.jpg,c_6,c_6,1,0.961793,1
ViT-B/16,4,c_6_v_(video_95.mp4)_f_173.jpg,c_6,c_6,1,0.963290,1
ViT-B/16,4,c_6_v_(video_95.mp4)_f_226.jpg,c_6,c_6,1,0.952924,1
ViT-B/16,4,c_6_v_(video_96.mp4)_f_84.jpg,c_6,c_6,1,0.962452,1
ViT-B/16,4,c_76_v_(video_2329.mp4)_f_1012.jpg,c_76,c_76,1,0.511289,1
ViT-B/16,4,c_76_v_(video_2329.mp4)_f_59.jpg,c_76,c_76,1,0.166007,0
ViT-B/16,4,c_76_v_(video_2330.mp4)_f_161.jpg,c_76,c_76,1,0.368791,0
ViT-B/16,4,c_76_v_(video_2364.mp4)_f_25.jpg,c_76,c_76,1,0.860241,1
ViT-B/16,4,c_92_v_(video_2749.mp4)_f_25.jpg,c_92,c_92,1,0.937910,1
ViT-B/16,4,c_92_v_(video_2787.mp4)_f_199.jpg,c_92,c_92,1,0.836096,1
ViT-B/16,4,c_92_v_(video_2787.mp4)_f_462.jpg,c_92,c_92,1,0.884208,1
ViT-B/16,4,c_99_v_(video_2998.mp4)_f_256.jpg,c_99,c_99,1,0.686722,1
ViT-B/16,4,c_99_v_(video_2998.mp4)_f_73.jpg,c_99,c_99,1,0.670696,1
ViT-B/16,4,c_99_v_(video_3000.mp4)_f_51.jpg,c_99,c_99,1,0.109877,0
ViT-B/16,4,c_99_v_(video_3006.mp4)_f_102.jpg,c_99,c_99,1,0.942579,1
ViT-B/16,4,c_99_v_(video_3041.mp4)_f_0.jpg,c_99,c_99,1,0.757694,1
ViT-B/16,4,c_9_v_(video_168.mp4)_f_1146.jpg,c_9,c_9,1,0.225274,0
ViT-B/16,4,c_9_v_(video_168.mp4)_f_2210.jpg,c_9,c_9,1,0.787502,1
ViT-B/16,4,c_9_v_(video_168.mp4)_f_515.jpg,c_9,c_9,1,0.509443,1
ViT-B/16,4,c_9_v_(video_168.mp4)_f_517.jpg,c_9,c_9,1,0.704045,1
ViT-B/16,4,c_9_v_(video_168.mp4)_f_670.jpg,c_9,c_9,1,0.308833,0
ViT-B/16,4,c_9_v_(video_169.mp4)_f_79.jpg,c_9,c_9,1,0.150524,0
ViT-B/16,4,c_9_v_(video_170.mp4)_f_111.jpg,c_9,c_9,1,0.945204,1
ViT-B/16,4,c_9_v_(video_172.mp4)_f_0.jpg,c_9,c_9,1,0.928596,1
ViT-B/16,4,v_2506_s_0-95__f_82.jpg,v_2506,v_2506_s_0-95,0,0.135168,0
ViT-B/16,4,v_2506_s_0-95__f_21.jpg,v_2506,v_2506_s_0-95,0,0.140392,0
ViT-B/16,4,v_2506_s_0-95__f_11.jpg,v_2506,v_2506_s_0-95,0,0.151863,0
ViT-B/16,4,v_2506_s_0-95__f_40.jpg,v_2506,v_2506_s_0-95,0,0.256384,0
ViT-B/16,4,v_2506_s_0-95__f_37.jpg,v_2506,v_2506_s_0-95,0,0.201007,0
ViT-B/16,4,v_2506_s_0-95__f_34.jpg,v_2506,v_2506_s_0-95,0,0.322277,0
ViT-B/16,4,v_2506_s_0-95__f_24.jpg,v_2506,v_2506_s_0-95,0,0.244750,0
ViT-B/16,4,v_2506_s_0-95__f_20.jpg,v_2506,v_2506_s_0-95,0,0.149009,0
ViT-B/16,4,v_2506_s_0-95__f_87.jpg,v_2506,v_2506_s_0-95,0,0.132949,0
ViT-B/16,4,v_2506_s_0-95__f_71.jpg,v_2506,v_2506_s_0-95,0,0.145651,0
ViT-B/16,4,v_2506_s_0-95__f_19.jpg,v_2506,v_2506_s_0-95,0,0.113074,0
ViT-B/16,4,v_2506_s_0-95__f_77.jpg,v_2506,v_2506_s_0-95,0,0.203368,0
ViT-B/16,4,v_2506_s_0-95__f_58.jpg,v_2506,v_2506_s_0-95,0,0.454806,0
ViT-B/16,4,v_2506_s_0-95__f_12.jpg,v_2506,v_2506_s_0-95,0,0.104886,0
ViT-B/16,4,v_2736_s_19-698__f_75.jpg,v_2736,v_2736_s_19-698,0,0.514364,1
ViT-B/16,4,v_2736_s_19-698__f_211.jpg,v_2736,v_2736_s_19-698,0,0.337418,0
ViT-B/16,4,v_2736_s_19-698__f_125.jpg,v_2736,v_2736_s_19-698,0,0.146467,0
ViT-B/16,4,v_2736_s_19-698__f_363.jpg,v_2736,v_2736_s_19-698,0,0.480228,0
ViT-B/16,4,v_2736_s_19-698__f_335.jpg,v_2736,v_2736_s_19-698,0,0.144776,0
ViT-B/16,4,v_2736_s_19-698__f_315.jpg,v_2736,v_2736_s_19-698,0,0.205241,0
ViT-B/16,4,v_2736_s_19-698__f_237.jpg,v_2736,v_2736_s_19-698,0,0.234446,0
ViT-B/16,4,v_2736_s_19-698__f_202.jpg,v_2736,v_2736_s_19-698,0,0.225799,0
ViT-B/16,4,v_2736_s_19-698__f_615.jpg,v_2736,v_2736_s_19-698,0,0.412036,0
ViT-B/16,4,v_2736_s_19-698__f_189.jpg,v_2736,v_2736_s_19-698,0,0.261418,0
ViT-B/16,4,v_2736_s_19-698__f_657.jpg,v_2736,v_2736_s_19-698,0,0.378833,0
ViT-B/16,4,v_2736_s_19-698__f_500.jpg,v_2736,v_2736_s_19-698,0,0.210747,0
ViT-B/16,4,v_2736_s_19-698__f_132.jpg,v_2736,v_2736_s_19-698,0,0.157060,0
ViT-B/16,4,v_2736_s_19-698__f_130.jpg,v_2736,v_2736_s_19-698,0,0.137108,0
ViT-B/16,4,v_3315_s_1-237__f_33.jpg,v_3315,v_3315_s_1-237,0,0.031095,0
ViT-B/16,4,v_3315_s_1-237__f_124.jpg,v_3315,v_3315_s_1-237,0,0.075423,0
ViT-B/16,4,v_3315_s_1-237__f_104.jpg,v_3315,v_3315_s_1-237,0,0.058023,0
ViT-B/16,4,v_3315_s_1-237__f_57.jpg,v_3315,v_3315_s_1-237,0,0.071555,0
ViT-B/16,4,v_3315_s_1-237__f_162.jpg,v_3315,v_3315_s_1-237,0,0.140761,0
ViT-B/16,4,v_3315_s_1-237__f_155.jpg,v_3315,v_3315_s_1-237,0,0.109504,0
ViT-B/16,4,v_3315_s_1-237__f_150.jpg,v_3315,v_3315_s_1-237,0,0.202901,0
ViT-B/16,4,v_3315_s_1-237__f_130.jpg,v_3315,v_3315_s_1-237,0,0.139772,0
ViT-B/16,4,v_3315_s_1-237__f_56.jpg,v_3315,v_3315_s_1-237,0,0.073487,0
ViT-B/16,4,v_3315_s_1-237__f_122.jpg,v_3315,v_3315_s_1-237,0,0.059272,0
ViT-B/16,4,v_3315_s_1-237__f_42.jpg,v_3315,v_3315_s_1-237,0,0.084233,0
ViT-B/16,4,v_3315_s_1-237__f_96.jpg,v_3315,v_3315_s_1-237,0,0.077916,0
ViT-B/16,4,v_3315_s_1-237__f_224.jpg,v_3315,v_3315_s_1-237,0,0.262549,0
ViT-B/16,4,v_3315_s_1-237__f_119.jpg,v_3315,v_3315_s_1-237,0,0.105435,0
ViT-B/16,4,v_3528_s_1030-2231__f_1258.jpg,v_3528,v_3528_s_1030-2231,0,0.494430,0
ViT-B/16,4,v_3528_s_1030-2231__f_1081.jpg,v_3528,v_3528_s_1030-2231,0,0.388326,0
ViT-B/16,4,v_3528_s_1030-2231__f_1593.jpg,v_3528,v_3528_s_1030-2231,0,0.180966,0
ViT-B/16,4,v_3528_s_1030-2231__f_1531.jpg,v_3528,v_3528_s_1030-2231,0,0.157585,0
ViT-B/16,4,v_3528_s_1030-2231__f_1487.jpg,v_3528,v_3528_s_1030-2231,0,0.509689,1
ViT-B/16,4,v_3528_s_1030-2231__f_1315.jpg,v_3528,v_3528_s_1030-2231,0,0.582552,1
ViT-B/16,4,v_3528_s_1030-2231__f_1239.jpg,v_3528,v_3528_s_1030-2231,0,0.515120,1
ViT-B/16,4,v_3528_s_1030-2231__f_2146.jpg,v_3528,v_3528_s_1030-2231,0,0.091653,0
ViT-B/16,4,v_3528_s_1030-2231__f_1208.jpg,v_3528,v_3528_s_1030-2231,0,0.415874,0
ViT-B/16,4,v_3528_s_1030-2231__f_1894.jpg,v_3528,v_3528_s_1030-2231,0,0.698766,1
ViT-B/16,4,v_3528_s_1030-2231__f_1095.jpg,v_3528,v_3528_s_1030-2231,0,0.211886,0
ViT-B/16,4,v_3528_s_1030-2231__f_1091.jpg,v_3528,v_3528_s_1030-2231,0,0.306275,0
ViT-B/16,4,v_3528_s_1030-2231__f_1221.jpg,v_3528,v_3528_s_1030-2231,0,0.487215,0
ViT-B/16,4,v_3528_s_1030-2231__f_1477.jpg,v_3528,v_3528_s_1030-2231,0,0.348819,0
ViT-B/16,4,v_3528_s_179-537__f_506.jpg,v_3528,v_3528_s_179-537,0,0.145930,0
ViT-B/16,4,v_3528_s_179-537__f_236.jpg,v_3528,v_3528_s_179-537,0,0.373566,0
ViT-B/16,4,v_3528_s_179-537__f_191.jpg,v_3528,v_3528_s_179-537,0,0.567644,1
ViT-B/16,4,v_3528_s_179-537__f_319.jpg,v_3528,v_3528_s_179-537,0,0.667353,1
ViT-B/16,4,v_3528_s_179-537__f_304.jpg,v_3528,v_3528_s_179-537,0,0.673053,1
ViT-B/16,4,v_3528_s_179-537__f_293.jpg,v_3528,v_3528_s_179-537,0,0.569699,1
ViT-B/16,4,v_3528_s_179-537__f_250.jpg,v_3528,v_3528_s_179-537,0,0.334575,0
ViT-B/16,4,v_3528_s_179-537__f_231.jpg,v_3528,v_3528_s_179-537,0,0.318190,0
ViT-B/16,4,v_3528_s_179-537__f_525.jpg,v_3528,v_3528_s_179-537,0,0.034206,0
ViT-B/16,4,v_3528_s_179-537__f_458.jpg,v_3528,v_3528_s_179-537,0,0.240300,0
ViT-B/16,4,v_3528_s_179-537__f_223.jpg,v_3528,v_3528_s_179-537,0,0.275389,0
ViT-B/16,4,v_3528_s_179-537__f_481.jpg,v_3528,v_3528_s_179-537,0,0.127539,0
ViT-B/16,4,v_3528_s_179-537__f_395.jpg,v_3528,v_3528_s_179-537,0,0.157959,0
ViT-B/16,4,v_3528_s_179-537__f_195.jpg,v_3528,v_3528_s_179-537,0,0.512233,1
ViT-B/16,4,v_3598_s_197-518__f_254.jpg,v_3598,v_3598_s_197-518,0,0.346547,0
ViT-B/16,4,v_3598_s_197-518__f_209.jpg,v_3598,v_3598_s_197-518,0,0.298137,0
ViT-B/16,4,v_3598_s_197-518__f_337.jpg,v_3598,v_3598_s_197-518,0,0.640202,1
ViT-B/16,4,v_3598_s_197-518__f_322.jpg,v_3598,v_3598_s_197-518,0,0.637533,1
ViT-B/16,4,v_3598_s_197-518__f_311.jpg,v_3598,v_3598_s_197-518,0,0.690431,1
ViT-B/16,4,v_3598_s_197-518__f_268.jpg,v_3598,v_3598_s_197-518,0,0.272224,0
ViT-B/16,4,v_3598_s_197-518__f_249.jpg,v_3598,v_3598_s_197-518,0,0.442856,0
ViT-B/16,4,v_3598_s_197-518__f_476.jpg,v_3598,v_3598_s_197-518,0,0.423257,0
ViT-B/16,4,v_3598_s_197-518__f_241.jpg,v_3598,v_3598_s_197-518,0,0.281977,0
ViT-B/16,4,v_3598_s_197-518__f_499.jpg,v_3598,v_3598_s_197-518,0,0.092740,0
ViT-B/16,4,v_3598_s_197-518__f_413.jpg,v_3598,v_3598_s_197-518,0,0.247383,0
ViT-B/16,4,v_3598_s_197-518__f_213.jpg,v_3598,v_3598_s_197-518,0,0.331797,0
ViT-B/16,4,v_3598_s_197-518__f_212.jpg,v_3598,v_3598_s_197-518,0,0.361189,0
ViT-B/16,4,v_3598_s_197-518__f_244.jpg,v_3598,v_3598_s_197-518,0,0.193852,0
ViT-B/16,4,v_5280_s_89-491__f_427.jpg,v_5280,v_5280_s_89-491,0,0.406001,0
ViT-B/16,4,v_5280_s_89-491__f_157.jpg,v_5280,v_5280_s_89-491,0,0.262426,0
ViT-B/16,4,v_5280_s_89-491__f_112.jpg,v_5280,v_5280_s_89-491,0,0.289523,0
ViT-B/16,4,v_5280_s_89-491__f_479.jpg,v_5280,v_5280_s_89-491,0,0.241132,0
ViT-B/16,4,v_5280_s_89-491__f_240.jpg,v_5280,v_5280_s_89-491,0,0.102211,0
ViT-B/16,4,v_5280_s_89-491__f_225.jpg,v_5280,v_5280_s_89-491,0,0.241472,0
ViT-B/16,4,v_5280_s_89-491__f_214.jpg,v_5280,v_5280_s_89-491,0,0.167462,0
ViT-B/16,4,v_5280_s_89-491__f_171.jpg,v_5280,v_5280_s_89-491,0,0.150825,0
ViT-B/16,4,v_5280_s_89-491__f_477.jpg,v_5280,v_5280_s_89-491,0,0.221373,0
ViT-B/16,4,v_5280_s_89-491__f_152.jpg,v_5280,v_5280_s_89-491,0,0.244660,0
ViT-B/16,4,v_5280_s_89-491__f_446.jpg,v_5280,v_5280_s_89-491,0,0.472079,0
ViT-B/16,4,v_5280_s_89-491__f_96.jpg,v_5280,v_5280_s_89-491,0,0.282869,0
ViT-B/16,4,v_5280_s_89-491__f_379.jpg,v_5280,v_5280_s_89-491,0,0.408319,0
