model,fold,filename,group_id,y_true,prob,pred
ResNet50,0,c_108_v_(video_3312.mp4)_f_619.jpg,c_108,1,0.929556,1
ResNet50,0,c_14_v_(video_400.mp4)_f_810.jpg,c_14,1,0.992649,1
ResNet50,0,c_14_v_(video_401.mp4)_f_253.jpg,c_14,1,0.996896,1
ResNet50,0,c_14_v_(video_401.mp4)_f_90.jpg,c_14,1,0.982458,1
ResNet50,0,c_14_v_(video_401.mp4)_f_910.jpg,c_14,1,0.999806,1
ResNet50,0,c_14_v_(video_422.mp4)_f_59.jpg,c_14,1,0.997507,1
ResNet50,0,c_14_v_(video_425.mp4)_f_118.jpg,c_14,1,0.938054,1
ResNet50,0,c_157_v_(video_4727.mp4)_f_0.jpg,c_157,1,0.998825,1
ResNet50,0,c_159_v_(video_4770.mp4)_f_4585.jpg,c_159,1,0.999720,1
ResNet50,0,c_165_v_(video_5033.mp4)_f_19.jpg,c_165,1,0.999087,1
ResNet50,0,c_165_v_(video_5033.mp4)_f_547.jpg,c_165,1,0.941848,1
ResNet50,0,c_165_v_(video_5035.mp4)_f_13.jpg,c_165,1,0.997631,1
ResNet50,0,c_165_v_(video_5037.mp4)_f_1790.jpg,c_165,1,0.950385,1
ResNet50,0,c_165_v_(video_5038.mp4)_f_161.jpg,c_165,1,0.997376,1
ResNet50,0,c_165_v_(video_5046.mp4)_f_117.jpg,c_165,1,0.994993,1
ResNet50,0,c_165_v_(video_5046.mp4)_f_180.jpg,c_165,1,0.998218,1
ResNet50,0,c_165_v_(video_5046.mp4)_f_962.jpg,c_165,1,0.998547,1
ResNet50,0,c_17_v_(video_481.mp4)_f_1292.jpg,c_17,1,0.999956,1
ResNet50,0,c_188_v_(video_5701.mp4)_f_226.jpg,c_188,1,0.998261,1
ResNet50,0,c_189_v_(video_5727.mp4)_f_14.jpg,c_189,1,0.996192,1
ResNet50,0,c_21_v_(video_605.mp4)_f_79.jpg,c_21,1,0.924351,1
ResNet50,0,c_21_v_(video_607.mp4)_f_46.jpg,c_21,1,0.188331,0
ResNet50,0,c_23_v_(video_672.mp4)_f_1006.jpg,c_23,1,0.995098,1
ResNet50,0,c_23_v_(video_672.mp4)_f_1268.jpg,c_23,1,0.914933,1
ResNet50,0,c_23_v_(video_672.mp4)_f_13.jpg,c_23,1,0.537728,1
ResNet50,0,c_23_v_(video_672.mp4)_f_195.jpg,c_23,1,0.998565,1
ResNet50,0,c_23_v_(video_672.mp4)_f_256.jpg,c_23,1,0.997341,1
ResNet50,0,c_23_v_(video_672.mp4)_f_397.jpg,c_23,1,0.959642,1
ResNet50,0,c_23_v_(video_672.mp4)_f_778.jpg,c_23,1,0.987171,1
ResNet50,0,c_23_v_(video_674.mp4)_f_1579.jpg,c_23,1,0.998976,1
ResNet50,0,c_23_v_(video_674.mp4)_f_41.jpg,c_23,1,0.887007,1
ResNet50,0,c_23_v_(video_674.mp4)_f_837.jpg,c_23,1,0.965307,1
ResNet50,0,c_23_v_(video_674.mp4)_f_870.jpg,c_23,1,0.978258,1
ResNet50,0,c_27_v_(video_829.mp4)_f_0.jpg,c_27,1,0.999177,1
ResNet50,0,c_31_v_(video_1002.mp4)_f_499.jpg,c_31,1,0.929019,1
ResNet50,0,c_31_v_(video_1002.mp4)_f_91.jpg,c_31,1,0.997272,1
ResNet50,0,c_31_v_(video_1004.mp4)_f_869.jpg,c_31,1,0.999943,1
ResNet50,0,c_31_v_(video_993.mp4)_f_75.jpg,c_31,1,0.907853,1
ResNet50,0,c_31_v_(video_997.mp4)_f_161.jpg,c_31,1,0.980730,1
ResNet50,0,c_31_v_(video_998.mp4)_f_85.jpg,c_31,1,0.909444,1
ResNet50,0,c_34_v_(video_1099.mp4)_f_261.jpg,c_34,1,0.988600,1
ResNet50,0,c_34_v_(video_1099.mp4)_f_5.jpg,c_34,1,0.824082,1
ResNet50,0,c_42_v_(video_1320.mp4)_f_565.jpg,c_42,1,0.999087,1
ResNet50,0,c_42_v_(video_1320.mp4)_f_653.jpg,c_42,1,0.999852,1
ResNet50,0,c_42_v_(video_1322.mp4)_f_276.jpg,c_42,1,0.994573,1
ResNet50,0,c_42_v_(video_1322.mp4)_f_471.jpg,c_42,1,0.988667,1
ResNet50,0,c_42_v_(video_1322.mp4)_f_624.jpg,c_42,1,0.998087,1
ResNet50,0,c_42_v_(video_1323.mp4)_f_183.jpg,c_42,1,0.993210,1
ResNet50,0,c_5_v_(video_62.mp4)_f_681.jpg,c_5,1,0.963317,1
ResNet50,0,c_5_v_(video_64.mp4)_f_712.jpg,c_5,1,0.999377,1
ResNet50,0,c_5_v_(video_66.mp4)_f_1754.jpg,c_5,1,0.995741,1
ResNet50,0,c_5_v_(video_66.mp4)_f_3.jpg,c_5,1,0.983302,1
ResNet50,0,c_61_v_(video_1990.mp4)_f_194.jpg,c_61,1,0.942918,1
ResNet50,0,c_61_v_(video_1991.mp4)_f_140.jpg,c_61,1,0.992822,1
ResNet50,0,c_61_v_(video_1991.mp4)_f_83.jpg,c_61,1,0.995780,1
ResNet50,0,c_82_v_(video_2507.mp4)_f_2154.jpg,c_82,1,0.985798,1
ResNet50,0,c_97_v_(video_2912.mp4)_f_71.jpg,c_97,1,0.891407,1
ResNet50,0,c_97_v_(video_2915.mp4)_f_114.jpg,c_97,1,0.999950,1
ResNet50,0,c_97_v_(video_2915.mp4)_f_16.jpg,c_97,1,0.945697,1
ResNet50,0,c_9_v_(video_168.mp4)_f_1146.jpg,c_9,1,0.821398,1
ResNet50,0,c_9_v_(video_168.mp4)_f_2210.jpg,c_9,1,0.959545,1
ResNet50,0,c_9_v_(video_168.mp4)_f_515.jpg,c_9,1,0.866211,1
ResNet50,0,c_9_v_(video_168.mp4)_f_517.jpg,c_9,1,0.969130,1
ResNet50,0,c_9_v_(video_168.mp4)_f_670.jpg,c_9,1,0.428097,0
ResNet50,0,c_9_v_(video_169.mp4)_f_79.jpg,c_9,1,0.074057,0
ResNet50,0,c_9_v_(video_170.mp4)_f_111.jpg,c_9,1,0.999352,1
ResNet50,0,c_9_v_(video_172.mp4)_f_0.jpg,c_9,1,0.792605,1
ResNet50,0,v_2507_s_0-853__f_688.jpg,v_2507_s_0-853,0,0.696815,1
ResNet50,0,v_2507_s_0-853__f_200.jpg,v_2507_s_0-853,0,0.808894,1
ResNet50,0,v_2507_s_0-853__f_120.jpg,v_2507_s_0-853,0,0.985098,1
ResNet50,0,v_2507_s_0-853__f_782.jpg,v_2507_s_0-853,0,0.896542,1
ResNet50,0,v_2507_s_0-853__f_351.jpg,v_2507_s_0-853,0,0.773686,1
ResNet50,0,v_2507_s_0-853__f_323.jpg,v_2507_s_0-853,0,0.877913,1
ResNet50,0,v_2507_s_0-853__f_303.jpg,v_2507_s_0-853,0,0.260233,0
ResNet50,0,v_2507_s_0-853__f_226.jpg,v_2507_s_0-853,0,0.875149,1
ResNet50,0,v_2507_s_0-853__f_778.jpg,v_2507_s_0-853,0,0.946940,1
ResNet50,0,v_2507_s_0-853__f_192.jpg,v_2507_s_0-853,0,0.971495,1
ResNet50,0,v_2507_s_0-853__f_721.jpg,v_2507_s_0-853,0,0.823306,1
ResNet50,0,v_2507_s_0-853__f_781.jpg,v_2507_s_0-853,0,0.920262,1
ResNet50,0,v_2507_s_0-853__f_600.jpg,v_2507_s_0-853,0,0.819547,1
ResNet50,0,v_2507_s_0-853__f_179.jpg,v_2507_s_0-853,0,0.860159,1
ResNet50,0,v_3315_s_1-237__f_33.jpg,v_3315_s_1-237,0,0.013004,0
ResNet50,0,v_3315_s_1-237__f_124.jpg,v_3315_s_1-237,0,0.152266,0
ResNet50,0,v_3315_s_1-237__f_104.jpg,v_3315_s_1-237,0,0.003669,0
ResNet50,0,v_3315_s_1-237__f_57.jpg,v_3315_s_1-237,0,0.003116,0
ResNet50,0,v_3315_s_1-237__f_162.jpg,v_3315_s_1-237,0,0.018834,0
ResNet50,0,v_3315_s_1-237__f_155.jpg,v_3315_s_1-237,0,0.008328,0
ResNet50,0,v_3315_s_1-237__f_150.jpg,v_3315_s_1-237,0,0.035843,0
ResNet50,0,v_3315_s_1-237__f_130.jpg,v_3315_s_1-237,0,0.243371,0
ResNet50,0,v_3315_s_1-237__f_56.jpg,v_3315_s_1-237,0,0.009235,0
ResNet50,0,v_3315_s_1-237__f_122.jpg,v_3315_s_1-237,0,0.088372,0
ResNet50,0,v_3315_s_1-237__f_42.jpg,v_3315_s_1-237,0,0.022167,0
ResNet50,0,v_3315_s_1-237__f_96.jpg,v_3315_s_1-237,0,0.008920,0
ResNet50,0,v_3315_s_1-237__f_224.jpg,v_3315_s_1-237,0,0.017859,0
ResNet50,0,v_3315_s_1-237__f_119.jpg,v_3315_s_1-237,0,0.035973,0
ResNet50,0,v_3712_s_949-1095__f_1028.jpg,v_3712_s_949-1095,0,0.242741,0
ResNet50,0,v_3712_s_949-1095__f_1006.jpg,v_3712_s_949-1095,0,0.293535,0
ResNet50,0,v_3712_s_949-1095__f_1070.jpg,v_3712_s_949-1095,0,0.098640,0
ResNet50,0,v_3712_s_949-1095__f_1062.jpg,v_3712_s_949-1095,0,0.093676,0
ResNet50,0,v_3712_s_949-1095__f_1057.jpg,v_3712_s_949-1095,0,0.258718,0
ResNet50,0,v_3712_s_949-1095__f_1035.jpg,v_3712_s_949-1095,0,0.080275,0
ResNet50,0,v_3712_s_949-1095__f_1026.jpg,v_3712_s_949-1095,0,0.198046,0
ResNet50,0,v_3712_s_949-1095__f_1022.jpg,v_3712_s_949-1095,0,0.212574,0
ResNet50,0,v_3712_s_949-1095__f_962.jpg,v_3712_s_949-1095,0,0.159446,0
ResNet50,0,v_3712_s_949-1095__f_1008.jpg,v_3712_s_949-1095,0,0.353869,0
ResNet50,0,v_3712_s_949-1095__f_1007.jpg,v_3712_s_949-1095,0,0.279762,0
ResNet50,0,v_3712_s_949-1095__f_1023.jpg,v_3712_s_949-1095,0,0.104815,0
ResNet50,0,v_3712_s_949-1095__f_1055.jpg,v_3712_s_949-1095,0,0.196332,0
ResNet50,0,v_3712_s_949-1095__f_1059.jpg,v_3712_s_949-1095,0,0.027214,0
ResNet50,0,v_4761_s_0-354__f_75.jpg,v_4761_s_0-354,0,0.012616,0
ResNet50,0,v_4761_s_0-354__f_15.jpg,v_4761_s_0-354,0,0.004962,0
ResNet50,0,v_4761_s_0-354__f_109.jpg,v_4761_s_0-354,0,0.009447,0
ResNet50,0,v_4761_s_0-354__f_224.jpg,v_4761_s_0-354,0,0.015630,0
ResNet50,0,v_4761_s_0-354__f_210.jpg,v_4761_s_0-354,0,0.020037,0
ResNet50,0,v_4761_s_0-354__f_200.jpg,v_4761_s_0-354,0,0.011243,0
ResNet50,0,v_4761_s_0-354__f_162.jpg,v_4761_s_0-354,0,0.005769,0
ResNet50,0,v_4761_s_0-354__f_145.jpg,v_4761_s_0-354,0,0.005401,0
ResNet50,0,v_4761_s_0-354__f_35.jpg,v_4761_s_0-354,0,0.006740,0
ResNet50,0,v_4761_s_0-354__f_138.jpg,v_4761_s_0-354,0,0.009689,0
ResNet50,0,v_4761_s_0-354__f_52.jpg,v_4761_s_0-354,0,0.003830,0
ResNet50,0,v_4761_s_0-354__f_293.jpg,v_4761_s_0-354,0,0.006530,0
ResNet50,0,v_4761_s_0-354__f_112.jpg,v_4761_s_0-354,0,0.011735,0
ResNet50,0,v_4761_s_0-354__f_111.jpg,v_4761_s_0-354,0,0.012253,0
ResNet50,0,v_4770_s_2421-2463__f_2461.jpg,v_4770_s_2421-2463,0,0.954715,1
ResNet50,0,v_4770_s_2421-2463__f_2428.jpg,v_4770_s_2421-2463,0,0.968351,1
ResNet50,0,v_4770_s_2421-2463__f_2422.jpg,v_4770_s_2421-2463,0,0.899836,1
ResNet50,0,v_4770_s_2421-2463__f_2438.jpg,v_4770_s_2421-2463,0,0.807406,1
ResNet50,0,v_4770_s_2421-2463__f_2436.jpg,v_4770_s_2421-2463,0,0.838005,1
ResNet50,0,v_4770_s_2421-2463__f_2435.jpg,v_4770_s_2421-2463,0,0.764753,1
ResNet50,0,v_4770_s_2421-2463__f_2429.jpg,v_4770_s_2421-2463,0,0.812053,1
ResNet50,0,v_4770_s_2421-2463__f_2427.jpg,v_4770_s_2421-2463,0,0.868191,1
ResNet50,0,v_4770_s_2421-2463__f_2426.jpg,v_4770_s_2421-2463,0,0.893966,1
ResNet50,0,v_4770_s_2421-2463__f_2448.jpg,v_4770_s_2421-2463,0,0.827550,1
ResNet50,0,v_4770_s_2421-2463__f_2423.jpg,v_4770_s_2421-2463,0,0.827886,1
ResNet50,0,v_4770_s_2421-2463__f_2421.jpg,v_4770_s_2421-2463,0,0.915281,1
ResNet50,0,v_4770_s_2421-2463__f_2452.jpg,v_4770_s_2421-2463,0,0.957500,1
ResNet50,0,v_4770_s_2421-2463__f_2455.jpg,v_4770_s_2421-2463,0,0.902789,1
ResNet50,0,v_4770_s_30-361__f_96.jpg,v_4770_s_30-361,0,0.011115,0
ResNet50,0,v_4770_s_30-361__f_157.jpg,v_4770_s_30-361,0,0.010290,0
ResNet50,0,v_4770_s_30-361__f_112.jpg,v_4770_s_30-361,0,0.011735,0
ResNet50,0,v_4770_s_30-361__f_240.jpg,v_4770_s_30-361,0,0.010640,0
ResNet50,0,v_4770_s_30-361__f_225.jpg,v_4770_s_30-361,0,0.010326,0
ResNet50,0,v_4770_s_30-361__f_214.jpg,v_4770_s_30-361,0,0.018489,0
ResNet50,0,v_4770_s_30-361__f_171.jpg,v_4770_s_30-361,0,0.017147,0
ResNet50,0,v_4770_s_30-361__f_152.jpg,v_4770_s_30-361,0,0.008288,0
ResNet50,0,v_4770_s_30-361__f_48.jpg,v_4770_s_30-361,0,0.007066,0
ResNet50,0,v_4770_s_30-361__f_144.jpg,v_4770_s_30-361,0,0.007984,0
ResNet50,0,v_4770_s_30-361__f_71.jpg,v_4770_s_30-361,0,0.006970,0
ResNet50,0,v_4770_s_30-361__f_314.jpg,v_4770_s_30-361,0,0.006987,0
ResNet50,0,v_4770_s_30-361__f_116.jpg,v_4770_s_30-361,0,0.014066,0
ResNet50,1,c_105_v_(video_3214.mp4)_f_2954.jpg,c_105,1,0.999770,1
ResNet50,1,c_10_v_(video_182.mp4)_f_494.jpg,c_10,1,0.999782,1
ResNet50,1,c_10_v_(video_184.mp4)_f_22.jpg,c_10,1,0.999464,1
ResNet50,1,c_10_v_(video_185.mp4)_f_112.jpg,c_10,1,0.999398,1
ResNet50,1,c_10_v_(video_185.mp4)_f_176.jpg,c_10,1,0.999304,1
ResNet50,1,c_10_v_(video_186.mp4)_f_200.jpg,c_10,1,0.999897,1
ResNet50,1,c_10_v_(video_188.mp4)_f_455.jpg,c_10,1,0.920399,1
ResNet50,1,c_12_v_(video_364.mp4)_f_253.jpg,c_12,1,0.998084,1
ResNet50,1,c_12_v_(video_365.mp4)_f_174.jpg,c_12,1,0.999630,1
ResNet50,1,c_12_v_(video_365.mp4)_f_49.jpg,c_12,1,0.996249,1
ResNet50,1,c_12_v_(video_368.mp4)_f_167.jpg,c_12,1,0.980653,1
ResNet50,1,c_12_v_(video_368.mp4)_f_261.jpg,c_12,1,0.894065,1
ResNet50,1,c_12_v_(video_370.mp4)_f_25.jpg,c_12,1,0.998438,1
ResNet50,1,c_12_v_(video_370.mp4)_f_67.jpg,c_12,1,0.999970,1
ResNet50,1,c_137_v_(video_4143.mp4)_f_1016.jpg,c_137,1,0.996383,1
ResNet50,1,c_137_v_(video_4143.mp4)_f_427.jpg,c_137,1,0.966555,1
ResNet50,1,c_137_v_(video_4143.mp4)_f_639.jpg,c_137,1,0.981886,1
ResNet50,1,c_141_v_(video_4253.mp4)_f_205.jpg,c_141,1,0.999005,1
ResNet50,1,c_141_v_(video_4253.mp4)_f_386.jpg,c_141,1,0.999767,1
ResNet50,1,c_141_v_(video_4253.mp4)_f_55.jpg,c_141,1,0.999497,1
ResNet50,1,c_141_v_(video_4254.mp4)_f_324.jpg,c_141,1,0.999375,1
ResNet50,1,c_141_v_(video_4254.mp4)_f_5.jpg,c_141,1,0.999951,1
ResNet50,1,c_141_v_(video_4257.mp4)_f_115.jpg,c_141,1,0.999009,1
ResNet50,1,c_141_v_(video_4257.mp4)_f_212.jpg,c_141,1,0.999856,1
ResNet50,1,c_141_v_(video_4257.mp4)_f_272.jpg,c_141,1,0.998392,1
ResNet50,1,c_141_v_(video_4299.mp4)_f_29.jpg,c_141,1,0.998478,1
ResNet50,1,c_168_v_(video_5163.mp4)_f_264.jpg,c_168,1,0.999844,1
ResNet50,1,c_16_v_(video_467.mp4)_f_184.jpg,c_16,1,0.999922,1
ResNet50,1,c_16_v_(video_471.mp4)_f_220.jpg,c_16,1,0.999942,1
ResNet50,1,c_174_v_(video_5312.mp4)_f_1125.jpg,c_174,1,0.001231,0
ResNet50,1,c_174_v_(video_5312.mp4)_f_1319.jpg,c_174,1,0.005381,0
ResNet50,1,c_24_v_(video_693.mp4)_f_136.jpg,c_24,1,0.304188,0
ResNet50,1,c_24_v_(video_693.mp4)_f_1495.jpg,c_24,1,0.996632,1
ResNet50,1,c_24_v_(video_693.mp4)_f_1606.jpg,c_24,1,0.662109,1
ResNet50,1,c_24_v_(video_693.mp4)_f_1630.jpg,c_24,1,0.963823,1
ResNet50,1,c_24_v_(video_693.mp4)_f_1697.jpg,c_24,1,0.997823,1
ResNet50,1,c_24_v_(video_695.mp4)_f_166.jpg,c_24,1,0.979862,1
ResNet50,1,c_24_v_(video_704.mp4)_f_198.jpg,c_24,1,0.998795,1
ResNet50,1,c_29_v_(video_940.mp4)_f_1371.jpg,c_29,1,0.996423,1
ResNet50,1,c_29_v_(video_940.mp4)_f_1635.jpg,c_29,1,0.998365,1
ResNet50,1,c_37_v_(video_1215.mp4)_f_0.jpg,c_37,1,0.999905,1
ResNet50,1,c_37_v_(video_1229.mp4)_f_36.jpg,c_37,1,0.997559,1
ResNet50,1,c_3_v_(video_24.mp4)_f_72.jpg,c_3,1,0.998940,1
ResNet50,1,c_3_v_(video_25.mp4)_f_238.jpg,c_3,1,0.992734,1
ResNet50,1,c_3_v_(video_25.mp4)_f_249.jpg,c_3,1,0.942691,1
ResNet50,1,c_3_v_(video_25.mp4)_f_348.jpg,c_3,1,0.830555,1
ResNet50,1,c_3_v_(video_27.mp4)_f_163.jpg,c_3,1,0.225614,0
ResNet50,1,c_3_v_(video_27.mp4)_f_338.jpg,c_3,1,0.996090,1
ResNet50,1,c_3_v_(video_27.mp4)_f_501.jpg,c_3,1,0.993469,1
ResNet50,1,c_3_v_(video_29.mp4)_f_287.jpg,c_3,1,0.999549,1
ResNet50,1,c_3_v_(video_29.mp4)_f_443.jpg,c_3,1,0.999871,1
ResNet50,1,c_3_v_(video_29.mp4)_f_480.jpg,c_3,1,0.999582,1
ResNet50,1,c_3_v_(video_29.mp4)_f_510.jpg,c_3,1,0.999306,1
ResNet50,1,c_3_v_(video_29.mp4)_f_627.jpg,c_3,1,0.995977,1
ResNet50,1,c_44_v_(video_1373.mp4)_f_1199.jpg,c_44,1,0.999215,1
ResNet50,1,c_44_v_(video_1373.mp4)_f_201.jpg,c_44,1,0.998249,1
ResNet50,1,c_44_v_(video_1373.mp4)_f_211.jpg,c_44,1,0.997593,1
ResNet50,1,c_44_v_(video_1373.mp4)_f_215.jpg,c_44,1,0.999768,1
ResNet50,1,c_44_v_(video_1373.mp4)_f_903.jpg,c_44,1,0.998952,1
ResNet50,1,c_44_v_(video_1377.mp4)_f_212.jpg,c_44,1,0.999602,1
ResNet50,1,c_51_v_(video_1638.mp4)_f_1710.jpg,c_51,1,0.936373,1
ResNet50,1,c_51_v_(video_1640.mp4)_f_1162.jpg,c_51,1,0.996635,1
ResNet50,1,c_51_v_(video_1640.mp4)_f_25.jpg,c_51,1,0.954497,1
ResNet50,1,c_51_v_(video_1640.mp4)_f_535.jpg,c_51,1,0.651702,1
ResNet50,1,c_51_v_(video_1640.mp4)_f_643.jpg,c_51,1,0.994335,1
ResNet50,1,c_58_v_(video_1853.mp4)_f_1061.jpg,c_58,1,0.999600,1
ResNet50,1,c_58_v_(video_1853.mp4)_f_109.jpg,c_58,1,0.998596,1
ResNet50,1,c_58_v_(video_1853.mp4)_f_510.jpg,c_58,1,0.999885,1
ResNet50,1,c_58_v_(video_1853.mp4)_f_586.jpg,c_58,1,0.999932,1
ResNet50,1,c_58_v_(video_1875.mp4)_f_281.jpg,c_58,1,0.999516,1
ResNet50,1,c_60_v_(video_1945.mp4)_f_1392.jpg,c_60,1,0.999911,1
ResNet50,1,c_60_v_(video_1945.mp4)_f_366.jpg,c_60,1,0.108539,0
ResNet50,1,c_60_v_(video_1945.mp4)_f_52.jpg,c_60,1,0.992017,1
ResNet50,1,c_60_v_(video_1946.mp4)_f_1754.jpg,c_60,1,0.999827,1
ResNet50,1,c_60_v_(video_1946.mp4)_f_792.jpg,c_60,1,0.983659,1
ResNet50,1,c_60_v_(video_1946.mp4)_f_963.jpg,c_60,1,0.999799,1
ResNet50,1,c_69_v_(video_2170.mp4)_f_711.jpg,c_69,1,0.952299,1
ResNet50,1,c_69_v_(video_2171.mp4)_f_40.jpg,c_69,1,0.996806,1
ResNet50,1,c_77_v_(video_2376.mp4)_f_578.jpg,c_77,1,0.999534,1
ResNet50,1,c_77_v_(video_2376.mp4)_f_817.jpg,c_77,1,0.999505,1
ResNet50,1,c_77_v_(video_2376.mp4)_f_938.jpg,c_77,1,0.998193,1
ResNet50,1,c_77_v_(video_2383.mp4)_f_171.jpg,c_77,1,0.999927,1
ResNet50,1,c_77_v_(video_2383.mp4)_f_54.jpg,c_77,1,0.999936,1
ResNet50,1,c_85_v_(video_2607.mp4)_f_284.jpg,c_85,1,0.999235,1
ResNet50,1,c_85_v_(video_2607.mp4)_f_733.jpg,c_85,1,0.993978,1
ResNet50,1,c_88_v_(video_2665.mp4)_f_2058.jpg,c_88,1,0.130808,0
ResNet50,1,c_88_v_(video_2665.mp4)_f_485.jpg,c_88,1,0.991402,1
ResNet50,1,c_8_v_(video_145.mp4)_f_496.jpg,c_8,1,0.068478,0
ResNet50,1,c_8_v_(video_146.mp4)_f_298.jpg,c_8,1,0.999348,1
ResNet50,1,c_8_v_(video_146.mp4)_f_344.jpg,c_8,1,0.999389,1
ResNet50,1,c_8_v_(video_146.mp4)_f_388.jpg,c_8,1,0.999725,1
ResNet50,1,c_8_v_(video_147.mp4)_f_11.jpg,c_8,1,0.999912,1
ResNet50,1,c_8_v_(video_148.mp4)_f_1079.jpg,c_8,1,0.999875,1
ResNet50,1,c_8_v_(video_148.mp4)_f_164.jpg,c_8,1,0.998512,1
ResNet50,1,c_8_v_(video_148.mp4)_f_185.jpg,c_8,1,0.999250,1
ResNet50,1,c_8_v_(video_148.mp4)_f_2515.jpg,c_8,1,0.999844,1
ResNet50,1,c_8_v_(video_148.mp4)_f_2723.jpg,c_8,1,0.981001,1
ResNet50,1,c_8_v_(video_148.mp4)_f_973.jpg,c_8,1,0.220538,0
ResNet50,1,c_8_v_(video_153.mp4)_f_2707.jpg,c_8,1,0.999278,1
ResNet50,1,v_2506_s_0-95__f_82.jpg,v_2506_s_0-95,0,0.531928,1
ResNet50,1,v_2506_s_0-95__f_21.jpg,v_2506_s_0-95,0,0.106119,0
ResNet50,1,v_2506_s_0-95__f_11.jpg,v_2506_s_0-95,0,0.120263,0
ResNet50,1,v_2506_s_0-95__f_40.jpg,v_2506_s_0-95,0,0.000338,0
ResNet50,1,v_2506_s_0-95__f_37.jpg,v_2506_s_0-95,0,0.003955,0
ResNet50,1,v_2506_s_0-95__f_34.jpg,v_2506_s_0-95,0,0.001562,0
ResNet50,1,v_2506_s_0-95__f_24.jpg,v_2506_s_0-95,0,0.035277,0
ResNet50,1,v_2506_s_0-95__f_20.jpg,v_2506_s_0-95,0,0.137782,0
ResNet50,1,v_2506_s_0-95__f_87.jpg,v_2506_s_0-95,0,0.216823,0
ResNet50,1,v_2506_s_0-95__f_71.jpg,v_2506_s_0-95,0,0.044322,0
ResNet50,1,v_2506_s_0-95__f_19.jpg,v_2506_s_0-95,0,0.067433,0
ResNet50,1,v_2506_s_0-95__f_77.jpg,v_2506_s_0-95,0,0.221545,0
ResNet50,1,v_2506_s_0-95__f_58.jpg,v_2506_s_0-95,0,0.006808,0
ResNet50,1,v_2506_s_0-95__f_12.jpg,v_2506_s_0-95,0,0.008676,0
ResNet50,1,v_2507_s_2320-3371__f_2548.jpg,v_2507_s_2320-3371,0,0.000398,0
ResNet50,1,v_2507_s_2320-3371__f_2371.jpg,v_2507_s_2320-3371,0,0.000604,0
ResNet50,1,v_2507_s_2320-3371__f_2883.jpg,v_2507_s_2320-3371,0,0.996028,1
ResNet50,1,v_2507_s_2320-3371__f_2821.jpg,v_2507_s_2320-3371,0,0.008029,0
ResNet50,1,v_2507_s_2320-3371__f_2777.jpg,v_2507_s_2320-3371,0,0.072699,0
ResNet50,1,v_2507_s_2320-3371__f_2605.jpg,v_2507_s_2320-3371,0,0.685972,1
ResNet50,1,v_2507_s_2320-3371__f_2529.jpg,v_2507_s_2320-3371,0,0.002230,0
ResNet50,1,v_2507_s_2320-3371__f_2498.jpg,v_2507_s_2320-3371,0,0.006142,0
ResNet50,1,v_2507_s_2320-3371__f_3184.jpg,v_2507_s_2320-3371,0,0.988015,1
ResNet50,1,v_2507_s_2320-3371__f_2385.jpg,v_2507_s_2320-3371,0,0.034003,0
ResNet50,1,v_2507_s_2320-3371__f_2381.jpg,v_2507_s_2320-3371,0,0.012784,0
ResNet50,1,v_2507_s_2320-3371__f_2511.jpg,v_2507_s_2320-3371,0,0.107548,0
ResNet50,1,v_2507_s_2320-3371__f_2767.jpg,v_2507_s_2320-3371,0,0.095504,0
ResNet50,1,v_2507_s_2320-3371__f_2796.jpg,v_2507_s_2320-3371,0,0.008621,0
ResNet50,1,v_3528_s_1030-2231__f_1258.jpg,v_3528_s_1030-2231,0,0.006548,0
ResNet50,1,v_3528_s_1030-2231__f_1081.jpg,v_3528_s_1030-2231,0,0.225987,0
ResNet50,1,v_3528_s_1030-2231__f_1593.jpg,v_3528_s_1030-2231,0,0.990786,1
ResNet50,1,v_3528_s_1030-2231__f_1531.jpg,v_3528_s_1030-2231,0,0.987635,1
ResNet50,1,v_3528_s_1030-2231__f_1487.jpg,v_3528_s_1030-2231,0,0.967050,1
ResNet50,1,v_3528_s_1030-2231__f_1315.jpg,v_3528_s_1030-2231,0,0.541766,1
ResNet50,1,v_3528_s_1030-2231__f_1239.jpg,v_3528_s_1030-2231,0,0.048078,0
ResNet50,1,v_3528_s_1030-2231__f_2146.jpg,v_3528_s_1030-2231,0,0.473149,0
ResNet50,1,v_3528_s_1030-2231__f_1208.jpg,v_3528_s_1030-2231,0,0.010889,0
ResNet50,1,v_3528_s_1030-2231__f_1894.jpg,v_3528_s_1030-2231,0,0.853051,1
ResNet50,1,v_3528_s_1030-2231__f_1095.jpg,v_3528_s_1030-2231,0,0.508378,1
ResNet50,1,v_3528_s_1030-2231__f_1091.jpg,v_3528_s_1030-2231,0,0.467657,0
ResNet50,1,v_3528_s_1030-2231__f_1221.jpg,v_3528_s_1030-2231,0,0.009780,0
ResNet50,1,v_3528_s_1030-2231__f_1477.jpg,v_3528_s_1030-2231,0,0.975879,1
ResNet50,1,v_4770_s_2649-3117__f_2976.jpg,v_4770_s_2649-3117,0,0.005412,0
ResNet50,1,v_4770_s_2649-3117__f_2706.jpg,v_4770_s_2649-3117,0,0.983269,1
ResNet50,1,v_4770_s_2649-3117__f_2661.jpg,v_4770_s_2649-3117,0,0.116592,0
ResNet50,1,v_4770_s_2649-3117__f_3028.jpg,v_4770_s_2649-3117,0,0.002754,0
ResNet50,1,v_4770_s_2649-3117__f_2789.jpg,v_4770_s_2649-3117,0,0.000006,0
ResNet50,1,v_4770_s_2649-3117__f_2774.jpg,v_4770_s_2649-3117,0,0.006713,0
ResNet50,1,v_4770_s_2649-3117__f_2763.jpg,v_4770_s_2649-3117,0,0.150435,0
ResNet50,1,v_4770_s_2649-3117__f_2720.jpg,v_4770_s_2649-3117,0,0.037311,0
ResNet50,1,v_4770_s_2649-3117__f_3026.jpg,v_4770_s_2649-3117,0,0.001748,0
ResNet50,1,v_4770_s_2649-3117__f_2701.jpg,v_4770_s_2649-3117,0,0.845247,1
ResNet50,1,v_4770_s_2649-3117__f_2995.jpg,v_4770_s_2649-3117,0,0.042768,0
ResNet50,1,v_4770_s_2649-3117__f_3113.jpg,v_4770_s_2649-3117,0,0.067281,0
ResNet50,1,v_4770_s_2649-3117__f_2928.jpg,v_4770_s_2649-3117,0,0.136401,0
ResNet50,1,v_5280_s_89-491__f_427.jpg,v_5280_s_89-491,0,0.132745,0
ResNet50,1,v_5280_s_89-491__f_157.jpg,v_5280_s_89-491,0,0.000054,0
ResNet50,1,v_5280_s_89-491__f_112.jpg,v_5280_s_89-491,0,0.039568,0
ResNet50,1,v_5280_s_89-491__f_479.jpg,v_5280_s_89-491,0,0.163872,0
ResNet50,1,v_5280_s_89-491__f_240.jpg,v_5280_s_89-491,0,0.696389,1
ResNet50,1,v_5280_s_89-491__f_225.jpg,v_5280_s_89-491,0,0.003498,0
ResNet50,1,v_5280_s_89-491__f_214.jpg,v_5280_s_89-491,0,0.185618,0
ResNet50,1,v_5280_s_89-491__f_171.jpg,v_5280_s_89-491,0,0.021580,0
ResNet50,1,v_5280_s_89-491__f_477.jpg,v_5280_s_89-491,0,0.139497,0
ResNet50,1,v_5280_s_89-491__f_152.jpg,v_5280_s_89-491,0,0.005567,0
ResNet50,1,v_5280_s_89-491__f_446.jpg,v_5280_s_89-491,0,0.220407,0
ResNet50,1,v_5280_s_89-491__f_96.jpg,v_5280_s_89-491,0,0.033865,0
ResNet50,1,v_5280_s_89-491__f_379.jpg,v_5280_s_89-491,0,0.099493,0
ResNet50,2,c_102_v_(video_3119.mp4)_f_1311.jpg,c_102,1,0.986988,1
ResNet50,2,c_102_v_(video_3119.mp4)_f_185.jpg,c_102,1,0.950758,1
ResNet50,2,c_102_v_(video_3124.mp4)_f_97.jpg,c_102,1,0.999896,1
ResNet50,2,c_102_v_(video_3130.mp4)_f_0.jpg,c_102,1,0.978442,1
ResNet50,2,c_113_v_(video_3427.mp4)_f_211.jpg,c_113,1,0.590916,1
ResNet50,2,c_114_v_(video_3461.mp4)_f_610.jpg,c_114,1,0.947373,1
ResNet50,2,c_117_v_(video_3530.mp4)_f_811.jpg,c_117,1,0.999251,1
ResNet50,2,c_117_v_(video_3533.mp4)_f_195.jpg,c_117,1,0.985837,1
ResNet50,2,c_121_v_(video_3630.mp4)_f_37.jpg,c_121,1,0.999956,1
ResNet50,2,c_127_v_(video_3756.mp4)_f_40.jpg,c_127,1,0.999485,1
ResNet50,2,c_145_v_(video_4391.mp4)_f_27.jpg,c_145,1,0.999946,1
ResNet50,2,c_178_v_(video_5419.mp4)_f_794.jpg,c_178,1,0.492313,0
ResNet50,2,c_178_v_(video_5426.mp4)_f_90.jpg,c_178,1,1.000000,1
ResNet50,2,c_19_v_(video_507.mp4)_f_2389.jpg,c_19,1,0.999156,1
ResNet50,2,c_25_v_(video_774.mp4)_f_1246.jpg,c_25,1,0.999894,1
ResNet50,2,c_25_v_(video_774.mp4)_f_608.jpg,c_25,1,0.999448,1
ResNet50,2,c_25_v_(video_774.mp4)_f_772.jpg,c_25,1,0.998472,1
ResNet50,2,c_25_v_(video_776.mp4)_f_1436.jpg,c_25,1,0.998534,1
ResNet50,2,c_25_v_(video_776.mp4)_f_750.jpg,c_25,1,0.999259,1
ResNet50,2,c_25_v_(video_777.mp4)_f_33.jpg,c_25,1,0.905712,1
ResNet50,2,c_41_v_(video_1297.mp4)_f_140.jpg,c_41,1,0.999997,1
ResNet50,2,c_41_v_(video_1297.mp4)_f_500.jpg,c_41,1,0.968499,1
ResNet50,2,c_41_v_(video_1297.mp4)_f_826.jpg,c_41,1,0.961221,1
ResNet50,2,c_4_v_(video_47.mp4)_f_3852.jpg,c_4,1,0.984020,1
ResNet50,2,c_4_v_(video_48.mp4)_f_402.jpg,c_4,1,0.999944,1
ResNet50,2,c_50_v_(video_1589.mp4)_f_109.jpg,c_50,1,0.999130,1
ResNet50,2,c_50_v_(video_1589.mp4)_f_220.jpg,c_50,1,0.997890,1
ResNet50,2,c_55_v_(video_1729.mp4)_f_1915.jpg,c_55,1,0.994451,1
ResNet50,2,c_57_v_(video_1790.mp4)_f_557.jpg,c_57,1,0.999912,1
ResNet50,2,c_59_v_(video_1898.mp4)_f_1838.jpg,c_59,1,0.999460,1
ResNet50,2,c_59_v_(video_1898.mp4)_f_47.jpg,c_59,1,0.565794,1
ResNet50,2,c_59_v_(video_1898.mp4)_f_917.jpg,c_59,1,0.994503,1
ResNet50,2,c_70_v_(video_2176.mp4)_f_221.jpg,c_70,1,0.972471,1
ResNet50,2,c_70_v_(video_2176.mp4)_f_308.jpg,c_70,1,0.999677,1
ResNet50,2,c_70_v_(video_2176.mp4)_f_502.jpg,c_70,1,0.625992,1
ResNet50,2,c_70_v_(video_2178.mp4)_f_769.jpg,c_70,1,0.552642,1
ResNet50,2,c_87_v_(video_2641.mp4)_f_163.jpg,c_87,1,0.999992,1
ResNet50,2,c_87_v_(video_2662.mp4)_f_143.jpg,c_87,1,1.000000,1
ResNet50,2,v_2607_s_2534-2971__f_2861.jpg,v_2607_s_2534-2971,0,0.768697,1
ResNet50,2,v_2607_s_2534-2971__f_2591.jpg,v_2607_s_2534-2971,0,0.987685,1
ResNet50,2,v_2607_s_2534-2971__f_2546.jpg,v_2607_s_2534-2971,0,0.812175,1
ResNet50,2,v_2607_s_2534-2971__f_2913.jpg,v_2607_s_2534-2971,0,0.859314,1
ResNet50,2,v_2607_s_2534-2971__f_2674.jpg,v_2607_s_2534-2971,0,0.741655,1
ResNet50,2,v_2607_s_2534-2971__f_2659.jpg,v_2607_s_2534-2971,0,0.999390,1
ResNet50,2,v_2607_s_2534-2971__f_2648.jpg,v_2607_s_2534-2971,0,0.944103,1
ResNet50,2,v_2607_s_2534-2971__f_2605.jpg,v_2607_s_2534-2971,0,0.950226,1
ResNet50,2,v_2607_s_2534-2971__f_2911.jpg,v_2607_s_2534-2971,0,0.561393,1
ResNet50,2,v_2607_s_2534-2971__f_2586.jpg,v_2607_s_2534-2971,0,0.923201,1
ResNet50,2,v_2607_s_2534-2971__f_2880.jpg,v_2607_s_2534-2971,0,0.384041,0
ResNet50,2,v_2607_s_2534-2971__f_2967.jpg,v_2607_s_2534-2971,0,0.810234,1
ResNet50,2,v_2607_s_2534-2971__f_2813.jpg,v_2607_s_2534-2971,0,0.765268,1
ResNet50,2,v_2607_s_2534-2971__f_2578.jpg,v_2607_s_2534-2971,0,0.808003,1
ResNet50,2,v_2736_s_19-698__f_75.jpg,v_2736_s_19-698,0,0.260870,0
ResNet50,2,v_2736_s_19-698__f_211.jpg,v_2736_s_19-698,0,0.990070,1
ResNet50,2,v_2736_s_19-698__f_125.jpg,v_2736_s_19-698,0,0.277674,0
ResNet50,2,v_2736_s_19-698__f_363.jpg,v_2736_s_19-698,0,0.814541,1
ResNet50,2,v_2736_s_19-698__f_335.jpg,v_2736_s_19-698,0,0.462439,0
ResNet50,2,v_2736_s_19-698__f_315.jpg,v_2736_s_19-698,0,0.991283,1
ResNet50,2,v_2736_s_19-698__f_237.jpg,v_2736_s_19-698,0,0.590900,1
ResNet50,2,v_2736_s_19-698__f_202.jpg,v_2736_s_19-698,0,0.565543,1
ResNet50,2,v_2736_s_19-698__f_615.jpg,v_2736_s_19-698,0,0.999445,1
ResNet50,2,v_2736_s_19-698__f_189.jpg,v_2736_s_19-698,0,0.496469,0
ResNet50,2,v_2736_s_19-698__f_657.jpg,v_2736_s_19-698,0,0.979046,1
ResNet50,2,v_2736_s_19-698__f_500.jpg,v_2736_s_19-698,0,0.998667,1
ResNet50,2,v_2736_s_19-698__f_132.jpg,v_2736_s_19-698,0,0.467892,0
ResNet50,2,v_2736_s_19-698__f_130.jpg,v_2736_s_19-698,0,0.399799,0
ResNet50,2,v_3312_s_0-278__f_15.jpg,v_3312_s_0-278,0,0.936106,1
ResNet50,2,v_3312_s_0-278__f_109.jpg,v_3312_s_0-278,0,0.964714,1
ResNet50,2,v_3312_s_0-278__f_224.jpg,v_3312_s_0-278,0,0.515750,1
ResNet50,2,v_3312_s_0-278__f_210.jpg,v_3312_s_0-278,0,0.139066,0
ResNet50,2,v_3312_s_0-278__f_200.jpg,v_3312_s_0-278,0,0.535749,1
ResNet50,2,v_3312_s_0-278__f_162.jpg,v_3312_s_0-278,0,0.179141,0
ResNet50,2,v_3312_s_0-278__f_145.jpg,v_3312_s_0-278,0,0.420280,0
ResNet50,2,v_3312_s_0-278__f_138.jpg,v_3312_s_0-278,0,0.641473,1
ResNet50,2,v_3312_s_0-278__f_43.jpg,v_3312_s_0-278,0,0.936962,1
ResNet50,2,v_3312_s_0-278__f_112.jpg,v_3312_s_0-278,0,0.994211,1
ResNet50,2,v_3312_s_0-278__f_111.jpg,v_3312_s_0-278,0,0.996104,1
ResNet50,2,v_3312_s_0-278__f_140.jpg,v_3312_s_0-278,0,0.735005,1
ResNet50,2,v_3312_s_0-278__f_199.jpg,v_3312_s_0-278,0,0.667589,1
ResNet50,2,v_3312_s_0-278__f_205.jpg,v_3312_s_0-278,0,0.088606,0
ResNet50,2,v_3312_s_1737-1823__f_1818.jpg,v_3312_s_1737-1823,0,0.102580,0
ResNet50,2,v_3312_s_1737-1823__f_1751.jpg,v_3312_s_1737-1823,0,0.608682,1
ResNet50,2,v_3312_s_1737-1823__f_1740.jpg,v_3312_s_1737-1823,0,0.512625,1
ResNet50,2,v_3312_s_1737-1823__f_1772.jpg,v_3312_s_1737-1823,0,0.374800,0
ResNet50,2,v_3312_s_1737-1823__f_1768.jpg,v_3312_s_1737-1823,0,0.738952,1
ResNet50,2,v_3312_s_1737-1823__f_1765.jpg,v_3312_s_1737-1823,0,0.385826,0
ResNet50,2,v_3312_s_1737-1823__f_1754.jpg,v_3312_s_1737-1823,0,0.790296,1
ResNet50,2,v_3312_s_1737-1823__f_1750.jpg,v_3312_s_1737-1823,0,0.657896,1
ResNet50,2,v_3312_s_1737-1823__f_1806.jpg,v_3312_s_1737-1823,0,0.539943,1
ResNet50,2,v_3312_s_1737-1823__f_1748.jpg,v_3312_s_1737-1823,0,0.799513,1
ResNet50,2,v_3312_s_1737-1823__f_1812.jpg,v_3312_s_1737-1823,0,0.080518,0
ResNet50,2,v_3312_s_1737-1823__f_1791.jpg,v_3312_s_1737-1823,0,0.560615,1
ResNet50,2,v_3312_s_1737-1823__f_1741.jpg,v_3312_s_1737-1823,0,0.421096,0
ResNet50,2,v_3312_s_1737-1823__f_1820.jpg,v_3312_s_1737-1823,0,0.028135,0
ResNet50,2,v_3712_s_367-410__f_407.jpg,v_3712_s_367-410,0,0.376066,0
ResNet50,2,v_3712_s_367-410__f_374.jpg,v_3712_s_367-410,0,0.752737,1
ResNet50,2,v_3712_s_367-410__f_368.jpg,v_3712_s_367-410,0,0.795040,1
ResNet50,2,v_3712_s_367-410__f_384.jpg,v_3712_s_367-410,0,0.871409,1
ResNet50,2,v_3712_s_367-410__f_382.jpg,v_3712_s_367-410,0,0.819492,1
ResNet50,2,v_3712_s_367-410__f_381.jpg,v_3712_s_367-410,0,0.656573,1
ResNet50,2,v_3712_s_367-410__f_375.jpg,v_3712_s_367-410,0,0.736897,1
ResNet50,2,v_3712_s_367-410__f_373.jpg,v_3712_s_367-410,0,0.692079,1
ResNet50,2,v_3712_s_367-410__f_401.jpg,v_3712_s_367-410,0,0.064030,0
ResNet50,2,v_3712_s_367-410__f_372.jpg,v_3712_s_367-410,0,0.833081,1
ResNet50,2,v_3712_s_367-410__f_394.jpg,v_3712_s_367-410,0,0.413701,0
ResNet50,2,v_3712_s_367-410__f_369.jpg,v_3712_s_367-410,0,0.812657,1
ResNet50,2,v_3712_s_367-410__f_367.jpg,v_3712_s_367-410,0,0.872137,1
ResNet50,2,v_3712_s_367-410__f_398.jpg,v_3712_s_367-410,0,0.328340,0
ResNet50,2,v_4044_s_0-253__f_245.jpg,v_4044_s_0-253,0,0.996847,1
ResNet50,2,v_4044_s_0-253__f_123.jpg,v_4044_s_0-253,0,0.993738,1
ResNet50,2,v_4044_s_0-253__f_103.jpg,v_4044_s_0-253,0,0.999720,1
ResNet50,2,v_4044_s_0-253__f_41.jpg,v_4044_s_0-253,0,0.996529,1
ResNet50,2,v_4044_s_0-253__f_161.jpg,v_4044_s_0-253,0,0.999995,1
ResNet50,2,v_4044_s_0-253__f_154.jpg,v_4044_s_0-253,0,0.999802,1
ResNet50,2,v_4044_s_0-253__f_15.jpg,v_4044_s_0-253,0,0.417562,0
ResNet50,2,v_4044_s_0-253__f_13.jpg,v_4044_s_0-253,0,0.204302,0
ResNet50,2,v_4044_s_0-253__f_40.jpg,v_4044_s_0-253,0,0.997895,1
ResNet50,2,v_4044_s_0-253__f_121.jpg,v_4044_s_0-253,0,0.999618,1
ResNet50,2,v_4044_s_0-253__f_27.jpg,v_4044_s_0-253,0,0.999282,1
ResNet50,2,v_4044_s_0-253__f_96.jpg,v_4044_s_0-253,0,0.998996,1
ResNet50,2,v_4044_s_0-253__f_77.jpg,v_4044_s_0-253,0,0.999863,1
ResNet50,2,v_4044_s_0-253__f_223.jpg,v_4044_s_0-253,0,0.999926,1
ResNet50,2,v_5675_s_277-396__f_358.jpg,v_5675_s_277-396,0,0.173708,0
ResNet50,2,v_5675_s_277-396__f_291.jpg,v_5675_s_277-396,0,0.628957,1
ResNet50,2,v_5675_s_277-396__f_280.jpg,v_5675_s_277-396,0,0.125388,0
ResNet50,2,v_5675_s_277-396__f_371.jpg,v_5675_s_277-396,0,0.194683,0
ResNet50,2,v_5675_s_277-396__f_312.jpg,v_5675_s_277-396,0,0.713566,1
ResNet50,2,v_5675_s_277-396__f_308.jpg,v_5675_s_277-396,0,0.646465,1
ResNet50,2,v_5675_s_277-396__f_305.jpg,v_5675_s_277-396,0,0.718681,1
ResNet50,2,v_5675_s_277-396__f_294.jpg,v_5675_s_277-396,0,0.537205,1
ResNet50,2,v_5675_s_277-396__f_392.jpg,v_5675_s_277-396,0,0.376644,0
ResNet50,2,v_5675_s_277-396__f_290.jpg,v_5675_s_277-396,0,0.429572,0
ResNet50,2,v_5675_s_277-396__f_363.jpg,v_5675_s_277-396,0,0.219745,0
ResNet50,2,v_5675_s_277-396__f_387.jpg,v_5675_s_277-396,0,0.438200,0
ResNet50,2,v_5675_s_277-396__f_346.jpg,v_5675_s_277-396,0,0.315015,0
ResNet50,2,v_5675_s_547-736__f_710.jpg,v_5675_s_547-736,0,0.980646,1
ResNet50,2,v_5675_s_547-736__f_575.jpg,v_5675_s_547-736,0,0.999377,1
ResNet50,2,v_5675_s_547-736__f_553.jpg,v_5675_s_547-736,0,0.997736,1
ResNet50,2,v_5675_s_547-736__f_617.jpg,v_5675_s_547-736,0,0.957260,1
ResNet50,2,v_5675_s_547-736__f_609.jpg,v_5675_s_547-736,0,0.898983,1
ResNet50,2,v_5675_s_547-736__f_604.jpg,v_5675_s_547-736,0,0.902177,1
ResNet50,2,v_5675_s_547-736__f_582.jpg,v_5675_s_547-736,0,0.996865,1
ResNet50,2,v_5675_s_547-736__f_573.jpg,v_5675_s_547-736,0,0.974535,1
ResNet50,2,v_5675_s_547-736__f_720.jpg,v_5675_s_547-736,0,0.928603,1
ResNet50,2,v_5675_s_547-736__f_686.jpg,v_5675_s_547-736,0,0.977061,1
ResNet50,2,v_5675_s_547-736__f_569.jpg,v_5675_s_547-736,0,0.998325,1
ResNet50,2,v_5675_s_547-736__f_698.jpg,v_5675_s_547-736,0,0.976503,1
ResNet50,2,v_5675_s_547-736__f_655.jpg,v_5675_s_547-736,0,0.954448,1
ResNet50,3,c_100_v_(video_3062.mp4)_f_1458.jpg,c_100,1,0.553983,1
ResNet50,3,c_120_v_(video_3598.mp4)_f_713.jpg,c_120,1,0.999106,1
ResNet50,3,c_120_v_(video_3599.mp4)_f_39.jpg,c_120,1,0.997756,1
ResNet50,3,c_123_v_(video_3706.mp4)_f_659.jpg,c_123,1,0.977730,1
ResNet50,3,c_125_v_(video_3726.mp4)_f_247.jpg,c_125,1,0.999916,1
ResNet50,3,c_146_v_(video_4410.mp4)_f_2066.jpg,c_146,1,0.916309,1
ResNet50,3,c_146_v_(video_4410.mp4)_f_740.jpg,c_146,1,0.985029,1
ResNet50,3,c_146_v_(video_4412.mp4)_f_43.jpg,c_146,1,0.983381,1
ResNet50,3,c_15_v_(video_449.mp4)_f_2374.jpg,c_15,1,0.036557,0
ResNet50,3,c_15_v_(video_449.mp4)_f_2831.jpg,c_15,1,0.997511,1
ResNet50,3,c_15_v_(video_450.mp4)_f_623.jpg,c_15,1,0.824377,1
ResNet50,3,c_15_v_(video_451.mp4)_f_251.jpg,c_15,1,0.980769,1
ResNet50,3,c_15_v_(video_454.mp4)_f_144.jpg,c_15,1,0.999675,1
ResNet50,3,c_173_v_(video_5306.mp4)_f_20.jpg,c_173,1,0.164682,0
ResNet50,3,c_173_v_(video_5306.mp4)_f_228.jpg,c_173,1,0.534027,1
ResNet50,3,c_1_v_(video_17.mp4)_f_1232.jpg,c_1,1,0.858297,1
ResNet50,3,c_1_v_(video_17.mp4)_f_530.jpg,c_1,1,0.961534,1
ResNet50,3,c_1_v_(video_17.mp4)_f_925.jpg,c_1,1,0.996361,1
ResNet50,3,c_1_v_(video_7.mp4)_f_1299.jpg,c_1,1,0.910740,1
ResNet50,3,c_1_v_(video_7.mp4)_f_36.jpg,c_1,1,0.983085,1
ResNet50,3,c_20_v_(video_539.mp4)_f_16.jpg,c_20,1,0.332625,0
ResNet50,3,c_20_v_(video_539.mp4)_f_201.jpg,c_20,1,0.940233,1
ResNet50,3,c_20_v_(video_539.mp4)_f_305.jpg,c_20,1,0.881510,1
ResNet50,3,c_20_v_(video_539.mp4)_f_560.jpg,c_20,1,0.979979,1
ResNet50,3,c_20_v_(video_539.mp4)_f_800.jpg,c_20,1,0.999584,1
ResNet50,3,c_22_v_(video_631.mp4)_f_25.jpg,c_22,1,0.993370,1
ResNet50,3,c_22_v_(video_631.mp4)_f_358.jpg,c_22,1,0.999848,1
ResNet50,3,c_22_v_(video_631.mp4)_f_706.jpg,c_22,1,0.999042,1
ResNet50,3,c_22_v_(video_632.mp4)_f_228.jpg,c_22,1,0.970062,1
ResNet50,3,c_22_v_(video_632.mp4)_f_2825.jpg,c_22,1,0.234224,0
ResNet50,3,c_22_v_(video_634.mp4)_f_22.jpg,c_22,1,0.996037,1
ResNet50,3,c_32_v_(video_1044.mp4)_f_1545.jpg,c_32,1,0.704886,1
ResNet50,3,c_33_v_(video_1058.mp4)_f_1034.jpg,c_33,1,0.998506,1
ResNet50,3,c_33_v_(video_1058.mp4)_f_1254.jpg,c_33,1,0.997503,1
ResNet50,3,c_33_v_(video_1058.mp4)_f_1427.jpg,c_33,1,0.998729,1
ResNet50,3,c_39_v_(video_1263.mp4)_f_1769.jpg,c_39,1,0.997770,1
ResNet50,3,c_39_v_(video_1263.mp4)_f_481.jpg,c_39,1,0.996196,1
ResNet50,3,c_40_v_(video_1275.mp4)_f_184.jpg,c_40,1,0.639810,1
ResNet50,3,c_40_v_(video_1277.mp4)_f_411.jpg,c_40,1,0.994595,1
ResNet50,3,c_40_v_(video_1281.mp4)_f_262.jpg,c_40,1,0.988258,1
ResNet50,3,c_40_v_(video_1286.mp4)_f_126.jpg,c_40,1,0.996235,1
ResNet50,3,c_40_v_(video_1286.mp4)_f_775.jpg,c_40,1,0.997482,1
ResNet50,3,c_40_v_(video_1288.mp4)_f_17.jpg,c_40,1,0.998587,1
ResNet50,3,c_48_v_(video_1525.mp4)_f_685.jpg,c_48,1,0.999199,1
ResNet50,3,c_48_v_(video_1525.mp4)_f_759.jpg,c_48,1,0.999119,1
ResNet50,3,c_52_v_(video_1656.mp4)_f_2711.jpg,c_52,1,0.865848,1
ResNet50,3,c_52_v_(video_1656.mp4)_f_5548.jpg,c_52,1,0.657492,1
ResNet50,3,c_62_v_(video_2045.mp4)_f_363.jpg,c_62,1,0.997840,1
ResNet50,3,c_62_v_(video_2045.mp4)_f_379.jpg,c_62,1,0.982179,1
ResNet50,3,c_62_v_(video_2045.mp4)_f_846.jpg,c_62,1,0.998027,1
ResNet50,3,c_62_v_(video_2046.mp4)_f_357.jpg,c_62,1,0.988485,1
ResNet50,3,c_62_v_(video_2056.mp4)_f_312.jpg,c_62,1,0.961293,1
ResNet50,3,c_62_v_(video_2056.mp4)_f_56.jpg,c_62,1,0.905185,1
ResNet50,3,c_62_v_(video_2057.mp4)_f_53.jpg,c_62,1,0.528780,1
ResNet50,3,c_65_v_(video_2087.mp4)_f_1648.jpg,c_65,1,0.990411,1
ResNet50,3,c_65_v_(video_2087.mp4)_f_1816.jpg,c_65,1,0.978646,1
ResNet50,3,c_65_v_(video_2087.mp4)_f_2155.jpg,c_65,1,0.983975,1
ResNet50,3,c_65_v_(video_2087.mp4)_f_2161.jpg,c_65,1,0.941766,1
ResNet50,3,c_65_v_(video_2087.mp4)_f_274.jpg,c_65,1,0.866708,1
ResNet50,3,c_65_v_(video_2087.mp4)_f_278.jpg,c_65,1,0.656176,1
ResNet50,3,c_65_v_(video_2087.mp4)_f_66.jpg,c_65,1,0.630786,1
ResNet50,3,c_65_v_(video_2087.mp4)_f_714.jpg,c_65,1,0.851053,1
ResNet50,3,c_65_v_(video_2087.mp4)_f_918.jpg,c_65,1,0.993837,1
ResNet50,3,c_6_v_(video_112.mp4)_f_1122.jpg,c_6,1,0.974850,1
ResNet50,3,c_6_v_(video_112.mp4)_f_120.jpg,c_6,1,0.840231,1
ResNet50,3,c_6_v_(video_112.mp4)_f_174.jpg,c_6,1,0.973231,1
ResNet50,3,c_6_v_(video_112.mp4)_f_709.jpg,c_6,1,0.982902,1
ResNet50,3,c_6_v_(video_84.mp4)_f_459.jpg,c_6,1,0.998703,1
ResNet50,3,c_6_v_(video_84.mp4)_f_695.jpg,c_6,1,0.981309,1
ResNet50,3,c_6_v_(video_84.mp4)_f_93.jpg,c_6,1,0.989809,1
ResNet50,3,c_6_v_(video_89.mp4)_f_177.jpg,c_6,1,0.998627,1
ResNet50,3,c_6_v_(video_89.mp4)_f_340.jpg,c_6,1,0.999240,1
ResNet50,3,c_6_v_(video_89.mp4)_f_511.jpg,c_6,1,0.999556,1
ResNet50,3,c_6_v_(video_90.mp4)_f_212.jpg,c_6,1,0.999713,1
ResNet50,3,c_6_v_(video_90.mp4)_f_684.jpg,c_6,1,0.999824,1
ResNet50,3,c_6_v_(video_95.mp4)_f_173.jpg,c_6,1,0.992068,1
ResNet50,3,c_6_v_(video_95.mp4)_f_226.jpg,c_6,1,0.997574,1
ResNet50,3,c_6_v_(video_96.mp4)_f_84.jpg,c_6,1,0.997833,1
ResNet50,3,c_76_v_(video_2329.mp4)_f_1012.jpg,c_76,1,0.077331,0
ResNet50,3,c_76_v_(video_2329.mp4)_f_59.jpg,c_76,1,0.962186,1
ResNet50,3,c_76_v_(video_2330.mp4)_f_161.jpg,c_76,1,0.758091,1
ResNet50,3,c_76_v_(video_2364.mp4)_f_25.jpg,c_76,1,0.997007,1
ResNet50,3,c_7_v_(video_130.mp4)_f_100.jpg,c_7,1,0.894418,1
ResNet50,3,c_7_v_(video_130.mp4)_f_1233.jpg,c_7,1,0.975482,1
ResNet50,3,c_7_v_(video_130.mp4)_f_1360.jpg,c_7,1,0.965334,1
ResNet50,3,c_7_v_(video_130.mp4)_f_241.jpg,c_7,1,0.676154,1
ResNet50,3,c_7_v_(video_130.mp4)_f_411.jpg,c_7,1,0.162640,0
ResNet50,3,c_7_v_(video_130.mp4)_f_986.jpg,c_7,1,0.975194,1
ResNet50,3,c_7_v_(video_134.mp4)_f_1093.jpg,c_7,1,0.978751,1
ResNet50,3,c_7_v_(video_134.mp4)_f_1716.jpg,c_7,1,0.997024,1
ResNet50,3,c_7_v_(video_134.mp4)_f_2323.jpg,c_7,1,0.990374,1
ResNet50,3,c_93_v_(video_2819.mp4)_f_1744.jpg,c_93,1,0.984069,1
ResNet50,3,c_93_v_(video_2819.mp4)_f_992.jpg,c_93,1,0.997774,1
ResNet50,3,c_93_v_(video_2824.mp4)_f_0.jpg,c_93,1,0.783492,1
ResNet50,3,c_93_v_(video_2824.mp4)_f_116.jpg,c_93,1,0.989290,1
ResNet50,3,c_93_v_(video_2824.mp4)_f_283.jpg,c_93,1,0.995245,1
ResNet50,3,c_93_v_(video_2824.mp4)_f_383.jpg,c_93,1,0.986849,1
ResNet50,3,c_93_v_(video_2824.mp4)_f_436.jpg,c_93,1,0.911962,1
ResNet50,3,c_93_v_(video_2846.mp4)_f_54.jpg,c_93,1,0.994625,1
ResNet50,3,v_3528_s_179-537__f_506.jpg,v_3528_s_179-537,0,0.220111,0
ResNet50,3,v_3528_s_179-537__f_236.jpg,v_3528_s_179-537,0,0.431711,0
ResNet50,3,v_3528_s_179-537__f_191.jpg,v_3528_s_179-537,0,0.523502,1
ResNet50,3,v_3528_s_179-537__f_319.jpg,v_3528_s_179-537,0,0.994863,1
ResNet50,3,v_3528_s_179-537__f_304.jpg,v_3528_s_179-537,0,0.992650,1
ResNet50,3,v_3528_s_179-537__f_293.jpg,v_3528_s_179-537,0,0.984282,1
ResNet50,3,v_3528_s_179-537__f_250.jpg,v_3528_s_179-537,0,0.554350,1
ResNet50,3,v_3528_s_179-537__f_231.jpg,v_3528_s_179-537,0,0.226418,0
ResNet50,3,v_3528_s_179-537__f_525.jpg,v_3528_s_179-537,0,0.144644,0
ResNet50,3,v_3528_s_179-537__f_458.jpg,v_3528_s_179-537,0,0.754578,1
ResNet50,3,v_3528_s_179-537__f_223.jpg,v_3528_s_179-537,0,0.417922,0
ResNet50,3,v_3528_s_179-537__f_481.jpg,v_3528_s_179-537,0,0.503083,1
ResNet50,3,v_3528_s_179-537__f_395.jpg,v_3528_s_179-537,0,0.041207,0
ResNet50,3,v_3528_s_179-537__f_195.jpg,v_3528_s_179-537,0,0.010485,0
ResNet50,3,v_3570_s_1247-1816__f_1361.jpg,v_3570_s_1247-1816,0,0.011356,0
ResNet50,3,v_3570_s_1247-1816__f_1272.jpg,v_3570_s_1247-1816,0,0.003756,0
ResNet50,3,v_3570_s_1247-1816__f_1528.jpg,v_3570_s_1247-1816,0,0.012095,0
ResNet50,3,v_3570_s_1247-1816__f_1497.jpg,v_3570_s_1247-1816,0,0.070296,0
ResNet50,3,v_3570_s_1247-1816__f_1475.jpg,v_3570_s_1247-1816,0,0.047784,0
ResNet50,3,v_3570_s_1247-1816__f_1389.jpg,v_3570_s_1247-1816,0,0.027372,0
ResNet50,3,v_3570_s_1247-1816__f_1351.jpg,v_3570_s_1247-1816,0,0.018376,0
ResNet50,3,v_3570_s_1247-1816__f_1805.jpg,v_3570_s_1247-1816,0,0.003577,0
ResNet50,3,v_3570_s_1247-1816__f_1336.jpg,v_3570_s_1247-1816,0,0.001066,0
ResNet50,3,v_3570_s_1247-1816__f_1679.jpg,v_3570_s_1247-1816,0,0.017373,0
ResNet50,3,v_3570_s_1247-1816__f_1279.jpg,v_3570_s_1247-1816,0,0.008686,0
ResNet50,3,v_3570_s_1247-1816__f_1277.jpg,v_3570_s_1247-1816,0,0.000947,0
ResNet50,3,v_3570_s_1247-1816__f_1342.jpg,v_3570_s_1247-1816,0,0.003479,0
ResNet50,3,v_3570_s_1247-1816__f_1470.jpg,v_3570_s_1247-1816,0,0.056555,0
ResNet50,3,v_3598_s_197-518__f_254.jpg,v_3598_s_197-518,0,0.033521,0
ResNet50,3,v_3598_s_197-518__f_209.jpg,v_3598_s_197-518,0,0.222621,0
ResNet50,3,v_3598_s_197-518__f_337.jpg,v_3598_s_197-518,0,0.127733,0
ResNet50,3,v_3598_s_197-518__f_322.jpg,v_3598_s_197-518,0,0.148339,0
ResNet50,3,v_3598_s_197-518__f_311.jpg,v_3598_s_197-518,0,0.197067,0
ResNet50,3,v_3598_s_197-518__f_268.jpg,v_3598_s_197-518,0,0.009444,0
ResNet50,3,v_3598_s_197-518__f_249.jpg,v_3598_s_197-518,0,0.331110,0
ResNet50,3,v_3598_s_197-518__f_476.jpg,v_3598_s_197-518,0,0.012368,0
ResNet50,3,v_3598_s_197-518__f_241.jpg,v_3598_s_197-518,0,0.610047,1
ResNet50,3,v_3598_s_197-518__f_499.jpg,v_3598_s_197-518,0,0.000026,0
ResNet50,3,v_3598_s_197-518__f_413.jpg,v_3598_s_197-518,0,0.019647,0
ResNet50,3,v_3598_s_197-518__f_213.jpg,v_3598_s_197-518,0,0.713688,1
ResNet50,3,v_3598_s_197-518__f_212.jpg,v_3598_s_197-518,0,0.469582,0
ResNet50,3,v_3598_s_197-518__f_244.jpg,v_3598_s_197-518,0,0.451486,0
ResNet50,3,v_3750_s_80-1904__f_505.jpg,v_3750_s_80-1904,0,0.001563,0
ResNet50,3,v_3750_s_80-1904__f_1207.jpg,v_3750_s_80-1904,0,0.102621,0
ResNet50,3,v_3750_s_80-1904__f_1046.jpg,v_3750_s_80-1904,0,0.003916,0
ResNet50,3,v_3750_s_80-1904__f_714.jpg,v_3750_s_80-1904,0,0.275340,0
ResNet50,3,v_3750_s_80-1904__f_1511.jpg,v_3750_s_80-1904,0,0.564119,1
ResNet50,3,v_3750_s_80-1904__f_1455.jpg,v_3750_s_80-1904,0,0.242087,0
ResNet50,3,v_3750_s_80-1904__f_1415.jpg,v_3750_s_80-1904,0,0.018613,0
ResNet50,3,v_3750_s_80-1904__f_1259.jpg,v_3750_s_80-1904,0,0.011382,0
ResNet50,3,v_3750_s_80-1904__f_704.jpg,v_3750_s_80-1904,0,0.029249,0
ResNet50,3,v_3750_s_80-1904__f_119.jpg,v_3750_s_80-1904,0,0.237510,0
ResNet50,3,v_3750_s_80-1904__f_581.jpg,v_3750_s_80-1904,0,0.133068,0
ResNet50,3,v_3750_s_80-1904__f_712.jpg,v_3750_s_80-1904,0,0.201901,0
ResNet50,3,v_3750_s_80-1904__f_312.jpg,v_3750_s_80-1904,0,0.086770,0
ResNet50,3,v_3750_s_80-1904__f_1161.jpg,v_3750_s_80-1904,0,0.069364,0
ResNet50,4,c_135_v_(video_4058.mp4)_f_1.jpg,c_135,1,0.994559,1
ResNet50,4,c_135_v_(video_4079.mp4)_f_229.jpg,c_135,1,0.000177,0
ResNet50,4,c_13_v_(video_391.mp4)_f_226.jpg,c_13,1,0.961636,1
ResNet50,4,c_144_v_(video_4371.mp4)_f_66.jpg,c_144,1,0.999556,1
ResNet50,4,c_144_v_(video_4371.mp4)_f_872.jpg,c_144,1,0.997687,1
ResNet50,4,c_144_v_(video_4374.mp4)_f_2517.jpg,c_144,1,0.996307,1
ResNet50,4,c_144_v_(video_4374.mp4)_f_2771.jpg,c_144,1,0.998129,1
ResNet50,4,c_149_v_(video_4479.mp4)_f_1577.jpg,c_149,1,0.943996,1
ResNet50,4,c_149_v_(video_4479.mp4)_f_3137.jpg,c_149,1,0.998609,1
ResNet50,4,c_150_v_(video_4517.mp4)_f_109.jpg,c_150,1,0.998261,1
ResNet50,4,c_150_v_(video_4518.mp4)_f_28.jpg,c_150,1,0.999543,1
ResNet50,4,c_150_v_(video_4520.mp4)_f_132.jpg,c_150,1,0.999358,1
ResNet50,4,c_162_v_(video_4957.mp4)_f_230.jpg,c_162,1,0.999990,1
ResNet50,4,c_169_v_(video_5210.mp4)_f_102.jpg,c_169,1,0.999965,1
ResNet50,4,c_169_v_(video_5211.mp4)_f_104.jpg,c_169,1,0.999954,1
ResNet50,4,c_170_v_(video_5222.mp4)_f_64.jpg,c_170,1,0.101057,0
ResNet50,4,c_172_v_(video_5281.mp4)_f_1193.jpg,c_172,1,1.000000,1
ResNet50,4,c_172_v_(video_5281.mp4)_f_484.jpg,c_172,1,0.958445,1
ResNet50,4,c_28_v_(video_903.mp4)_f_1330.jpg,c_28,1,0.999440,1
ResNet50,4,c_28_v_(video_903.mp4)_f_1635.jpg,c_28,1,0.999964,1
ResNet50,4,c_28_v_(video_903.mp4)_f_1761.jpg,c_28,1,0.092064,0
ResNet50,4,c_28_v_(video_903.mp4)_f_330.jpg,c_28,1,0.999993,1
ResNet50,4,c_28_v_(video_903.mp4)_f_627.jpg,c_28,1,0.999965,1
ResNet50,4,c_28_v_(video_903.mp4)_f_853.jpg,c_28,1,0.963247,1
ResNet50,4,c_28_v_(video_905.mp4)_f_53.jpg,c_28,1,1.000000,1
ResNet50,4,c_28_v_(video_907.mp4)_f_73.jpg,c_28,1,0.999997,1
ResNet50,4,c_28_v_(video_934.mp4)_f_288.jpg,c_28,1,0.999759,1
ResNet50,4,c_295_v_(video_9755.mp4)_f_3595.jpg,c_295,1,0.996844,1
ResNet50,4,c_38_v_(video_1253.mp4)_f_1117.jpg,c_38,1,0.974173,1
ResNet50,4,c_43_v_(video_1363.mp4)_f_1062.jpg,c_43,1,0.999974,1
ResNet50,4,c_43_v_(video_1363.mp4)_f_2080.jpg,c_43,1,0.999917,1
ResNet50,4,c_43_v_(video_1363.mp4)_f_778.jpg,c_43,1,0.999979,1
ResNet50,4,c_43_v_(video_1364.mp4)_f_495.jpg,c_43,1,0.999974,1
ResNet50,4,c_43_v_(video_1366.mp4)_f_0.jpg,c_43,1,0.999938,1
ResNet50,4,c_45_v_(video_1386.mp4)_f_563.jpg,c_45,1,0.999939,1
ResNet50,4,c_45_v_(video_1386.mp4)_f_622.jpg,c_45,1,0.999947,1
ResNet50,4,c_45_v_(video_1386.mp4)_f_753.jpg,c_45,1,0.999967,1
ResNet50,4,c_45_v_(video_1396.mp4)_f_1483.jpg,c_45,1,1.000000,1
ResNet50,4,c_45_v_(video_1396.mp4)_f_2895.jpg,c_45,1,0.999990,1
ResNet50,4,c_45_v_(video_1396.mp4)_f_3007.jpg,c_45,1,0.999642,1
ResNet50,4,c_45_v_(video_1396.mp4)_f_408.jpg,c_45,1,0.998769,1
ResNet50,4,c_46_v_(video_1405.mp4)_f_299.jpg,c_46,1,0.954593,1
ResNet50,4,c_46_v_(video_1405.mp4)_f_36.jpg,c_46,1,0.374460,0
ResNet50,4,c_46_v_(video_1405.mp4)_f_568.jpg,c_46,1,0.932269,1
ResNet50,4,c_46_v_(video_1406.mp4)_f_108.jpg,c_46,1,0.994345,1
ResNet50,4,c_46_v_(video_1406.mp4)_f_209.jpg,c_46,1,0.996913,1
ResNet50,4,c_46_v_(video_1406.mp4)_f_426.jpg,c_46,1,0.463290,0
ResNet50,4,c_46_v_(video_1406.mp4)_f_81.jpg,c_46,1,0.984179,1
ResNet50,4,c_49_v_(video_1561.mp4)_f_1248.jpg,c_49,1,0.999997,1
ResNet50,4,c_49_v_(video_1561.mp4)_f_1299.jpg,c_49,1,0.999972,1
ResNet50,4,c_49_v_(video_1561.mp4)_f_141.jpg,c_49,1,0.999856,1
ResNet50,4,c_49_v_(video_1561.mp4)_f_202.jpg,c_49,1,0.997968,1
ResNet50,4,c_49_v_(video_1561.mp4)_f_334.jpg,c_49,1,0.998582,1
ResNet50,4,c_49_v_(video_1561.mp4)_f_411.jpg,c_49,1,0.998917,1
ResNet50,4,c_63_v_(video_2060.mp4)_f_0.jpg,c_63,1,0.974971,1
ResNet50,4,c_72_v_(video_2199.mp4)_f_0.jpg,c_72,1,0.952577,1
ResNet50,4,c_79_v_(video_2401.mp4)_f_210.jpg,c_79,1,0.999932,1
ResNet50,4,c_79_v_(video_2403.mp4)_f_1001.jpg,c_79,1,0.999755,1
ResNet50,4,c_79_v_(video_2404.mp4)_f_688.jpg,c_79,1,0.993852,1
ResNet50,4,c_79_v_(video_2405.mp4)_f_42.jpg,c_79,1,0.999895,1
ResNet50,4,c_86_v_(video_2617.mp4)_f_177.jpg,c_86,1,0.999990,1
ResNet50,4,c_86_v_(video_2638.mp4)_f_150.jpg,c_86,1,0.999970,1
ResNet50,4,c_92_v_(video_2749.mp4)_f_25.jpg,c_92,1,0.988084,1
ResNet50,4,c_92_v_(video_2787.mp4)_f_199.jpg,c_92,1,0.999986,1
ResNet50,4,c_92_v_(video_2787.mp4)_f_462.jpg,c_92,1,0.999952,1
ResNet50,4,c_99_v_(video_2998.mp4)_f_256.jpg,c_99,1,0.998748,1
ResNet50,4,c_99_v_(video_2998.mp4)_f_73.jpg,c_99,1,0.997657,1
ResNet50,4,c_99_v_(video_3000.mp4)_f_51.jpg,c_99,1,0.021399,0
ResNet50,4,c_99_v_(video_3006.mp4)_f_102.jpg,c_99,1,0.999297,1
ResNet50,4,c_99_v_(video_3041.mp4)_f_0.jpg,c_99,1,0.999976,1
ResNet50,4,v_2690_s_154-252__f_235.jpg,v_2690_s_154-252,0,0.000338,0
ResNet50,4,v_2690_s_154-252__f_168.jpg,v_2690_s_154-252,0,0.000088,0
ResNet50,4,v_2690_s_154-252__f_157.jpg,v_2690_s_154-252,0,0.000008,0
ResNet50,4,v_2690_s_154-252__f_248.jpg,v_2690_s_154-252,0,0.003216,0
ResNet50,4,v_2690_s_154-252__f_189.jpg,v_2690_s_154-252,0,0.000079,0
ResNet50,4,v_2690_s_154-252__f_185.jpg,v_2690_s_154-252,0,0.000021,0
ResNet50,4,v_2690_s_154-252__f_182.jpg,v_2690_s_154-252,0,0.000205,0
ResNet50,4,v_2690_s_154-252__f_171.jpg,v_2690_s_154-252,0,0.000427,0
ResNet50,4,v_2690_s_154-252__f_167.jpg,v_2690_s_154-252,0,0.000089,0
ResNet50,4,v_2690_s_154-252__f_240.jpg,v_2690_s_154-252,0,0.000146,0
ResNet50,4,v_2690_s_154-252__f_223.jpg,v_2690_s_154-252,0,0.000182,0
ResNet50,4,v_2690_s_154-252__f_165.jpg,v_2690_s_154-252,0,0.000912,0
ResNet50,4,v_2690_s_154-252__f_229.jpg,v_2690_s_154-252,0,0.000451,0
ResNet50,4,v_2690_s_154-252__f_208.jpg,v_2690_s_154-252,0,0.000000,0
ResNet50,4,v_4466_s_0-186__f_79.jpg,v_4466_s_0-186,0,0.000031,0
ResNet50,4,v_4466_s_0-186__f_123.jpg,v_4466_s_0-186,0,0.000005,0
ResNet50,4,v_4466_s_0-186__f_103.jpg,v_4466_s_0-186,0,0.000006,0
ResNet50,4,v_4466_s_0-186__f_161.jpg,v_4466_s_0-186,0,0.000007,0
ResNet50,4,v_4466_s_0-186__f_154.jpg,v_4466_s_0-186,0,0.000008,0
ResNet50,4,v_4466_s_0-186__f_15.jpg,v_4466_s_0-186,0,0.000131,0
ResNet50,4,v_4466_s_0-186__f_13.jpg,v_4466_s_0-186,0,0.010611,0
ResNet50,4,v_4466_s_0-186__f_121.jpg,v_4466_s_0-186,0,0.000001,0
ResNet50,4,v_4466_s_0-186__f_88.jpg,v_4466_s_0-186,0,0.000001,0
ResNet50,4,v_4466_s_0-186__f_57.jpg,v_4466_s_0-186,0,0.000024,0
ResNet50,4,v_4466_s_0-186__f_118.jpg,v_4466_s_0-186,0,0.000001,0
ResNet50,4,v_4466_s_0-186__f_68.jpg,v_4466_s_0-186,0,0.000182,0
ResNet50,4,v_4466_s_0-186__f_29.jpg,v_4466_s_0-186,0,0.000114,0
ResNet50,4,v_4466_s_0-186__f_105.jpg,v_4466_s_0-186,0,0.000002,0
ResNet50,4,v_4581_s_0-342__f_86.jpg,v_4581_s_0-342,0,0.079862,0
ResNet50,4,v_4581_s_0-342__f_15.jpg,v_4581_s_0-342,0,0.108430,0
ResNet50,4,v_4581_s_0-342__f_109.jpg,v_4581_s_0-342,0,0.517519,1
ResNet50,4,v_4581_s_0-342__f_224.jpg,v_4581_s_0-342,0,0.000947,0
ResNet50,4,v_4581_s_0-342__f_210.jpg,v_4581_s_0-342,0,0.053027,0
ResNet50,4,v_4581_s_0-342__f_200.jpg,v_4581_s_0-342,0,0.020019,0
ResNet50,4,v_4581_s_0-342__f_162.jpg,v_4581_s_0-342,0,0.520532,1
ResNet50,4,v_4581_s_0-342__f_145.jpg,v_4581_s_0-342,0,0.747319,1
ResNet50,4,v_4581_s_0-342__f_42.jpg,v_4581_s_0-342,0,0.290504,0
ResNet50,4,v_4581_s_0-342__f_138.jpg,v_4581_s_0-342,0,0.432573,0
ResNet50,4,v_4581_s_0-342__f_63.jpg,v_4581_s_0-342,0,0.490357,0
ResNet50,4,v_4581_s_0-342__f_293.jpg,v_4581_s_0-342,0,0.004558,0
ResNet50,4,v_4581_s_0-342__f_112.jpg,v_4581_s_0-342,0,0.516373,1
ResNet50,4,v_4581_s_0-342__f_111.jpg,v_4581_s_0-342,0,0.426942,0
ResNet50,4,v_4763_s_30-2507__f_1414.jpg,v_4763_s_30-2507,0,0.000010,0
ResNet50,4,v_4763_s_30-2507__f_1092.jpg,v_4763_s_30-2507,0,0.000005,0
ResNet50,4,v_4763_s_30-2507__f_2023.jpg,v_4763_s_30-2507,0,0.948235,1
ResNet50,4,v_4763_s_30-2507__f_1911.jpg,v_4763_s_30-2507,0,0.917039,1
ResNet50,4,v_4763_s_30-2507__f_1830.jpg,v_4763_s_30-2507,0,0.948731,1
ResNet50,4,v_4763_s_30-2507__f_1519.jpg,v_4763_s_30-2507,0,0.086754,0
ResNet50,4,v_4763_s_30-2507__f_1380.jpg,v_4763_s_30-2507,0,0.000061,0
ResNet50,4,v_4763_s_30-2507__f_778.jpg,v_4763_s_30-2507,0,0.000406,0
ResNet50,4,v_4763_s_30-2507__f_1323.jpg,v_4763_s_30-2507,0,0.003221,0
ResNet50,4,v_4763_s_30-2507__f_946.jpg,v_4763_s_30-2507,0,0.006007,0
ResNet50,4,v_4763_s_30-2507__f_319.jpg,v_4763_s_30-2507,0,0.000013,0
ResNet50,4,v_4763_s_30-2507__f_1118.jpg,v_4763_s_30-2507,0,0.000001,0
ResNet50,4,v_4763_s_30-2507__f_1110.jpg,v_4763_s_30-2507,0,0.000038,0
ResNet50,4,v_4763_s_30-2507__f_1348.jpg,v_4763_s_30-2507,0,0.000104,0
EfficientNet-B0,0,c_108_v_(video_3312.mp4)_f_619.jpg,c_108,1,0.990598,1
EfficientNet-B0,0,c_14_v_(video_400.mp4)_f_810.jpg,c_14,1,0.985758,1
EfficientNet-B0,0,c_14_v_(video_401.mp4)_f_253.jpg,c_14,1,0.967069,1
EfficientNet-B0,0,c_14_v_(video_401.mp4)_f_90.jpg,c_14,1,0.971288,1
EfficientNet-B0,0,c_14_v_(video_401.mp4)_f_910.jpg,c_14,1,0.966324,1
EfficientNet-B0,0,c_14_v_(video_422.mp4)_f_59.jpg,c_14,1,0.994775,1
EfficientNet-B0,0,c_14_v_(video_425.mp4)_f_118.jpg,c_14,1,0.970753,1
EfficientNet-B0,0,c_157_v_(video_4727.mp4)_f_0.jpg,c_157,1,0.982808,1
EfficientNet-B0,0,c_159_v_(video_4770.mp4)_f_4585.jpg,c_159,1,0.829420,1
EfficientNet-B0,0,c_165_v_(video_5033.mp4)_f_19.jpg,c_165,1,0.857230,1
EfficientNet-B0,0,c_165_v_(video_5033.mp4)_f_547.jpg,c_165,1,0.880984,1
EfficientNet-B0,0,c_165_v_(video_5035.mp4)_f_13.jpg,c_165,1,0.990648,1
EfficientNet-B0,0,c_165_v_(video_5037.mp4)_f_1790.jpg,c_165,1,0.993121,1
EfficientNet-B0,0,c_165_v_(video_5038.mp4)_f_161.jpg,c_165,1,0.994306,1
EfficientNet-B0,0,c_165_v_(video_5046.mp4)_f_117.jpg,c_165,1,0.973468,1
EfficientNet-B0,0,c_165_v_(video_5046.mp4)_f_180.jpg,c_165,1,0.997910,1
EfficientNet-B0,0,c_165_v_(video_5046.mp4)_f_962.jpg,c_165,1,0.962911,1
EfficientNet-B0,0,c_17_v_(video_481.mp4)_f_1292.jpg,c_17,1,0.995673,1
EfficientNet-B0,0,c_188_v_(video_5701.mp4)_f_226.jpg,c_188,1,0.992642,1
EfficientNet-B0,0,c_189_v_(video_5727.mp4)_f_14.jpg,c_189,1,0.987267,1
EfficientNet-B0,0,c_21_v_(video_605.mp4)_f_79.jpg,c_21,1,0.786402,1
EfficientNet-B0,0,c_21_v_(video_607.mp4)_f_46.jpg,c_21,1,0.426762,0
EfficientNet-B0,0,c_23_v_(video_672.mp4)_f_1006.jpg,c_23,1,0.959294,1
EfficientNet-B0,0,c_23_v_(video_672.mp4)_f_1268.jpg,c_23,1,0.912540,1
EfficientNet-B0,0,c_23_v_(video_672.mp4)_f_13.jpg,c_23,1,0.526182,1
EfficientNet-B0,0,c_23_v_(video_672.mp4)_f_195.jpg,c_23,1,0.974749,1
EfficientNet-B0,0,c_23_v_(video_672.mp4)_f_256.jpg,c_23,1,0.981064,1
EfficientNet-B0,0,c_23_v_(video_672.mp4)_f_397.jpg,c_23,1,0.914902,1
EfficientNet-B0,0,c_23_v_(video_672.mp4)_f_778.jpg,c_23,1,0.993873,1
EfficientNet-B0,0,c_23_v_(video_674.mp4)_f_1579.jpg,c_23,1,0.999516,1
EfficientNet-B0,0,c_23_v_(video_674.mp4)_f_41.jpg,c_23,1,0.976509,1
EfficientNet-B0,0,c_23_v_(video_674.mp4)_f_837.jpg,c_23,1,0.964251,1
EfficientNet-B0,0,c_23_v_(video_674.mp4)_f_870.jpg,c_23,1,0.928597,1
EfficientNet-B0,0,c_27_v_(video_829.mp4)_f_0.jpg,c_27,1,0.913450,1
EfficientNet-B0,0,c_31_v_(video_1002.mp4)_f_499.jpg,c_31,1,0.974275,1
EfficientNet-B0,0,c_31_v_(video_1002.mp4)_f_91.jpg,c_31,1,0.991176,1
EfficientNet-B0,0,c_31_v_(video_1004.mp4)_f_869.jpg,c_31,1,0.973009,1
EfficientNet-B0,0,c_31_v_(video_993.mp4)_f_75.jpg,c_31,1,0.970235,1
EfficientNet-B0,0,c_31_v_(video_997.mp4)_f_161.jpg,c_31,1,0.893659,1
EfficientNet-B0,0,c_31_v_(video_998.mp4)_f_85.jpg,c_31,1,0.974662,1
EfficientNet-B0,0,c_34_v_(video_1099.mp4)_f_261.jpg,c_34,1,0.967577,1
EfficientNet-B0,0,c_34_v_(video_1099.mp4)_f_5.jpg,c_34,1,0.766350,1
EfficientNet-B0,0,c_42_v_(video_1320.mp4)_f_565.jpg,c_42,1,0.987879,1
EfficientNet-B0,0,c_42_v_(video_1320.mp4)_f_653.jpg,c_42,1,0.997109,1
EfficientNet-B0,0,c_42_v_(video_1322.mp4)_f_276.jpg,c_42,1,0.996182,1
EfficientNet-B0,0,c_42_v_(video_1322.mp4)_f_471.jpg,c_42,1,0.997941,1
EfficientNet-B0,0,c_42_v_(video_1322.mp4)_f_624.jpg,c_42,1,0.999678,1
EfficientNet-B0,0,c_42_v_(video_1323.mp4)_f_183.jpg,c_42,1,0.998433,1
EfficientNet-B0,0,c_5_v_(video_62.mp4)_f_681.jpg,c_5,1,0.984165,1
EfficientNet-B0,0,c_5_v_(video_64.mp4)_f_712.jpg,c_5,1,0.970045,1
EfficientNet-B0,0,c_5_v_(video_66.mp4)_f_1754.jpg,c_5,1,0.985213,1
EfficientNet-B0,0,c_5_v_(video_66.mp4)_f_3.jpg,c_5,1,0.933861,1
EfficientNet-B0,0,c_61_v_(video_1990.mp4)_f_194.jpg,c_61,1,0.993613,1
EfficientNet-B0,0,c_61_v_(video_1991.mp4)_f_140.jpg,c_61,1,0.996130,1
EfficientNet-B0,0,c_61_v_(video_1991.mp4)_f_83.jpg,c_61,1,0.967130,1
EfficientNet-B0,0,c_82_v_(video_2507.mp4)_f_2154.jpg,c_82,1,0.996888,1
EfficientNet-B0,0,c_97_v_(video_2912.mp4)_f_71.jpg,c_97,1,0.581612,1
EfficientNet-B0,0,c_97_v_(video_2915.mp4)_f_114.jpg,c_97,1,0.957932,1
EfficientNet-B0,0,c_97_v_(video_2915.mp4)_f_16.jpg,c_97,1,0.963549,1
EfficientNet-B0,0,c_9_v_(video_168.mp4)_f_1146.jpg,c_9,1,0.504096,1
EfficientNet-B0,0,c_9_v_(video_168.mp4)_f_2210.jpg,c_9,1,0.956925,1
EfficientNet-B0,0,c_9_v_(video_168.mp4)_f_515.jpg,c_9,1,0.869903,1
EfficientNet-B0,0,c_9_v_(video_168.mp4)_f_517.jpg,c_9,1,0.789437,1
EfficientNet-B0,0,c_9_v_(video_168.mp4)_f_670.jpg,c_9,1,0.907395,1
EfficientNet-B0,0,c_9_v_(video_169.mp4)_f_79.jpg,c_9,1,0.258014,0
EfficientNet-B0,0,c_9_v_(video_170.mp4)_f_111.jpg,c_9,1,0.989298,1
EfficientNet-B0,0,c_9_v_(video_172.mp4)_f_0.jpg,c_9,1,0.989437,1
EfficientNet-B0,0,v_2507_s_0-853__f_688.jpg,v_2507_s_0-853,0,0.829817,1
EfficientNet-B0,0,v_2507_s_0-853__f_200.jpg,v_2507_s_0-853,0,0.299706,0
EfficientNet-B0,0,v_2507_s_0-853__f_120.jpg,v_2507_s_0-853,0,0.613175,1
EfficientNet-B0,0,v_2507_s_0-853__f_782.jpg,v_2507_s_0-853,0,0.940517,1
EfficientNet-B0,0,v_2507_s_0-853__f_351.jpg,v_2507_s_0-853,0,0.835834,1
EfficientNet-B0,0,v_2507_s_0-853__f_323.jpg,v_2507_s_0-853,0,0.910740,1
EfficientNet-B0,0,v_2507_s_0-853__f_303.jpg,v_2507_s_0-853,0,0.358264,0
EfficientNet-B0,0,v_2507_s_0-853__f_226.jpg,v_2507_s_0-853,0,0.352419,0
EfficientNet-B0,0,v_2507_s_0-853__f_778.jpg,v_2507_s_0-853,0,0.949580,1
EfficientNet-B0,0,v_2507_s_0-853__f_192.jpg,v_2507_s_0-853,0,0.571173,1
EfficientNet-B0,0,v_2507_s_0-853__f_721.jpg,v_2507_s_0-853,0,0.916616,1
EfficientNet-B0,0,v_2507_s_0-853__f_781.jpg,v_2507_s_0-853,0,0.906738,1
EfficientNet-B0,0,v_2507_s_0-853__f_600.jpg,v_2507_s_0-853,0,0.794443,1
EfficientNet-B0,0,v_2507_s_0-853__f_179.jpg,v_2507_s_0-853,0,0.634363,1
EfficientNet-B0,0,v_3315_s_1-237__f_33.jpg,v_3315_s_1-237,0,0.080305,0
EfficientNet-B0,0,v_3315_s_1-237__f_124.jpg,v_3315_s_1-237,0,0.273907,0
EfficientNet-B0,0,v_3315_s_1-237__f_104.jpg,v_3315_s_1-237,0,0.131040,0
EfficientNet-B0,0,v_3315_s_1-237__f_57.jpg,v_3315_s_1-237,0,0.092522,0
EfficientNet-B0,0,v_3315_s_1-237__f_162.jpg,v_3315_s_1-237,0,0.119525,0
EfficientNet-B0,0,v_3315_s_1-237__f_155.jpg,v_3315_s_1-237,0,0.149309,0
EfficientNet-B0,0,v_3315_s_1-237__f_150.jpg,v_3315_s_1-237,0,0.084861,0
EfficientNet-B0,0,v_3315_s_1-237__f_130.jpg,v_3315_s_1-237,0,0.254250,0
EfficientNet-B0,0,v_3315_s_1-237__f_56.jpg,v_3315_s_1-237,0,0.107851,0
EfficientNet-B0,0,v_3315_s_1-237__f_122.jpg,v_3315_s_1-237,0,0.340859,0
EfficientNet-B0,0,v_3315_s_1-237__f_42.jpg,v_3315_s_1-237,0,0.275041,0
EfficientNet-B0,0,v_3315_s_1-237__f_96.jpg,v_3315_s_1-237,0,0.079749,0
EfficientNet-B0,0,v_3315_s_1-237__f_224.jpg,v_3315_s_1-237,0,0.349464,0
EfficientNet-B0,0,v_3315_s_1-237__f_119.jpg,v_3315_s_1-237,0,0.124359,0
EfficientNet-B0,0,v_3712_s_949-1095__f_1028.jpg,v_3712_s_949-1095,0,0.653638,1
EfficientNet-B0,0,v_3712_s_949-1095__f_1006.jpg,v_3712_s_949-1095,0,0.675266,1
EfficientNet-B0,0,v_3712_s_949-1095__f_1070.jpg,v_3712_s_949-1095,0,0.702911,1
EfficientNet-B0,0,v_3712_s_949-1095__f_1062.jpg,v_3712_s_949-1095,0,0.414067,0
EfficientNet-B0,0,v_3712_s_949-1095__f_1057.jpg,v_3712_s_949-1095,0,0.439155,0
EfficientNet-B0,0,v_3712_s_949-1095__f_1035.jpg,v_3712_s_949-1095,0,0.289124,0
EfficientNet-B0,0,v_3712_s_949-1095__f_1026.jpg,v_3712_s_949-1095,0,0.453243,0
EfficientNet-B0,0,v_3712_s_949-1095__f_1022.jpg,v_3712_s_949-1095,0,0.347770,0
EfficientNet-B0,0,v_3712_s_949-1095__f_962.jpg,v_3712_s_949-1095,0,0.473709,0
EfficientNet-B0,0,v_3712_s_949-1095__f_1008.jpg,v_3712_s_949-1095,0,0.502449,1
EfficientNet-B0,0,v_3712_s_949-1095__f_1007.jpg,v_3712_s_949-1095,0,0.576777,1
EfficientNet-B0,0,v_3712_s_949-1095__f_1023.jpg,v_3712_s_949-1095,0,0.484734,0
EfficientNet-B0,0,v_3712_s_949-1095__f_1055.jpg,v_3712_s_949-1095,0,0.538808,1
EfficientNet-B0,0,v_3712_s_949-1095__f_1059.jpg,v_3712_s_949-1095,0,0.219480,0
EfficientNet-B0,0,v_4761_s_0-354__f_75.jpg,v_4761_s_0-354,0,0.039322,0
EfficientNet-B0,0,v_4761_s_0-354__f_15.jpg,v_4761_s_0-354,0,0.031906,0
EfficientNet-B0,0,v_4761_s_0-354__f_109.jpg,v_4761_s_0-354,0,0.021603,0
EfficientNet-B0,0,v_4761_s_0-354__f_224.jpg,v_4761_s_0-354,0,0.014482,0
EfficientNet-B0,0,v_4761_s_0-354__f_210.jpg,v_4761_s_0-354,0,0.019614,0
EfficientNet-B0,0,v_4761_s_0-354__f_200.jpg,v_4761_s_0-354,0,0.059932,0
EfficientNet-B0,0,v_4761_s_0-354__f_162.jpg,v_4761_s_0-354,0,0.060244,0
EfficientNet-B0,0,v_4761_s_0-354__f_145.jpg,v_4761_s_0-354,0,0.037059,0
EfficientNet-B0,0,v_4761_s_0-354__f_35.jpg,v_4761_s_0-354,0,0.020291,0
EfficientNet-B0,0,v_4761_s_0-354__f_138.jpg,v_4761_s_0-354,0,0.026026,0
EfficientNet-B0,0,v_4761_s_0-354__f_52.jpg,v_4761_s_0-354,0,0.028336,0
EfficientNet-B0,0,v_4761_s_0-354__f_293.jpg,v_4761_s_0-354,0,0.020010,0
EfficientNet-B0,0,v_4761_s_0-354__f_112.jpg,v_4761_s_0-354,0,0.021776,0
EfficientNet-B0,0,v_4761_s_0-354__f_111.jpg,v_4761_s_0-354,0,0.023013,0
EfficientNet-B0,0,v_4770_s_2421-2463__f_2461.jpg,v_4770_s_2421-2463,0,0.665236,1
EfficientNet-B0,0,v_4770_s_2421-2463__f_2428.jpg,v_4770_s_2421-2463,0,0.846747,1
EfficientNet-B0,0,v_4770_s_2421-2463__f_2422.jpg,v_4770_s_2421-2463,0,0.811287,1
EfficientNet-B0,0,v_4770_s_2421-2463__f_2438.jpg,v_4770_s_2421-2463,0,0.688236,1
EfficientNet-B0,0,v_4770_s_2421-2463__f_2436.jpg,v_4770_s_2421-2463,0,0.480292,0
EfficientNet-B0,0,v_4770_s_2421-2463__f_2435.jpg,v_4770_s_2421-2463,0,0.655306,1
EfficientNet-B0,0,v_4770_s_2421-2463__f_2429.jpg,v_4770_s_2421-2463,0,0.685383,1
EfficientNet-B0,0,v_4770_s_2421-2463__f_2427.jpg,v_4770_s_2421-2463,0,0.529755,1
EfficientNet-B0,0,v_4770_s_2421-2463__f_2426.jpg,v_4770_s_2421-2463,0,0.767367,1
EfficientNet-B0,0,v_4770_s_2421-2463__f_2448.jpg,v_4770_s_2421-2463,0,0.775422,1
EfficientNet-B0,0,v_4770_s_2421-2463__f_2423.jpg,v_4770_s_2421-2463,0,0.892402,1
EfficientNet-B0,0,v_4770_s_2421-2463__f_2421.jpg,v_4770_s_2421-2463,0,0.812166,1
EfficientNet-B0,0,v_4770_s_2421-2463__f_2452.jpg,v_4770_s_2421-2463,0,0.485456,0
EfficientNet-B0,0,v_4770_s_2421-2463__f_2455.jpg,v_4770_s_2421-2463,0,0.583305,1
EfficientNet-B0,0,v_4770_s_30-361__f_96.jpg,v_4770_s_30-361,0,0.036933,0
EfficientNet-B0,0,v_4770_s_30-361__f_157.jpg,v_4770_s_30-361,0,0.057734,0
EfficientNet-B0,0,v_4770_s_30-361__f_112.jpg,v_4770_s_30-361,0,0.021776,0
EfficientNet-B0,0,v_4770_s_30-361__f_240.jpg,v_4770_s_30-361,0,0.016768,0
EfficientNet-B0,0,v_4770_s_30-361__f_225.jpg,v_4770_s_30-361,0,0.011781,0
EfficientNet-B0,0,v_4770_s_30-361__f_214.jpg,v_4770_s_30-361,0,0.017046,0
EfficientNet-B0,0,v_4770_s_30-361__f_171.jpg,v_4770_s_30-361,0,0.047882,0
EfficientNet-B0,0,v_4770_s_30-361__f_152.jpg,v_4770_s_30-361,0,0.065124,0
EfficientNet-B0,0,v_4770_s_30-361__f_48.jpg,v_4770_s_30-361,0,0.031532,0
EfficientNet-B0,0,v_4770_s_30-361__f_144.jpg,v_4770_s_30-361,0,0.033881,0
EfficientNet-B0,0,v_4770_s_30-361__f_71.jpg,v_4770_s_30-361,0,0.025436,0
EfficientNet-B0,0,v_4770_s_30-361__f_314.jpg,v_4770_s_30-361,0,0.010125,0
EfficientNet-B0,0,v_4770_s_30-361__f_116.jpg,v_4770_s_30-361,0,0.024437,0
EfficientNet-B0,1,c_105_v_(video_3214.mp4)_f_2954.jpg,c_105,1,0.991834,1
EfficientNet-B0,1,c_10_v_(video_182.mp4)_f_494.jpg,c_10,1,0.996473,1
EfficientNet-B0,1,c_10_v_(video_184.mp4)_f_22.jpg,c_10,1,0.998869,1
EfficientNet-B0,1,c_10_v_(video_185.mp4)_f_112.jpg,c_10,1,0.998399,1
EfficientNet-B0,1,c_10_v_(video_185.mp4)_f_176.jpg,c_10,1,0.998383,1
EfficientNet-B0,1,c_10_v_(video_186.mp4)_f_200.jpg,c_10,1,0.991979,1
EfficientNet-B0,1,c_10_v_(video_188.mp4)_f_455.jpg,c_10,1,0.829358,1
EfficientNet-B0,1,c_12_v_(video_364.mp4)_f_253.jpg,c_12,1,0.994324,1
EfficientNet-B0,1,c_12_v_(video_365.mp4)_f_174.jpg,c_12,1,0.998247,1
EfficientNet-B0,1,c_12_v_(video_365.mp4)_f_49.jpg,c_12,1,0.965605,1
EfficientNet-B0,1,c_12_v_(video_368.mp4)_f_167.jpg,c_12,1,0.895727,1
EfficientNet-B0,1,c_12_v_(video_368.mp4)_f_261.jpg,c_12,1,0.927854,1
EfficientNet-B0,1,c_12_v_(video_370.mp4)_f_25.jpg,c_12,1,0.999236,1
EfficientNet-B0,1,c_12_v_(video_370.mp4)_f_67.jpg,c_12,1,0.986256,1
EfficientNet-B0,1,c_137_v_(video_4143.mp4)_f_1016.jpg,c_137,1,0.859056,1
EfficientNet-B0,1,c_137_v_(video_4143.mp4)_f_427.jpg,c_137,1,0.995087,1
EfficientNet-B0,1,c_137_v_(video_4143.mp4)_f_639.jpg,c_137,1,0.868856,1
EfficientNet-B0,1,c_141_v_(video_4253.mp4)_f_205.jpg,c_141,1,0.994816,1
EfficientNet-B0,1,c_141_v_(video_4253.mp4)_f_386.jpg,c_141,1,0.992698,1
EfficientNet-B0,1,c_141_v_(video_4253.mp4)_f_55.jpg,c_141,1,0.995404,1
EfficientNet-B0,1,c_141_v_(video_4254.mp4)_f_324.jpg,c_141,1,0.998312,1
EfficientNet-B0,1,c_141_v_(video_4254.mp4)_f_5.jpg,c_141,1,0.994354,1
EfficientNet-B0,1,c_141_v_(video_4257.mp4)_f_115.jpg,c_141,1,0.998311,1
EfficientNet-B0,1,c_141_v_(video_4257.mp4)_f_212.jpg,c_141,1,0.998685,1
EfficientNet-B0,1,c_141_v_(video_4257.mp4)_f_272.jpg,c_141,1,0.999456,1
EfficientNet-B0,1,c_141_v_(video_4299.mp4)_f_29.jpg,c_141,1,0.998814,1
EfficientNet-B0,1,c_168_v_(video_5163.mp4)_f_264.jpg,c_168,1,0.997570,1
EfficientNet-B0,1,c_16_v_(video_467.mp4)_f_184.jpg,c_16,1,0.928828,1
EfficientNet-B0,1,c_16_v_(video_471.mp4)_f_220.jpg,c_16,1,0.998503,1
EfficientNet-B0,1,c_174_v_(video_5312.mp4)_f_1125.jpg,c_174,1,0.040706,0
EfficientNet-B0,1,c_174_v_(video_5312.mp4)_f_1319.jpg,c_174,1,0.334739,0
EfficientNet-B0,1,c_24_v_(video_693.mp4)_f_136.jpg,c_24,1,0.378068,0
EfficientNet-B0,1,c_24_v_(video_693.mp4)_f_1495.jpg,c_24,1,0.613247,1
EfficientNet-B0,1,c_24_v_(video_693.mp4)_f_1606.jpg,c_24,1,0.979556,1
EfficientNet-B0,1,c_24_v_(video_693.mp4)_f_1630.jpg,c_24,1,0.178426,0
EfficientNet-B0,1,c_24_v_(video_693.mp4)_f_1697.jpg,c_24,1,0.946605,1
EfficientNet-B0,1,c_24_v_(video_695.mp4)_f_166.jpg,c_24,1,0.986425,1
EfficientNet-B0,1,c_24_v_(video_704.mp4)_f_198.jpg,c_24,1,0.998779,1
EfficientNet-B0,1,c_29_v_(video_940.mp4)_f_1371.jpg,c_29,1,0.921553,1
EfficientNet-B0,1,c_29_v_(video_940.mp4)_f_1635.jpg,c_29,1,0.991934,1
EfficientNet-B0,1,c_37_v_(video_1215.mp4)_f_0.jpg,c_37,1,0.998571,1
EfficientNet-B0,1,c_37_v_(video_1229.mp4)_f_36.jpg,c_37,1,0.986821,1
EfficientNet-B0,1,c_3_v_(video_24.mp4)_f_72.jpg,c_3,1,0.657884,1
EfficientNet-B0,1,c_3_v_(video_25.mp4)_f_238.jpg,c_3,1,0.649427,1
EfficientNet-B0,1,c_3_v_(video_25.mp4)_f_249.jpg,c_3,1,0.672108,1
EfficientNet-B0,1,c_3_v_(video_25.mp4)_f_348.jpg,c_3,1,0.497251,0
EfficientNet-B0,1,c_3_v_(video_27.mp4)_f_163.jpg,c_3,1,0.062314,0
EfficientNet-B0,1,c_3_v_(video_27.mp4)_f_338.jpg,c_3,1,0.618528,1
EfficientNet-B0,1,c_3_v_(video_27.mp4)_f_501.jpg,c_3,1,0.994495,1
EfficientNet-B0,1,c_3_v_(video_29.mp4)_f_287.jpg,c_3,1,0.995827,1
EfficientNet-B0,1,c_3_v_(video_29.mp4)_f_443.jpg,c_3,1,0.995430,1
EfficientNet-B0,1,c_3_v_(video_29.mp4)_f_480.jpg,c_3,1,0.998038,1
EfficientNet-B0,1,c_3_v_(video_29.mp4)_f_510.jpg,c_3,1,0.911896,1
EfficientNet-B0,1,c_3_v_(video_29.mp4)_f_627.jpg,c_3,1,0.998194,1
EfficientNet-B0,1,c_44_v_(video_1373.mp4)_f_1199.jpg,c_44,1,0.994760,1
EfficientNet-B0,1,c_44_v_(video_1373.mp4)_f_201.jpg,c_44,1,0.965098,1
EfficientNet-B0,1,c_44_v_(video_1373.mp4)_f_211.jpg,c_44,1,0.976291,1
EfficientNet-B0,1,c_44_v_(video_1373.mp4)_f_215.jpg,c_44,1,0.982812,1
EfficientNet-B0,1,c_44_v_(video_1373.mp4)_f_903.jpg,c_44,1,0.999778,1
EfficientNet-B0,1,c_44_v_(video_1377.mp4)_f_212.jpg,c_44,1,0.997073,1
EfficientNet-B0,1,c_51_v_(video_1638.mp4)_f_1710.jpg,c_51,1,0.999268,1
EfficientNet-B0,1,c_51_v_(video_1640.mp4)_f_1162.jpg,c_51,1,0.994560,1
EfficientNet-B0,1,c_51_v_(video_1640.mp4)_f_25.jpg,c_51,1,0.977953,1
EfficientNet-B0,1,c_51_v_(video_1640.mp4)_f_535.jpg,c_51,1,0.875194,1
EfficientNet-B0,1,c_51_v_(video_1640.mp4)_f_643.jpg,c_51,1,0.984889,1
EfficientNet-B0,1,c_58_v_(video_1853.mp4)_f_1061.jpg,c_58,1,0.977361,1
EfficientNet-B0,1,c_58_v_(video_1853.mp4)_f_109.jpg,c_58,1,0.949062,1
EfficientNet-B0,1,c_58_v_(video_1853.mp4)_f_510.jpg,c_58,1,0.995821,1
EfficientNet-B0,1,c_58_v_(video_1853.mp4)_f_586.jpg,c_58,1,0.994672,1
EfficientNet-B0,1,c_58_v_(video_1875.mp4)_f_281.jpg,c_58,1,0.993043,1
EfficientNet-B0,1,c_60_v_(video_1945.mp4)_f_1392.jpg,c_60,1,0.999275,1
EfficientNet-B0,1,c_60_v_(video_1945.mp4)_f_366.jpg,c_60,1,0.002765,0
EfficientNet-B0,1,c_60_v_(video_1945.mp4)_f_52.jpg,c_60,1,0.164463,0
EfficientNet-B0,1,c_60_v_(video_1946.mp4)_f_1754.jpg,c_60,1,0.996659,1
EfficientNet-B0,1,c_60_v_(video_1946.mp4)_f_792.jpg,c_60,1,0.904176,1
EfficientNet-B0,1,c_60_v_(video_1946.mp4)_f_963.jpg,c_60,1,0.999604,1
EfficientNet-B0,1,c_69_v_(video_2170.mp4)_f_711.jpg,c_69,1,0.613066,1
EfficientNet-B0,1,c_69_v_(video_2171.mp4)_f_40.jpg,c_69,1,0.777605,1
EfficientNet-B0,1,c_77_v_(video_2376.mp4)_f_578.jpg,c_77,1,0.999263,1
EfficientNet-B0,1,c_77_v_(video_2376.mp4)_f_817.jpg,c_77,1,0.995017,1
EfficientNet-B0,1,c_77_v_(video_2376.mp4)_f_938.jpg,c_77,1,0.999213,1
EfficientNet-B0,1,c_77_v_(video_2383.mp4)_f_171.jpg,c_77,1,0.999530,1
EfficientNet-B0,1,c_77_v_(video_2383.mp4)_f_54.jpg,c_77,1,0.999026,1
EfficientNet-B0,1,c_85_v_(video_2607.mp4)_f_284.jpg,c_85,1,0.951052,1
EfficientNet-B0,1,c_85_v_(video_2607.mp4)_f_733.jpg,c_85,1,0.994082,1
EfficientNet-B0,1,c_88_v_(video_2665.mp4)_f_2058.jpg,c_88,1,0.333393,0
EfficientNet-B0,1,c_88_v_(video_2665.mp4)_f_485.jpg,c_88,1,0.997708,1
EfficientNet-B0,1,c_8_v_(video_145.mp4)_f_496.jpg,c_8,1,0.499210,0
EfficientNet-B0,1,c_8_v_(video_146.mp4)_f_298.jpg,c_8,1,0.997953,1
EfficientNet-B0,1,c_8_v_(video_146.mp4)_f_344.jpg,c_8,1,0.956055,1
EfficientNet-B0,1,c_8_v_(video_146.mp4)_f_388.jpg,c_8,1,0.998140,1
EfficientNet-B0,1,c_8_v_(video_147.mp4)_f_11.jpg,c_8,1,0.997649,1
EfficientNet-B0,1,c_8_v_(video_148.mp4)_f_1079.jpg,c_8,1,0.984119,1
EfficientNet-B0,1,c_8_v_(video_148.mp4)_f_164.jpg,c_8,1,0.988747,1
EfficientNet-B0,1,c_8_v_(video_148.mp4)_f_185.jpg,c_8,1,0.994031,1
EfficientNet-B0,1,c_8_v_(video_148.mp4)_f_2515.jpg,c_8,1,0.998637,1
EfficientNet-B0,1,c_8_v_(video_148.mp4)_f_2723.jpg,c_8,1,0.958189,1
EfficientNet-B0,1,c_8_v_(video_148.mp4)_f_973.jpg,c_8,1,0.423860,0
EfficientNet-B0,1,c_8_v_(video_153.mp4)_f_2707.jpg,c_8,1,0.975945,1
EfficientNet-B0,1,v_2506_s_0-95__f_82.jpg,v_2506_s_0-95,0,0.542994,1
EfficientNet-B0,1,v_2506_s_0-95__f_21.jpg,v_2506_s_0-95,0,0.223254,0
EfficientNet-B0,1,v_2506_s_0-95__f_11.jpg,v_2506_s_0-95,0,0.349695,0
EfficientNet-B0,1,v_2506_s_0-95__f_40.jpg,v_2506_s_0-95,0,0.057628,0
EfficientNet-B0,1,v_2506_s_0-95__f_37.jpg,v_2506_s_0-95,0,0.103784,0
EfficientNet-B0,1,v_2506_s_0-95__f_34.jpg,v_2506_s_0-95,0,0.046978,0
EfficientNet-B0,1,v_2506_s_0-95__f_24.jpg,v_2506_s_0-95,0,0.100336,0
EfficientNet-B0,1,v_2506_s_0-95__f_20.jpg,v_2506_s_0-95,0,0.235819,0
EfficientNet-B0,1,v_2506_s_0-95__f_87.jpg,v_2506_s_0-95,0,0.204875,0
EfficientNet-B0,1,v_2506_s_0-95__f_71.jpg,v_2506_s_0-95,0,0.058201,0
EfficientNet-B0,1,v_2506_s_0-95__f_19.jpg,v_2506_s_0-95,0,0.216164,0
EfficientNet-B0,1,v_2506_s_0-95__f_77.jpg,v_2506_s_0-95,0,0.139020,0
EfficientNet-B0,1,v_2506_s_0-95__f_58.jpg,v_2506_s_0-95,0,0.043782,0
EfficientNet-B0,1,v_2506_s_0-95__f_12.jpg,v_2506_s_0-95,0,0.409489,0
EfficientNet-B0,1,v_2507_s_2320-3371__f_2548.jpg,v_2507_s_2320-3371,0,0.199618,0
EfficientNet-B0,1,v_2507_s_2320-3371__f_2371.jpg,v_2507_s_2320-3371,0,0.243160,0
EfficientNet-B0,1,v_2507_s_2320-3371__f_2883.jpg,v_2507_s_2320-3371,0,0.991313,1
EfficientNet-B0,1,v_2507_s_2320-3371__f_2821.jpg,v_2507_s_2320-3371,0,0.544531,1
EfficientNet-B0,1,v_2507_s_2320-3371__f_2777.jpg,v_2507_s_2320-3371,0,0.206119,0
EfficientNet-B0,1,v_2507_s_2320-3371__f_2605.jpg,v_2507_s_2320-3371,0,0.858097,1
EfficientNet-B0,1,v_2507_s_2320-3371__f_2529.jpg,v_2507_s_2320-3371,0,0.096876,0
EfficientNet-B0,1,v_2507_s_2320-3371__f_2498.jpg,v_2507_s_2320-3371,0,0.040080,0
EfficientNet-B0,1,v_2507_s_2320-3371__f_3184.jpg,v_2507_s_2320-3371,0,0.911086,1
EfficientNet-B0,1,v_2507_s_2320-3371__f_2385.jpg,v_2507_s_2320-3371,0,0.029620,0
EfficientNet-B0,1,v_2507_s_2320-3371__f_2381.jpg,v_2507_s_2320-3371,0,0.071898,0
EfficientNet-B0,1,v_2507_s_2320-3371__f_2511.jpg,v_2507_s_2320-3371,0,0.096673,0
EfficientNet-B0,1,v_2507_s_2320-3371__f_2767.jpg,v_2507_s_2320-3371,0,0.107626,0
EfficientNet-B0,1,v_2507_s_2320-3371__f_2796.jpg,v_2507_s_2320-3371,0,0.188788,0
EfficientNet-B0,1,v_3528_s_1030-2231__f_1258.jpg,v_3528_s_1030-2231,0,0.110950,0
EfficientNet-B0,1,v_3528_s_1030-2231__f_1081.jpg,v_3528_s_1030-2231,0,0.371479,0
EfficientNet-B0,1,v_3528_s_1030-2231__f_1593.jpg,v_3528_s_1030-2231,0,0.058279,0
EfficientNet-B0,1,v_3528_s_1030-2231__f_1531.jpg,v_3528_s_1030-2231,0,0.067383,0
EfficientNet-B0,1,v_3528_s_1030-2231__f_1487.jpg,v_3528_s_1030-2231,0,0.613056,1
EfficientNet-B0,1,v_3528_s_1030-2231__f_1315.jpg,v_3528_s_1030-2231,0,0.826062,1
EfficientNet-B0,1,v_3528_s_1030-2231__f_1239.jpg,v_3528_s_1030-2231,0,0.130284,0
EfficientNet-B0,1,v_3528_s_1030-2231__f_2146.jpg,v_3528_s_1030-2231,0,0.095734,0
EfficientNet-B0,1,v_3528_s_1030-2231__f_1208.jpg,v_3528_s_1030-2231,0,0.021678,0
EfficientNet-B0,1,v_3528_s_1030-2231__f_1894.jpg,v_3528_s_1030-2231,0,0.068911,0
EfficientNet-B0,1,v_3528_s_1030-2231__f_1095.jpg,v_3528_s_1030-2231,0,0.456896,0
EfficientNet-B0,1,v_3528_s_1030-2231__f_1091.jpg,v_3528_s_1030-2231,0,0.539062,1
EfficientNet-B0,1,v_3528_s_1030-2231__f_1221.jpg,v_3528_s_1030-2231,0,0.012549,0
EfficientNet-B0,1,v_3528_s_1030-2231__f_1477.jpg,v_3528_s_1030-2231,0,0.201197,0
EfficientNet-B0,1,v_4770_s_2649-3117__f_2976.jpg,v_4770_s_2649-3117,0,0.521381,1
EfficientNet-B0,1,v_4770_s_2649-3117__f_2706.jpg,v_4770_s_2649-3117,0,0.979096,1
EfficientNet-B0,1,v_4770_s_2649-3117__f_2661.jpg,v_4770_s_2649-3117,0,0.755097,1
EfficientNet-B0,1,v_4770_s_2649-3117__f_3028.jpg,v_4770_s_2649-3117,0,0.465111,0
EfficientNet-B0,1,v_4770_s_2649-3117__f_2789.jpg,v_4770_s_2649-3117,0,0.014860,0
EfficientNet-B0,1,v_4770_s_2649-3117__f_2774.jpg,v_4770_s_2649-3117,0,0.550474,1
EfficientNet-B0,1,v_4770_s_2649-3117__f_2763.jpg,v_4770_s_2649-3117,0,0.067836,0
EfficientNet-B0,1,v_4770_s_2649-3117__f_2720.jpg,v_4770_s_2649-3117,0,0.764113,1
EfficientNet-B0,1,v_4770_s_2649-3117__f_3026.jpg,v_4770_s_2649-3117,0,0.723760,1
EfficientNet-B0,1,v_4770_s_2649-3117__f_2701.jpg,v_4770_s_2649-3117,0,0.870610,1
EfficientNet-B0,1,v_4770_s_2649-3117__f_2995.jpg,v_4770_s_2649-3117,0,0.378370,0
EfficientNet-B0,1,v_4770_s_2649-3117__f_3113.jpg,v_4770_s_2649-3117,0,0.349662,0
EfficientNet-B0,1,v_4770_s_2649-3117__f_2928.jpg,v_4770_s_2649-3117,0,0.175672,0
EfficientNet-B0,1,v_5280_s_89-491__f_427.jpg,v_5280_s_89-491,0,0.070343,0
EfficientNet-B0,1,v_5280_s_89-491__f_157.jpg,v_5280_s_89-491,0,0.002438,0
EfficientNet-B0,1,v_5280_s_89-491__f_112.jpg,v_5280_s_89-491,0,0.010652,0
EfficientNet-B0,1,v_5280_s_89-491__f_479.jpg,v_5280_s_89-491,0,0.610358,1
EfficientNet-B0,1,v_5280_s_89-491__f_240.jpg,v_5280_s_89-491,0,0.612538,1
EfficientNet-B0,1,v_5280_s_89-491__f_225.jpg,v_5280_s_89-491,0,0.013398,0
EfficientNet-B0,1,v_5280_s_89-491__f_214.jpg,v_5280_s_89-491,0,0.021390,0
EfficientNet-B0,1,v_5280_s_89-491__f_171.jpg,v_5280_s_89-491,0,0.011816,0
EfficientNet-B0,1,v_5280_s_89-491__f_477.jpg,v_5280_s_89-491,0,0.424679,0
EfficientNet-B0,1,v_5280_s_89-491__f_152.jpg,v_5280_s_89-491,0,0.013965,0
EfficientNet-B0,1,v_5280_s_89-491__f_446.jpg,v_5280_s_89-491,0,0.161809,0
EfficientNet-B0,1,v_5280_s_89-491__f_96.jpg,v_5280_s_89-491,0,0.048295,0
EfficientNet-B0,1,v_5280_s_89-491__f_379.jpg,v_5280_s_89-491,0,0.011273,0
EfficientNet-B0,2,c_102_v_(video_3119.mp4)_f_1311.jpg,c_102,1,0.991293,1
EfficientNet-B0,2,c_102_v_(video_3119.mp4)_f_185.jpg,c_102,1,0.968514,1
EfficientNet-B0,2,c_102_v_(video_3124.mp4)_f_97.jpg,c_102,1,0.997567,1
EfficientNet-B0,2,c_102_v_(video_3130.mp4)_f_0.jpg,c_102,1,0.984803,1
EfficientNet-B0,2,c_113_v_(video_3427.mp4)_f_211.jpg,c_113,1,0.406811,0
EfficientNet-B0,2,c_114_v_(video_3461.mp4)_f_610.jpg,c_114,1,0.982156,1
EfficientNet-B0,2,c_117_v_(video_3530.mp4)_f_811.jpg,c_117,1,0.949148,1
EfficientNet-B0,2,c_117_v_(video_3533.mp4)_f_195.jpg,c_117,1,0.893428,1
EfficientNet-B0,2,c_121_v_(video_3630.mp4)_f_37.jpg,c_121,1,0.955808,1
EfficientNet-B0,2,c_127_v_(video_3756.mp4)_f_40.jpg,c_127,1,0.878677,1
EfficientNet-B0,2,c_145_v_(video_4391.mp4)_f_27.jpg,c_145,1,0.980246,1
EfficientNet-B0,2,c_178_v_(video_5419.mp4)_f_794.jpg,c_178,1,0.977601,1
EfficientNet-B0,2,c_178_v_(video_5426.mp4)_f_90.jpg,c_178,1,0.992959,1
EfficientNet-B0,2,c_19_v_(video_507.mp4)_f_2389.jpg,c_19,1,0.994781,1
EfficientNet-B0,2,c_25_v_(video_774.mp4)_f_1246.jpg,c_25,1,0.904444,1
EfficientNet-B0,2,c_25_v_(video_774.mp4)_f_608.jpg,c_25,1,0.777234,1
EfficientNet-B0,2,c_25_v_(video_774.mp4)_f_772.jpg,c_25,1,0.914165,1
EfficientNet-B0,2,c_25_v_(video_776.mp4)_f_1436.jpg,c_25,1,0.973647,1
EfficientNet-B0,2,c_25_v_(video_776.mp4)_f_750.jpg,c_25,1,0.869840,1
EfficientNet-B0,2,c_25_v_(video_777.mp4)_f_33.jpg,c_25,1,0.202587,0
EfficientNet-B0,2,c_41_v_(video_1297.mp4)_f_140.jpg,c_41,1,0.992532,1
EfficientNet-B0,2,c_41_v_(video_1297.mp4)_f_500.jpg,c_41,1,0.906285,1
EfficientNet-B0,2,c_41_v_(video_1297.mp4)_f_826.jpg,c_41,1,0.910272,1
EfficientNet-B0,2,c_4_v_(video_47.mp4)_f_3852.jpg,c_4,1,0.199788,0
EfficientNet-B0,2,c_4_v_(video_48.mp4)_f_402.jpg,c_4,1,0.989019,1
EfficientNet-B0,2,c_50_v_(video_1589.mp4)_f_109.jpg,c_50,1,0.956453,1
EfficientNet-B0,2,c_50_v_(video_1589.mp4)_f_220.jpg,c_50,1,0.986124,1
EfficientNet-B0,2,c_55_v_(video_1729.mp4)_f_1915.jpg,c_55,1,0.794221,1
EfficientNet-B0,2,c_57_v_(video_1790.mp4)_f_557.jpg,c_57,1,0.949731,1
EfficientNet-B0,2,c_59_v_(video_1898.mp4)_f_1838.jpg,c_59,1,0.981529,1
EfficientNet-B0,2,c_59_v_(video_1898.mp4)_f_47.jpg,c_59,1,0.956979,1
EfficientNet-B0,2,c_59_v_(video_1898.mp4)_f_917.jpg,c_59,1,0.988854,1
EfficientNet-B0,2,c_70_v_(video_2176.mp4)_f_221.jpg,c_70,1,0.972927,1
EfficientNet-B0,2,c_70_v_(video_2176.mp4)_f_308.jpg,c_70,1,0.997771,1
EfficientNet-B0,2,c_70_v_(video_2176.mp4)_f_502.jpg,c_70,1,0.458350,0
EfficientNet-B0,2,c_70_v_(video_2178.mp4)_f_769.jpg,c_70,1,0.322249,0
EfficientNet-B0,2,c_87_v_(video_2641.mp4)_f_163.jpg,c_87,1,0.994730,1
EfficientNet-B0,2,c_87_v_(video_2662.mp4)_f_143.jpg,c_87,1,0.996424,1
EfficientNet-B0,2,v_2607_s_2534-2971__f_2861.jpg,v_2607_s_2534-2971,0,0.262274,0
EfficientNet-B0,2,v_2607_s_2534-2971__f_2591.jpg,v_2607_s_2534-2971,0,0.336995,0
EfficientNet-B0,2,v_2607_s_2534-2971__f_2546.jpg,v_2607_s_2534-2971,0,0.177638,0
EfficientNet-B0,2,v_2607_s_2534-2971__f_2913.jpg,v_2607_s_2534-2971,0,0.178048,0
EfficientNet-B0,2,v_2607_s_2534-2971__f_2674.jpg,v_2607_s_2534-2971,0,0.699237,1
EfficientNet-B0,2,v_2607_s_2534-2971__f_2659.jpg,v_2607_s_2534-2971,0,0.501445,1
EfficientNet-B0,2,v_2607_s_2534-2971__f_2648.jpg,v_2607_s_2534-2971,0,0.421529,0
EfficientNet-B0,2,v_2607_s_2534-2971__f_2605.jpg,v_2607_s_2534-2971,0,0.263737,0
EfficientNet-B0,2,v_2607_s_2534-2971__f_2911.jpg,v_2607_s_2534-2971,0,0.177433,0
EfficientNet-B0,2,v_2607_s_2534-2971__f_2586.jpg,v_2607_s_2534-2971,0,0.245692,0
EfficientNet-B0,2,v_2607_s_2534-2971__f_2880.jpg,v_2607_s_2534-2971,0,0.310363,0
EfficientNet-B0,2,v_2607_s_2534-2971__f_2967.jpg,v_2607_s_2534-2971,0,0.173203,0
EfficientNet-B0,2,v_2607_s_2534-2971__f_2813.jpg,v_2607_s_2534-2971,0,0.791286,1
EfficientNet-B0,2,v_2607_s_2534-2971__f_2578.jpg,v_2607_s_2534-2971,0,0.199961,0
EfficientNet-B0,2,v_2736_s_19-698__f_75.jpg,v_2736_s_19-698,0,0.199987,0
EfficientNet-B0,2,v_2736_s_19-698__f_211.jpg,v_2736_s_19-698,0,0.760915,1
EfficientNet-B0,2,v_2736_s_19-698__f_125.jpg,v_2736_s_19-698,0,0.224449,0
EfficientNet-B0,2,v_2736_s_19-698__f_363.jpg,v_2736_s_19-698,0,0.689186,1
EfficientNet-B0,2,v_2736_s_19-698__f_335.jpg,v_2736_s_19-698,0,0.334718,0
EfficientNet-B0,2,v_2736_s_19-698__f_315.jpg,v_2736_s_19-698,0,0.671084,1
EfficientNet-B0,2,v_2736_s_19-698__f_237.jpg,v_2736_s_19-698,0,0.321648,0
EfficientNet-B0,2,v_2736_s_19-698__f_202.jpg,v_2736_s_19-698,0,0.813209,1
EfficientNet-B0,2,v_2736_s_19-698__f_615.jpg,v_2736_s_19-698,0,0.993132,1
EfficientNet-B0,2,v_2736_s_19-698__f_189.jpg,v_2736_s_19-698,0,0.302581,0
EfficientNet-B0,2,v_2736_s_19-698__f_657.jpg,v_2736_s_19-698,0,0.897957,1
EfficientNet-B0,2,v_2736_s_19-698__f_500.jpg,v_2736_s_19-698,0,0.889569,1
EfficientNet-B0,2,v_2736_s_19-698__f_132.jpg,v_2736_s_19-698,0,0.183888,0
EfficientNet-B0,2,v_2736_s_19-698__f_130.jpg,v_2736_s_19-698,0,0.240750,0
EfficientNet-B0,2,v_3312_s_0-278__f_15.jpg,v_3312_s_0-278,0,0.306774,0
EfficientNet-B0,2,v_3312_s_0-278__f_109.jpg,v_3312_s_0-278,0,0.269393,0
EfficientNet-B0,2,v_3312_s_0-278__f_224.jpg,v_3312_s_0-278,0,0.412392,0
EfficientNet-B0,2,v_3312_s_0-278__f_210.jpg,v_3312_s_0-278,0,0.603531,1
EfficientNet-B0,2,v_3312_s_0-278__f_200.jpg,v_3312_s_0-278,0,0.287359,0
EfficientNet-B0,2,v_3312_s_0-278__f_162.jpg,v_3312_s_0-278,0,0.168980,0
EfficientNet-B0,2,v_3312_s_0-278__f_145.jpg,v_3312_s_0-278,0,0.247790,0
EfficientNet-B0,2,v_3312_s_0-278__f_138.jpg,v_3312_s_0-278,0,0.124470,0
EfficientNet-B0,2,v_3312_s_0-278__f_43.jpg,v_3312_s_0-278,0,0.308575,0
EfficientNet-B0,2,v_3312_s_0-278__f_112.jpg,v_3312_s_0-278,0,0.227761,0
EfficientNet-B0,2,v_3312_s_0-278__f_111.jpg,v_3312_s_0-278,0,0.244502,0
EfficientNet-B0,2,v_3312_s_0-278__f_140.jpg,v_3312_s_0-278,0,0.113795,0
EfficientNet-B0,2,v_3312_s_0-278__f_199.jpg,v_3312_s_0-278,0,0.320245,0
EfficientNet-B0,2,v_3312_s_0-278__f_205.jpg,v_3312_s_0-278,0,0.199574,0
EfficientNet-B0,2,v_3312_s_1737-1823__f_1818.jpg,v_3312_s_1737-1823,0,0.472245,0
EfficientNet-B0,2,v_3312_s_1737-1823__f_1751.jpg,v_3312_s_1737-1823,0,0.975443,1
EfficientNet-B0,2,v_3312_s_1737-1823__f_1740.jpg,v_3312_s_1737-1823,0,0.919635,1
EfficientNet-B0,2,v_3312_s_1737-1823__f_1772.jpg,v_3312_s_1737-1823,0,0.930685,1
EfficientNet-B0,2,v_3312_s_1737-1823__f_1768.jpg,v_3312_s_1737-1823,0,0.978908,1
EfficientNet-B0,2,v_3312_s_1737-1823__f_1765.jpg,v_3312_s_1737-1823,0,0.950576,1
EfficientNet-B0,2,v_3312_s_1737-1823__f_1754.jpg,v_3312_s_1737-1823,0,0.976660,1
EfficientNet-B0,2,v_3312_s_1737-1823__f_1750.jpg,v_3312_s_1737-1823,0,0.949319,1
EfficientNet-B0,2,v_3312_s_1737-1823__f_1806.jpg,v_3312_s_1737-1823,0,0.969498,1
EfficientNet-B0,2,v_3312_s_1737-1823__f_1748.jpg,v_3312_s_1737-1823,0,0.937000,1
EfficientNet-B0,2,v_3312_s_1737-1823__f_1812.jpg,v_3312_s_1737-1823,0,0.938132,1
EfficientNet-B0,2,v_3312_s_1737-1823__f_1791.jpg,v_3312_s_1737-1823,0,0.962887,1
EfficientNet-B0,2,v_3312_s_1737-1823__f_1741.jpg,v_3312_s_1737-1823,0,0.962856,1
EfficientNet-B0,2,v_3312_s_1737-1823__f_1820.jpg,v_3312_s_1737-1823,0,0.491711,0
EfficientNet-B0,2,v_3712_s_367-410__f_407.jpg,v_3712_s_367-410,0,0.189864,0
EfficientNet-B0,2,v_3712_s_367-410__f_374.jpg,v_3712_s_367-410,0,0.429297,0
EfficientNet-B0,2,v_3712_s_367-410__f_368.jpg,v_3712_s_367-410,0,0.476414,0
EfficientNet-B0,2,v_3712_s_367-410__f_384.jpg,v_3712_s_367-410,0,0.299134,0
EfficientNet-B0,2,v_3712_s_367-410__f_382.jpg,v_3712_s_367-410,0,0.271056,0
EfficientNet-B0,2,v_3712_s_367-410__f_381.jpg,v_3712_s_367-410,0,0.316824,0
EfficientNet-B0,2,v_3712_s_367-410__f_375.jpg,v_3712_s_367-410,0,0.476455,0
EfficientNet-B0,2,v_3712_s_367-410__f_373.jpg,v_3712_s_367-410,0,0.402946,0
EfficientNet-B0,2,v_3712_s_367-410__f_401.jpg,v_3712_s_367-410,0,0.234235,0
EfficientNet-B0,2,v_3712_s_367-410__f_372.jpg,v_3712_s_367-410,0,0.421829,0
EfficientNet-B0,2,v_3712_s_367-410__f_394.jpg,v_3712_s_367-410,0,0.275189,0
EfficientNet-B0,2,v_3712_s_367-410__f_369.jpg,v_3712_s_367-410,0,0.375375,0
EfficientNet-B0,2,v_3712_s_367-410__f_367.jpg,v_3712_s_367-410,0,0.560255,1
EfficientNet-B0,2,v_3712_s_367-410__f_398.jpg,v_3712_s_367-410,0,0.303089,0
EfficientNet-B0,2,v_4044_s_0-253__f_245.jpg,v_4044_s_0-253,0,0.910218,1
EfficientNet-B0,2,v_4044_s_0-253__f_123.jpg,v_4044_s_0-253,0,0.987189,1
EfficientNet-B0,2,v_4044_s_0-253__f_103.jpg,v_4044_s_0-253,0,0.949254,1
EfficientNet-B0,2,v_4044_s_0-253__f_41.jpg,v_4044_s_0-253,0,0.540882,1
EfficientNet-B0,2,v_4044_s_0-253__f_161.jpg,v_4044_s_0-253,0,0.975554,1
EfficientNet-B0,2,v_4044_s_0-253__f_154.jpg,v_4044_s_0-253,0,0.972503,1
EfficientNet-B0,2,v_4044_s_0-253__f_15.jpg,v_4044_s_0-253,0,0.720069,1
EfficientNet-B0,2,v_4044_s_0-253__f_13.jpg,v_4044_s_0-253,0,0.789729,1
EfficientNet-B0,2,v_4044_s_0-253__f_40.jpg,v_4044_s_0-253,0,0.653853,1
EfficientNet-B0,2,v_4044_s_0-253__f_121.jpg,v_4044_s_0-253,0,0.991265,1
EfficientNet-B0,2,v_4044_s_0-253__f_27.jpg,v_4044_s_0-253,0,0.691610,1
EfficientNet-B0,2,v_4044_s_0-253__f_96.jpg,v_4044_s_0-253,0,0.939049,1
EfficientNet-B0,2,v_4044_s_0-253__f_77.jpg,v_4044_s_0-253,0,0.835606,1
EfficientNet-B0,2,v_4044_s_0-253__f_223.jpg,v_4044_s_0-253,0,0.993083,1
EfficientNet-B0,2,v_5675_s_277-396__f_358.jpg,v_5675_s_277-396,0,0.133401,0
EfficientNet-B0,2,v_5675_s_277-396__f_291.jpg,v_5675_s_277-396,0,0.092168,0
EfficientNet-B0,2,v_5675_s_277-396__f_280.jpg,v_5675_s_277-396,0,0.102489,0
EfficientNet-B0,2,v_5675_s_277-396__f_371.jpg,v_5675_s_277-396,0,0.071675,0
EfficientNet-B0,2,v_5675_s_277-396__f_312.jpg,v_5675_s_277-396,0,0.161179,0
EfficientNet-B0,2,v_5675_s_277-396__f_308.jpg,v_5675_s_277-396,0,0.130976,0
EfficientNet-B0,2,v_5675_s_277-396__f_305.jpg,v_5675_s_277-396,0,0.145797,0
EfficientNet-B0,2,v_5675_s_277-396__f_294.jpg,v_5675_s_277-396,0,0.185165,0
EfficientNet-B0,2,v_5675_s_277-396__f_392.jpg,v_5675_s_277-396,0,0.142965,0
EfficientNet-B0,2,v_5675_s_277-396__f_290.jpg,v_5675_s_277-396,0,0.144157,0
EfficientNet-B0,2,v_5675_s_277-396__f_363.jpg,v_5675_s_277-396,0,0.159481,0
EfficientNet-B0,2,v_5675_s_277-396__f_387.jpg,v_5675_s_277-396,0,0.167864,0
EfficientNet-B0,2,v_5675_s_277-396__f_346.jpg,v_5675_s_277-396,0,0.096448,0
EfficientNet-B0,2,v_5675_s_547-736__f_710.jpg,v_5675_s_547-736,0,0.926820,1
EfficientNet-B0,2,v_5675_s_547-736__f_575.jpg,v_5675_s_547-736,0,0.754688,1
EfficientNet-B0,2,v_5675_s_547-736__f_553.jpg,v_5675_s_547-736,0,0.850735,1
EfficientNet-B0,2,v_5675_s_547-736__f_617.jpg,v_5675_s_547-736,0,0.938585,1
EfficientNet-B0,2,v_5675_s_547-736__f_609.jpg,v_5675_s_547-736,0,0.941585,1
EfficientNet-B0,2,v_5675_s_547-736__f_604.jpg,v_5675_s_547-736,0,0.931044,1
EfficientNet-B0,2,v_5675_s_547-736__f_582.jpg,v_5675_s_547-736,0,0.949075,1
EfficientNet-B0,2,v_5675_s_547-736__f_573.jpg,v_5675_s_547-736,0,0.772252,1
EfficientNet-B0,2,v_5675_s_547-736__f_720.jpg,v_5675_s_547-736,0,0.663790,1
EfficientNet-B0,2,v_5675_s_547-736__f_686.jpg,v_5675_s_547-736,0,0.881943,1
EfficientNet-B0,2,v_5675_s_547-736__f_569.jpg,v_5675_s_547-736,0,0.858456,1
EfficientNet-B0,2,v_5675_s_547-736__f_698.jpg,v_5675_s_547-736,0,0.818424,1
EfficientNet-B0,2,v_5675_s_547-736__f_655.jpg,v_5675_s_547-736,0,0.947170,1
EfficientNet-B0,4,c_135_v_(video_4058.mp4)_f_1.jpg,c_135,1,0.417485,0
EfficientNet-B0,4,c_135_v_(video_4079.mp4)_f_229.jpg,c_135,1,0.027488,0
EfficientNet-B0,4,c_13_v_(video_391.mp4)_f_226.jpg,c_13,1,0.912324,1
EfficientNet-B0,4,c_144_v_(video_4371.mp4)_f_66.jpg,c_144,1,0.934534,1
EfficientNet-B0,4,c_144_v_(video_4371.mp4)_f_872.jpg,c_144,1,0.166798,0
EfficientNet-B0,4,c_144_v_(video_4374.mp4)_f_2517.jpg,c_144,1,0.957026,1
EfficientNet-B0,4,c_144_v_(video_4374.mp4)_f_2771.jpg,c_144,1,0.998404,1
EfficientNet-B0,4,c_149_v_(video_4479.mp4)_f_1577.jpg,c_149,1,0.861466,1
EfficientNet-B0,4,c_149_v_(video_4479.mp4)_f_3137.jpg,c_149,1,0.998705,1
EfficientNet-B0,4,c_150_v_(video_4517.mp4)_f_109.jpg,c_150,1,0.999382,1
EfficientNet-B0,4,c_150_v_(video_4518.mp4)_f_28.jpg,c_150,1,0.987018,1
EfficientNet-B0,4,c_150_v_(video_4520.mp4)_f_132.jpg,c_150,1,0.998984,1
EfficientNet-B0,4,c_162_v_(video_4957.mp4)_f_230.jpg,c_162,1,0.889238,1
EfficientNet-B0,4,c_169_v_(video_5210.mp4)_f_102.jpg,c_169,1,0.998184,1
EfficientNet-B0,4,c_169_v_(video_5211.mp4)_f_104.jpg,c_169,1,0.999350,1
EfficientNet-B0,4,c_170_v_(video_5222.mp4)_f_64.jpg,c_170,1,0.409893,0
EfficientNet-B0,4,c_172_v_(video_5281.mp4)_f_1193.jpg,c_172,1,0.997000,1
EfficientNet-B0,4,c_172_v_(video_5281.mp4)_f_484.jpg,c_172,1,0.961808,1
EfficientNet-B0,4,c_28_v_(video_903.mp4)_f_1330.jpg,c_28,1,0.954992,1
EfficientNet-B0,4,c_28_v_(video_903.mp4)_f_1635.jpg,c_28,1,0.998170,1
EfficientNet-B0,4,c_28_v_(video_903.mp4)_f_1761.jpg,c_28,1,0.996517,1
EfficientNet-B0,4,c_28_v_(video_903.mp4)_f_330.jpg,c_28,1,0.988458,1
EfficientNet-B0,4,c_28_v_(video_903.mp4)_f_627.jpg,c_28,1,0.989128,1
EfficientNet-B0,4,c_28_v_(video_903.mp4)_f_853.jpg,c_28,1,0.904269,1
EfficientNet-B0,4,c_28_v_(video_905.mp4)_f_53.jpg,c_28,1,0.996130,1
EfficientNet-B0,4,c_28_v_(video_907.mp4)_f_73.jpg,c_28,1,0.998714,1
EfficientNet-B0,4,c_28_v_(video_934.mp4)_f_288.jpg,c_28,1,0.999731,1
EfficientNet-B0,4,c_295_v_(video_9755.mp4)_f_3595.jpg,c_295,1,0.998726,1
EfficientNet-B0,4,c_38_v_(video_1253.mp4)_f_1117.jpg,c_38,1,0.966854,1
EfficientNet-B0,4,c_43_v_(video_1363.mp4)_f_1062.jpg,c_43,1,0.999805,1
EfficientNet-B0,4,c_43_v_(video_1363.mp4)_f_2080.jpg,c_43,1,0.999738,1
EfficientNet-B0,4,c_43_v_(video_1363.mp4)_f_778.jpg,c_43,1,0.996098,1
EfficientNet-B0,4,c_43_v_(video_1364.mp4)_f_495.jpg,c_43,1,0.997240,1
EfficientNet-B0,4,c_43_v_(video_1366.mp4)_f_0.jpg,c_43,1,0.999026,1
EfficientNet-B0,4,c_45_v_(video_1386.mp4)_f_563.jpg,c_45,1,0.998907,1
EfficientNet-B0,4,c_45_v_(video_1386.mp4)_f_622.jpg,c_45,1,0.998935,1
EfficientNet-B0,4,c_45_v_(video_1386.mp4)_f_753.jpg,c_45,1,0.996672,1
EfficientNet-B0,4,c_45_v_(video_1396.mp4)_f_1483.jpg,c_45,1,0.999917,1
EfficientNet-B0,4,c_45_v_(video_1396.mp4)_f_2895.jpg,c_45,1,0.998621,1
EfficientNet-B0,4,c_45_v_(video_1396.mp4)_f_3007.jpg,c_45,1,0.998484,1
EfficientNet-B0,4,c_45_v_(video_1396.mp4)_f_408.jpg,c_45,1,0.998976,1
EfficientNet-B0,4,c_46_v_(video_1405.mp4)_f_299.jpg,c_46,1,0.829543,1
EfficientNet-B0,4,c_46_v_(video_1405.mp4)_f_36.jpg,c_46,1,0.337827,0
EfficientNet-B0,4,c_46_v_(video_1405.mp4)_f_568.jpg,c_46,1,0.253485,0
EfficientNet-B0,4,c_46_v_(video_1406.mp4)_f_108.jpg,c_46,1,0.994987,1
EfficientNet-B0,4,c_46_v_(video_1406.mp4)_f_209.jpg,c_46,1,0.995624,1
EfficientNet-B0,4,c_46_v_(video_1406.mp4)_f_426.jpg,c_46,1,0.256297,0
EfficientNet-B0,4,c_46_v_(video_1406.mp4)_f_81.jpg,c_46,1,0.831354,1
EfficientNet-B0,4,c_49_v_(video_1561.mp4)_f_1248.jpg,c_49,1,0.997238,1
EfficientNet-B0,4,c_49_v_(video_1561.mp4)_f_1299.jpg,c_49,1,0.996453,1
EfficientNet-B0,4,c_49_v_(video_1561.mp4)_f_141.jpg,c_49,1,0.999870,1
EfficientNet-B0,4,c_49_v_(video_1561.mp4)_f_202.jpg,c_49,1,0.999739,1
EfficientNet-B0,4,c_49_v_(video_1561.mp4)_f_334.jpg,c_49,1,0.998166,1
EfficientNet-B0,4,c_49_v_(video_1561.mp4)_f_411.jpg,c_49,1,0.998915,1
EfficientNet-B0,4,c_63_v_(video_2060.mp4)_f_0.jpg,c_63,1,0.998276,1
EfficientNet-B0,4,c_72_v_(video_2199.mp4)_f_0.jpg,c_72,1,0.874346,1
EfficientNet-B0,4,c_79_v_(video_2401.mp4)_f_210.jpg,c_79,1,0.996508,1
EfficientNet-B0,4,c_79_v_(video_2403.mp4)_f_1001.jpg,c_79,1,0.997952,1
EfficientNet-B0,4,c_79_v_(video_2404.mp4)_f_688.jpg,c_79,1,0.926113,1
EfficientNet-B0,4,c_79_v_(video_2405.mp4)_f_42.jpg,c_79,1,0.999176,1
EfficientNet-B0,4,c_86_v_(video_2617.mp4)_f_177.jpg,c_86,1,0.999341,1
EfficientNet-B0,4,c_86_v_(video_2638.mp4)_f_150.jpg,c_86,1,0.987217,1
EfficientNet-B0,4,c_92_v_(video_2749.mp4)_f_25.jpg,c_92,1,0.993759,1
EfficientNet-B0,4,c_92_v_(video_2787.mp4)_f_199.jpg,c_92,1,0.999308,1
EfficientNet-B0,4,c_92_v_(video_2787.mp4)_f_462.jpg,c_92,1,0.987644,1
EfficientNet-B0,4,c_99_v_(video_2998.mp4)_f_256.jpg,c_99,1,0.997532,1
EfficientNet-B0,4,c_99_v_(video_2998.mp4)_f_73.jpg,c_99,1,0.997017,1
EfficientNet-B0,4,c_99_v_(video_3000.mp4)_f_51.jpg,c_99,1,0.164788,0
EfficientNet-B0,4,c_99_v_(video_3006.mp4)_f_102.jpg,c_99,1,0.998749,1
EfficientNet-B0,4,c_99_v_(video_3041.mp4)_f_0.jpg,c_99,1,0.999591,1
EfficientNet-B0,4,v_2690_s_154-252__f_235.jpg,v_2690_s_154-252,0,0.009200,0
EfficientNet-B0,4,v_2690_s_154-252__f_168.jpg,v_2690_s_154-252,0,0.087056,0
EfficientNet-B0,4,v_2690_s_154-252__f_157.jpg,v_2690_s_154-252,0,0.015571,0
EfficientNet-B0,4,v_2690_s_154-252__f_248.jpg,v_2690_s_154-252,0,0.002130,0
EfficientNet-B0,4,v_2690_s_154-252__f_189.jpg,v_2690_s_154-252,0,0.104513,0
EfficientNet-B0,4,v_2690_s_154-252__f_185.jpg,v_2690_s_154-252,0,0.095541,0
EfficientNet-B0,4,v_2690_s_154-252__f_182.jpg,v_2690_s_154-252,0,0.044420,0
EfficientNet-B0,4,v_2690_s_154-252__f_171.jpg,v_2690_s_154-252,0,0.067366,0
EfficientNet-B0,4,v_2690_s_154-252__f_167.jpg,v_2690_s_154-252,0,0.070616,0
EfficientNet-B0,4,v_2690_s_154-252__f_240.jpg,v_2690_s_154-252,0,0.001540,0
EfficientNet-B0,4,v_2690_s_154-252__f_223.jpg,v_2690_s_154-252,0,0.001254,0
EfficientNet-B0,4,v_2690_s_154-252__f_165.jpg,v_2690_s_154-252,0,0.014489,0
EfficientNet-B0,4,v_2690_s_154-252__f_229.jpg,v_2690_s_154-252,0,0.004075,0
EfficientNet-B0,4,v_2690_s_154-252__f_208.jpg,v_2690_s_154-252,0,0.001069,0
EfficientNet-B0,4,v_4466_s_0-186__f_79.jpg,v_4466_s_0-186,0,0.055442,0
EfficientNet-B0,4,v_4466_s_0-186__f_123.jpg,v_4466_s_0-186,0,0.000905,0
EfficientNet-B0,4,v_4466_s_0-186__f_103.jpg,v_4466_s_0-186,0,0.009358,0
EfficientNet-B0,4,v_4466_s_0-186__f_161.jpg,v_4466_s_0-186,0,0.001434,0
EfficientNet-B0,4,v_4466_s_0-186__f_154.jpg,v_4466_s_0-186,0,0.000665,0
EfficientNet-B0,4,v_4466_s_0-186__f_15.jpg,v_4466_s_0-186,0,0.229211,0
EfficientNet-B0,4,v_4466_s_0-186__f_13.jpg,v_4466_s_0-186,0,0.215029,0
EfficientNet-B0,4,v_4466_s_0-186__f_121.jpg,v_4466_s_0-186,0,0.001356,0
EfficientNet-B0,4,v_4466_s_0-186__f_88.jpg,v_4466_s_0-186,0,0.006713,0
EfficientNet-B0,4,v_4466_s_0-186__f_57.jpg,v_4466_s_0-186,0,0.003246,0
EfficientNet-B0,4,v_4466_s_0-186__f_118.jpg,v_4466_s_0-186,0,0.002214,0
EfficientNet-B0,4,v_4466_s_0-186__f_68.jpg,v_4466_s_0-186,0,0.045775,0
EfficientNet-B0,4,v_4466_s_0-186__f_29.jpg,v_4466_s_0-186,0,0.007987,0
EfficientNet-B0,4,v_4466_s_0-186__f_105.jpg,v_4466_s_0-186,0,0.002920,0
EfficientNet-B0,4,v_4581_s_0-342__f_86.jpg,v_4581_s_0-342,0,0.217021,0
EfficientNet-B0,4,v_4581_s_0-342__f_15.jpg,v_4581_s_0-342,0,0.736434,1
EfficientNet-B0,4,v_4581_s_0-342__f_109.jpg,v_4581_s_0-342,0,0.545010,1
EfficientNet-B0,4,v_4581_s_0-342__f_224.jpg,v_4581_s_0-342,0,0.385418,0
EfficientNet-B0,4,v_4581_s_0-342__f_210.jpg,v_4581_s_0-342,0,0.322468,0
EfficientNet-B0,4,v_4581_s_0-342__f_200.jpg,v_4581_s_0-342,0,0.244648,0
EfficientNet-B0,4,v_4581_s_0-342__f_162.jpg,v_4581_s_0-342,0,0.069277,0
EfficientNet-B0,4,v_4581_s_0-342__f_145.jpg,v_4581_s_0-342,0,0.392948,0
EfficientNet-B0,4,v_4581_s_0-342__f_42.jpg,v_4581_s_0-342,0,0.866838,1
EfficientNet-B0,4,v_4581_s_0-342__f_138.jpg,v_4581_s_0-342,0,0.069757,0
EfficientNet-B0,4,v_4581_s_0-342__f_63.jpg,v_4581_s_0-342,0,0.583698,1
EfficientNet-B0,4,v_4581_s_0-342__f_293.jpg,v_4581_s_0-342,0,0.019745,0
EfficientNet-B0,4,v_4581_s_0-342__f_112.jpg,v_4581_s_0-342,0,0.707263,1
EfficientNet-B0,4,v_4581_s_0-342__f_111.jpg,v_4581_s_0-342,0,0.651495,1
EfficientNet-B0,4,v_4763_s_30-2507__f_1414.jpg,v_4763_s_30-2507,0,0.000092,0
EfficientNet-B0,4,v_4763_s_30-2507__f_1092.jpg,v_4763_s_30-2507,0,0.001318,0
EfficientNet-B0,4,v_4763_s_30-2507__f_2023.jpg,v_4763_s_30-2507,0,0.391668,0
EfficientNet-B0,4,v_4763_s_30-2507__f_1911.jpg,v_4763_s_30-2507,0,0.105984,0
EfficientNet-B0,4,v_4763_s_30-2507__f_1830.jpg,v_4763_s_30-2507,0,0.501550,1
EfficientNet-B0,4,v_4763_s_30-2507__f_1519.jpg,v_4763_s_30-2507,0,0.195878,0
EfficientNet-B0,4,v_4763_s_30-2507__f_1380.jpg,v_4763_s_30-2507,0,0.008576,0
EfficientNet-B0,4,v_4763_s_30-2507__f_778.jpg,v_4763_s_30-2507,0,0.002217,0
EfficientNet-B0,4,v_4763_s_30-2507__f_1323.jpg,v_4763_s_30-2507,0,0.042378,0
EfficientNet-B0,4,v_4763_s_30-2507__f_946.jpg,v_4763_s_30-2507,0,0.026008,0
EfficientNet-B0,4,v_4763_s_30-2507__f_319.jpg,v_4763_s_30-2507,0,0.000975,0
EfficientNet-B0,4,v_4763_s_30-2507__f_1118.jpg,v_4763_s_30-2507,0,0.001992,0
EfficientNet-B0,4,v_4763_s_30-2507__f_1110.jpg,v_4763_s_30-2507,0,0.008232,0
EfficientNet-B0,4,v_4763_s_30-2507__f_1348.jpg,v_4763_s_30-2507,0,0.023855,0
ViT-B/16,0,c_108_v_(video_3312.mp4)_f_619.jpg,c_108,1,0.933889,1
ViT-B/16,0,c_14_v_(video_400.mp4)_f_810.jpg,c_14,1,0.999548,1
ViT-B/16,0,c_14_v_(video_401.mp4)_f_253.jpg,c_14,1,0.999648,1
ViT-B/16,0,c_14_v_(video_401.mp4)_f_90.jpg,c_14,1,0.985848,1
ViT-B/16,0,c_14_v_(video_401.mp4)_f_910.jpg,c_14,1,0.999153,1
ViT-B/16,0,c_14_v_(video_422.mp4)_f_59.jpg,c_14,1,0.999848,1
ViT-B/16,0,c_14_v_(video_425.mp4)_f_118.jpg,c_14,1,0.999530,1
ViT-B/16,0,c_157_v_(video_4727.mp4)_f_0.jpg,c_157,1,0.995920,1
ViT-B/16,0,c_159_v_(video_4770.mp4)_f_4585.jpg,c_159,1,0.999684,1
ViT-B/16,0,c_165_v_(video_5033.mp4)_f_19.jpg,c_165,1,0.954987,1
ViT-B/16,0,c_165_v_(video_5033.mp4)_f_547.jpg,c_165,1,0.970745,1
ViT-B/16,0,c_165_v_(video_5035.mp4)_f_13.jpg,c_165,1,0.998843,1
ViT-B/16,0,c_165_v_(video_5037.mp4)_f_1790.jpg,c_165,1,0.999690,1
ViT-B/16,0,c_165_v_(video_5038.mp4)_f_161.jpg,c_165,1,0.999890,1
ViT-B/16,0,c_165_v_(video_5046.mp4)_f_117.jpg,c_165,1,0.998851,1
ViT-B/16,0,c_165_v_(video_5046.mp4)_f_180.jpg,c_165,1,0.999570,1
ViT-B/16,0,c_165_v_(video_5046.mp4)_f_962.jpg,c_165,1,0.998771,1
ViT-B/16,0,c_17_v_(video_481.mp4)_f_1292.jpg,c_17,1,0.999569,1
ViT-B/16,0,c_188_v_(video_5701.mp4)_f_226.jpg,c_188,1,0.999793,1
ViT-B/16,0,c_189_v_(video_5727.mp4)_f_14.jpg,c_189,1,0.999898,1
ViT-B/16,0,c_21_v_(video_605.mp4)_f_79.jpg,c_21,1,0.987240,1
ViT-B/16,0,c_21_v_(video_607.mp4)_f_46.jpg,c_21,1,0.620499,1
ViT-B/16,0,c_23_v_(video_672.mp4)_f_1006.jpg,c_23,1,0.999509,1
ViT-B/16,0,c_23_v_(video_672.mp4)_f_1268.jpg,c_23,1,0.997783,1
ViT-B/16,0,c_23_v_(video_672.mp4)_f_13.jpg,c_23,1,0.123829,0
ViT-B/16,0,c_23_v_(video_672.mp4)_f_195.jpg,c_23,1,0.991224,1
ViT-B/16,0,c_23_v_(video_672.mp4)_f_256.jpg,c_23,1,0.999737,1
ViT-B/16,0,c_23_v_(video_672.mp4)_f_397.jpg,c_23,1,0.997810,1
ViT-B/16,0,c_23_v_(video_672.mp4)_f_778.jpg,c_23,1,0.583669,1
ViT-B/16,0,c_23_v_(video_674.mp4)_f_1579.jpg,c_23,1,0.999666,1
ViT-B/16,0,c_23_v_(video_674.mp4)_f_41.jpg,c_23,1,0.998059,1
ViT-B/16,0,c_23_v_(video_674.mp4)_f_837.jpg,c_23,1,0.999421,1
ViT-B/16,0,c_23_v_(video_674.mp4)_f_870.jpg,c_23,1,0.999600,1
ViT-B/16,0,c_27_v_(video_829.mp4)_f_0.jpg,c_27,1,0.999510,1
ViT-B/16,0,c_31_v_(video_1002.mp4)_f_499.jpg,c_31,1,0.999748,1
ViT-B/16,0,c_31_v_(video_1002.mp4)_f_91.jpg,c_31,1,0.999469,1
ViT-B/16,0,c_31_v_(video_1004.mp4)_f_869.jpg,c_31,1,0.999333,1
ViT-B/16,0,c_31_v_(video_993.mp4)_f_75.jpg,c_31,1,0.994416,1
ViT-B/16,0,c_31_v_(video_997.mp4)_f_161.jpg,c_31,1,0.998872,1
ViT-B/16,0,c_31_v_(video_998.mp4)_f_85.jpg,c_31,1,0.997876,1
ViT-B/16,0,c_34_v_(video_1099.mp4)_f_261.jpg,c_34,1,0.975264,1
ViT-B/16,0,c_34_v_(video_1099.mp4)_f_5.jpg,c_34,1,0.998262,1
ViT-B/16,0,c_42_v_(video_1320.mp4)_f_565.jpg,c_42,1,0.997336,1
ViT-B/16,0,c_42_v_(video_1320.mp4)_f_653.jpg,c_42,1,0.999781,1
ViT-B/16,0,c_42_v_(video_1322.mp4)_f_276.jpg,c_42,1,0.999654,1
ViT-B/16,0,c_42_v_(video_1322.mp4)_f_471.jpg,c_42,1,0.999554,1
ViT-B/16,0,c_42_v_(video_1322.mp4)_f_624.jpg,c_42,1,0.999167,1
ViT-B/16,0,c_42_v_(video_1323.mp4)_f_183.jpg,c_42,1,0.999382,1
ViT-B/16,0,c_5_v_(video_62.mp4)_f_681.jpg,c_5,1,0.999456,1
ViT-B/16,0,c_5_v_(video_64.mp4)_f_712.jpg,c_5,1,0.999541,1
ViT-B/16,0,c_5_v_(video_66.mp4)_f_1754.jpg,c_5,1,0.999825,1
ViT-B/16,0,c_5_v_(video_66.mp4)_f_3.jpg,c_5,1,0.994521,1
ViT-B/16,0,c_61_v_(video_1990.mp4)_f_194.jpg,c_61,1,0.997451,1
ViT-B/16,0,c_61_v_(video_1991.mp4)_f_140.jpg,c_61,1,0.999778,1
ViT-B/16,0,c_61_v_(video_1991.mp4)_f_83.jpg,c_61,1,0.999443,1
ViT-B/16,0,c_82_v_(video_2507.mp4)_f_2154.jpg,c_82,1,0.999825,1
ViT-B/16,0,c_97_v_(video_2912.mp4)_f_71.jpg,c_97,1,0.986761,1
ViT-B/16,0,c_97_v_(video_2915.mp4)_f_114.jpg,c_97,1,0.998790,1
ViT-B/16,0,c_97_v_(video_2915.mp4)_f_16.jpg,c_97,1,0.995339,1
ViT-B/16,0,c_9_v_(video_168.mp4)_f_1146.jpg,c_9,1,0.004352,0
ViT-B/16,0,c_9_v_(video_168.mp4)_f_2210.jpg,c_9,1,0.994759,1
ViT-B/16,0,c_9_v_(video_168.mp4)_f_515.jpg,c_9,1,0.514099,1
ViT-B/16,0,c_9_v_(video_168.mp4)_f_517.jpg,c_9,1,0.802362,1
ViT-B/16,0,c_9_v_(video_168.mp4)_f_670.jpg,c_9,1,0.008020,0
ViT-B/16,0,c_9_v_(video_169.mp4)_f_79.jpg,c_9,1,0.033107,0
ViT-B/16,0,c_9_v_(video_170.mp4)_f_111.jpg,c_9,1,0.999788,1
ViT-B/16,0,c_9_v_(video_172.mp4)_f_0.jpg,c_9,1,0.999069,1
ViT-B/16,0,v_2507_s_0-853__f_688.jpg,v_2507_s_0-853,0,0.754644,1
ViT-B/16,0,v_2507_s_0-853__f_200.jpg,v_2507_s_0-853,0,0.998089,1
ViT-B/16,0,v_2507_s_0-853__f_120.jpg,v_2507_s_0-853,0,0.999238,1
ViT-B/16,0,v_2507_s_0-853__f_782.jpg,v_2507_s_0-853,0,0.998840,1
ViT-B/16,0,v_2507_s_0-853__f_351.jpg,v_2507_s_0-853,0,0.827269,1
ViT-B/16,0,v_2507_s_0-853__f_323.jpg,v_2507_s_0-853,0,0.921895,1
ViT-B/16,0,v_2507_s_0-853__f_303.jpg,v_2507_s_0-853,0,0.705608,1
ViT-B/16,0,v_2507_s_0-853__f_226.jpg,v_2507_s_0-853,0,0.996768,1
ViT-B/16,0,v_2507_s_0-853__f_778.jpg,v_2507_s_0-853,0,0.998378,1
ViT-B/16,0,v_2507_s_0-853__f_192.jpg,v_2507_s_0-853,0,0.997051,1
ViT-B/16,0,v_2507_s_0-853__f_721.jpg,v_2507_s_0-853,0,0.953770,1
ViT-B/16,0,v_2507_s_0-853__f_781.jpg,v_2507_s_0-853,0,0.974342,1
ViT-B/16,0,v_2507_s_0-853__f_600.jpg,v_2507_s_0-853,0,0.983169,1
ViT-B/16,0,v_2507_s_0-853__f_179.jpg,v_2507_s_0-853,0,0.995159,1
ViT-B/16,0,v_3315_s_1-237__f_33.jpg,v_3315_s_1-237,0,0.001003,0
ViT-B/16,0,v_3315_s_1-237__f_124.jpg,v_3315_s_1-237,0,0.001026,0
ViT-B/16,0,v_3315_s_1-237__f_104.jpg,v_3315_s_1-237,0,0.002447,0
ViT-B/16,0,v_3315_s_1-237__f_57.jpg,v_3315_s_1-237,0,0.003578,0
ViT-B/16,0,v_3315_s_1-237__f_162.jpg,v_3315_s_1-237,0,0.000944,0
ViT-B/16,0,v_3315_s_1-237__f_155.jpg,v_3315_s_1-237,0,0.000739,0
ViT-B/16,0,v_3315_s_1-237__f_150.jpg,v_3315_s_1-237,0,0.001599,0
ViT-B/16,0,v_3315_s_1-237__f_130.jpg,v_3315_s_1-237,0,0.001436,0
ViT-B/16,0,v_3315_s_1-237__f_56.jpg,v_3315_s_1-237,0,0.003994,0
ViT-B/16,0,v_3315_s_1-237__f_122.jpg,v_3315_s_1-237,0,0.001150,0
ViT-B/16,0,v_3315_s_1-237__f_42.jpg,v_3315_s_1-237,0,0.006044,0
ViT-B/16,0,v_3315_s_1-237__f_96.jpg,v_3315_s_1-237,0,0.002489,0
ViT-B/16,0,v_3315_s_1-237__f_224.jpg,v_3315_s_1-237,0,0.001127,0
ViT-B/16,0,v_3315_s_1-237__f_119.jpg,v_3315_s_1-237,0,0.002688,0
ViT-B/16,0,v_3712_s_949-1095__f_1028.jpg,v_3712_s_949-1095,0,0.983823,1
ViT-B/16,0,v_3712_s_949-1095__f_1006.jpg,v_3712_s_949-1095,0,0.066906,0
ViT-B/16,0,v_3712_s_949-1095__f_1070.jpg,v_3712_s_949-1095,0,0.002850,0
ViT-B/16,0,v_3712_s_949-1095__f_1062.jpg,v_3712_s_949-1095,0,0.027178,0
ViT-B/16,0,v_3712_s_949-1095__f_1057.jpg,v_3712_s_949-1095,0,0.057248,0
ViT-B/16,0,v_3712_s_949-1095__f_1035.jpg,v_3712_s_949-1095,0,0.023094,0
ViT-B/16,0,v_3712_s_949-1095__f_1026.jpg,v_3712_s_949-1095,0,0.945895,1
ViT-B/16,0,v_3712_s_949-1095__f_1022.jpg,v_3712_s_949-1095,0,0.406503,0
ViT-B/16,0,v_3712_s_949-1095__f_962.jpg,v_3712_s_949-1095,0,0.243967,0
ViT-B/16,0,v_3712_s_949-1095__f_1008.jpg,v_3712_s_949-1095,0,0.085639,0
ViT-B/16,0,v_3712_s_949-1095__f_1007.jpg,v_3712_s_949-1095,0,0.067708,0
ViT-B/16,0,v_3712_s_949-1095__f_1023.jpg,v_3712_s_949-1095,0,0.632263,1
ViT-B/16,0,v_3712_s_949-1095__f_1055.jpg,v_3712_s_949-1095,0,0.021458,0
ViT-B/16,0,v_3712_s_949-1095__f_1059.jpg,v_3712_s_949-1095,0,0.126390,0
ViT-B/16,0,v_4761_s_0-354__f_75.jpg,v_4761_s_0-354,0,0.002175,0
ViT-B/16,0,v_4761_s_0-354__f_15.jpg,v_4761_s_0-354,0,0.003104,0
ViT-B/16,0,v_4761_s_0-354__f_109.jpg,v_4761_s_0-354,0,0.004561,0
ViT-B/16,0,v_4761_s_0-354__f_224.jpg,v_4761_s_0-354,0,0.001459,0
ViT-B/16,0,v_4761_s_0-354__f_210.jpg,v_4761_s_0-354,0,0.002351,0
ViT-B/16,0,v_4761_s_0-354__f_200.jpg,v_4761_s_0-354,0,0.005913,0
ViT-B/16,0,v_4761_s_0-354__f_162.jpg,v_4761_s_0-354,0,0.015214,0
ViT-B/16,0,v_4761_s_0-354__f_145.jpg,v_4761_s_0-354,0,0.007654,0
ViT-B/16,0,v_4761_s_0-354__f_35.jpg,v_4761_s_0-354,0,0.004797,0
ViT-B/16,0,v_4761_s_0-354__f_138.jpg,v_4761_s_0-354,0,0.008591,0
ViT-B/16,0,v_4761_s_0-354__f_52.jpg,v_4761_s_0-354,0,0.006805,0
ViT-B/16,0,v_4761_s_0-354__f_293.jpg,v_4761_s_0-354,0,0.001931,0
ViT-B/16,0,v_4761_s_0-354__f_112.jpg,v_4761_s_0-354,0,0.003546,0
ViT-B/16,0,v_4761_s_0-354__f_111.jpg,v_4761_s_0-354,0,0.004251,0
ViT-B/16,0,v_4770_s_2421-2463__f_2461.jpg,v_4770_s_2421-2463,0,0.806543,1
ViT-B/16,0,v_4770_s_2421-2463__f_2428.jpg,v_4770_s_2421-2463,0,0.773978,1
ViT-B/16,0,v_4770_s_2421-2463__f_2422.jpg,v_4770_s_2421-2463,0,0.958408,1
ViT-B/16,0,v_4770_s_2421-2463__f_2438.jpg,v_4770_s_2421-2463,0,0.632746,1
ViT-B/16,0,v_4770_s_2421-2463__f_2436.jpg,v_4770_s_2421-2463,0,0.678734,1
ViT-B/16,0,v_4770_s_2421-2463__f_2435.jpg,v_4770_s_2421-2463,0,0.693618,1
ViT-B/16,0,v_4770_s_2421-2463__f_2429.jpg,v_4770_s_2421-2463,0,0.846363,1
ViT-B/16,0,v_4770_s_2421-2463__f_2427.jpg,v_4770_s_2421-2463,0,0.567003,1
ViT-B/16,0,v_4770_s_2421-2463__f_2426.jpg,v_4770_s_2421-2463,0,0.751758,1
ViT-B/16,0,v_4770_s_2421-2463__f_2448.jpg,v_4770_s_2421-2463,0,0.815017,1
ViT-B/16,0,v_4770_s_2421-2463__f_2423.jpg,v_4770_s_2421-2463,0,0.945553,1
ViT-B/16,0,v_4770_s_2421-2463__f_2421.jpg,v_4770_s_2421-2463,0,0.944360,1
ViT-B/16,0,v_4770_s_2421-2463__f_2452.jpg,v_4770_s_2421-2463,0,0.679061,1
ViT-B/16,0,v_4770_s_2421-2463__f_2455.jpg,v_4770_s_2421-2463,0,0.880192,1
ViT-B/16,0,v_4770_s_30-361__f_96.jpg,v_4770_s_30-361,0,0.004951,0
ViT-B/16,0,v_4770_s_30-361__f_157.jpg,v_4770_s_30-361,0,0.016018,0
ViT-B/16,0,v_4770_s_30-361__f_112.jpg,v_4770_s_30-361,0,0.003546,0
ViT-B/16,0,v_4770_s_30-361__f_240.jpg,v_4770_s_30-361,0,0.001891,0
ViT-B/16,0,v_4770_s_30-361__f_225.jpg,v_4770_s_30-361,0,0.000982,0
ViT-B/16,0,v_4770_s_30-361__f_214.jpg,v_4770_s_30-361,0,0.003362,0
ViT-B/16,0,v_4770_s_30-361__f_171.jpg,v_4770_s_30-361,0,0.006136,0
ViT-B/16,0,v_4770_s_30-361__f_152.jpg,v_4770_s_30-361,0,0.004741,0
ViT-B/16,0,v_4770_s_30-361__f_48.jpg,v_4770_s_30-361,0,0.007560,0
ViT-B/16,0,v_4770_s_30-361__f_144.jpg,v_4770_s_30-361,0,0.010707,0
ViT-B/16,0,v_4770_s_30-361__f_71.jpg,v_4770_s_30-361,0,0.003172,0
ViT-B/16,0,v_4770_s_30-361__f_314.jpg,v_4770_s_30-361,0,0.019437,0
ViT-B/16,0,v_4770_s_30-361__f_116.jpg,v_4770_s_30-361,0,0.003722,0
ViT-B/16,1,c_105_v_(video_3214.mp4)_f_2954.jpg,c_105,1,0.999164,1
ViT-B/16,1,c_10_v_(video_182.mp4)_f_494.jpg,c_10,1,0.999168,1
ViT-B/16,1,c_10_v_(video_184.mp4)_f_22.jpg,c_10,1,0.992086,1
ViT-B/16,1,c_10_v_(video_185.mp4)_f_112.jpg,c_10,1,0.998066,1
ViT-B/16,1,c_10_v_(video_185.mp4)_f_176.jpg,c_10,1,0.999363,1
ViT-B/16,1,c_10_v_(video_186.mp4)_f_200.jpg,c_10,1,0.996547,1
ViT-B/16,1,c_10_v_(video_188.mp4)_f_455.jpg,c_10,1,0.525927,1
ViT-B/16,1,c_12_v_(video_364.mp4)_f_253.jpg,c_12,1,0.156095,0
ViT-B/16,1,c_12_v_(video_365.mp4)_f_174.jpg,c_12,1,0.998446,1
ViT-B/16,1,c_12_v_(video_365.mp4)_f_49.jpg,c_12,1,0.856511,1
ViT-B/16,1,c_12_v_(video_368.mp4)_f_167.jpg,c_12,1,0.997849,1
ViT-B/16,1,c_12_v_(video_368.mp4)_f_261.jpg,c_12,1,0.998990,1
ViT-B/16,1,c_12_v_(video_370.mp4)_f_25.jpg,c_12,1,0.997771,1
ViT-B/16,1,c_12_v_(video_370.mp4)_f_67.jpg,c_12,1,0.999066,1
ViT-B/16,1,c_137_v_(video_4143.mp4)_f_1016.jpg,c_137,1,0.612604,1
ViT-B/16,1,c_137_v_(video_4143.mp4)_f_427.jpg,c_137,1,0.887168,1
ViT-B/16,1,c_137_v_(video_4143.mp4)_f_639.jpg,c_137,1,0.989412,1
ViT-B/16,1,c_141_v_(video_4253.mp4)_f_205.jpg,c_141,1,0.995143,1
ViT-B/16,1,c_141_v_(video_4253.mp4)_f_386.jpg,c_141,1,0.999205,1
ViT-B/16,1,c_141_v_(video_4253.mp4)_f_55.jpg,c_141,1,0.999258,1
ViT-B/16,1,c_141_v_(video_4254.mp4)_f_324.jpg,c_141,1,0.998594,1
ViT-B/16,1,c_141_v_(video_4254.mp4)_f_5.jpg,c_141,1,0.999297,1
ViT-B/16,1,c_141_v_(video_4257.mp4)_f_115.jpg,c_141,1,0.999603,1
ViT-B/16,1,c_141_v_(video_4257.mp4)_f_212.jpg,c_141,1,0.998924,1
ViT-B/16,1,c_141_v_(video_4257.mp4)_f_272.jpg,c_141,1,0.999587,1
ViT-B/16,1,c_141_v_(video_4299.mp4)_f_29.jpg,c_141,1,0.989736,1
ViT-B/16,1,c_168_v_(video_5163.mp4)_f_264.jpg,c_168,1,0.999079,1
ViT-B/16,1,c_16_v_(video_467.mp4)_f_184.jpg,c_16,1,0.996453,1
ViT-B/16,1,c_16_v_(video_471.mp4)_f_220.jpg,c_16,1,0.999288,1
ViT-B/16,1,c_174_v_(video_5312.mp4)_f_1125.jpg,c_174,1,0.022021,0
ViT-B/16,1,c_174_v_(video_5312.mp4)_f_1319.jpg,c_174,1,0.092734,0
ViT-B/16,1,c_24_v_(video_693.mp4)_f_136.jpg,c_24,1,0.019223,0
ViT-B/16,1,c_24_v_(video_693.mp4)_f_1495.jpg,c_24,1,0.011641,0
ViT-B/16,1,c_24_v_(video_693.mp4)_f_1606.jpg,c_24,1,0.936169,1
ViT-B/16,1,c_24_v_(video_693.mp4)_f_1630.jpg,c_24,1,0.161936,0
ViT-B/16,1,c_24_v_(video_693.mp4)_f_1697.jpg,c_24,1,0.986515,1
ViT-B/16,1,c_24_v_(video_695.mp4)_f_166.jpg,c_24,1,0.989760,1
ViT-B/16,1,c_24_v_(video_704.mp4)_f_198.jpg,c_24,1,0.999426,1
ViT-B/16,1,c_29_v_(video_940.mp4)_f_1371.jpg,c_29,1,0.998517,1
ViT-B/16,1,c_29_v_(video_940.mp4)_f_1635.jpg,c_29,1,0.999383,1
ViT-B/16,1,c_37_v_(video_1215.mp4)_f_0.jpg,c_37,1,0.996937,1
ViT-B/16,1,c_37_v_(video_1229.mp4)_f_36.jpg,c_37,1,0.999095,1
ViT-B/16,1,c_3_v_(video_24.mp4)_f_72.jpg,c_3,1,0.729214,1
ViT-B/16,1,c_3_v_(video_25.mp4)_f_238.jpg,c_3,1,0.994167,1
ViT-B/16,1,c_3_v_(video_25.mp4)_f_249.jpg,c_3,1,0.997608,1
ViT-B/16,1,c_3_v_(video_25.mp4)_f_348.jpg,c_3,1,0.912992,1
ViT-B/16,1,c_3_v_(video_27.mp4)_f_163.jpg,c_3,1,0.808912,1
ViT-B/16,1,c_3_v_(video_27.mp4)_f_338.jpg,c_3,1,0.999189,1
ViT-B/16,1,c_3_v_(video_27.mp4)_f_501.jpg,c_3,1,0.999018,1
ViT-B/16,1,c_3_v_(video_29.mp4)_f_287.jpg,c_3,1,0.999287,1
ViT-B/16,1,c_3_v_(video_29.mp4)_f_443.jpg,c_3,1,0.998713,1
ViT-B/16,1,c_3_v_(video_29.mp4)_f_480.jpg,c_3,1,0.999059,1
ViT-B/16,1,c_3_v_(video_29.mp4)_f_510.jpg,c_3,1,0.998132,1
ViT-B/16,1,c_3_v_(video_29.mp4)_f_627.jpg,c_3,1,0.996778,1
ViT-B/16,1,c_44_v_(video_1373.mp4)_f_1199.jpg,c_44,1,0.992954,1
ViT-B/16,1,c_44_v_(video_1373.mp4)_f_201.jpg,c_44,1,0.992372,1
ViT-B/16,1,c_44_v_(video_1373.mp4)_f_211.jpg,c_44,1,0.997070,1
ViT-B/16,1,c_44_v_(video_1373.mp4)_f_215.jpg,c_44,1,0.996520,1
ViT-B/16,1,c_44_v_(video_1373.mp4)_f_903.jpg,c_44,1,0.999063,1
ViT-B/16,1,c_44_v_(video_1377.mp4)_f_212.jpg,c_44,1,0.999806,1
ViT-B/16,1,c_51_v_(video_1638.mp4)_f_1710.jpg,c_51,1,0.943871,1
ViT-B/16,1,c_51_v_(video_1640.mp4)_f_1162.jpg,c_51,1,0.996518,1
ViT-B/16,1,c_51_v_(video_1640.mp4)_f_25.jpg,c_51,1,0.977098,1
ViT-B/16,1,c_51_v_(video_1640.mp4)_f_535.jpg,c_51,1,0.040008,0
ViT-B/16,1,c_51_v_(video_1640.mp4)_f_643.jpg,c_51,1,0.997692,1
ViT-B/16,1,c_58_v_(video_1853.mp4)_f_1061.jpg,c_58,1,0.998768,1
ViT-B/16,1,c_58_v_(video_1853.mp4)_f_109.jpg,c_58,1,0.993190,1
ViT-B/16,1,c_58_v_(video_1853.mp4)_f_510.jpg,c_58,1,0.997846,1
ViT-B/16,1,c_58_v_(video_1853.mp4)_f_586.jpg,c_58,1,0.998981,1
ViT-B/16,1,c_58_v_(video_1875.mp4)_f_281.jpg,c_58,1,0.995214,1
ViT-B/16,1,c_60_v_(video_1945.mp4)_f_1392.jpg,c_60,1,0.998879,1
ViT-B/16,1,c_60_v_(video_1945.mp4)_f_366.jpg,c_60,1,0.001428,0
ViT-B/16,1,c_60_v_(video_1945.mp4)_f_52.jpg,c_60,1,0.991046,1
ViT-B/16,1,c_60_v_(video_1946.mp4)_f_1754.jpg,c_60,1,0.998139,1
ViT-B/16,1,c_60_v_(video_1946.mp4)_f_792.jpg,c_60,1,0.130665,0
ViT-B/16,1,c_60_v_(video_1946.mp4)_f_963.jpg,c_60,1,0.996971,1
ViT-B/16,1,c_69_v_(video_2170.mp4)_f_711.jpg,c_69,1,0.494031,0
ViT-B/16,1,c_69_v_(video_2171.mp4)_f_40.jpg,c_69,1,0.996736,1
ViT-B/16,1,c_77_v_(video_2376.mp4)_f_578.jpg,c_77,1,0.993156,1
ViT-B/16,1,c_77_v_(video_2376.mp4)_f_817.jpg,c_77,1,0.998166,1
ViT-B/16,1,c_77_v_(video_2376.mp4)_f_938.jpg,c_77,1,0.993402,1
ViT-B/16,1,c_77_v_(video_2383.mp4)_f_171.jpg,c_77,1,0.999585,1
ViT-B/16,1,c_77_v_(video_2383.mp4)_f_54.jpg,c_77,1,0.999460,1
ViT-B/16,1,c_85_v_(video_2607.mp4)_f_284.jpg,c_85,1,0.988643,1
ViT-B/16,1,c_85_v_(video_2607.mp4)_f_733.jpg,c_85,1,0.176784,0
ViT-B/16,1,c_88_v_(video_2665.mp4)_f_2058.jpg,c_88,1,0.415828,0
ViT-B/16,1,c_88_v_(video_2665.mp4)_f_485.jpg,c_88,1,0.888926,1
ViT-B/16,1,c_8_v_(video_145.mp4)_f_496.jpg,c_8,1,0.995155,1
ViT-B/16,1,c_8_v_(video_146.mp4)_f_298.jpg,c_8,1,0.996277,1
ViT-B/16,1,c_8_v_(video_146.mp4)_f_344.jpg,c_8,1,0.974395,1
ViT-B/16,1,c_8_v_(video_146.mp4)_f_388.jpg,c_8,1,0.997097,1
ViT-B/16,1,c_8_v_(video_147.mp4)_f_11.jpg,c_8,1,0.998386,1
ViT-B/16,1,c_8_v_(video_148.mp4)_f_1079.jpg,c_8,1,0.997103,1
ViT-B/16,1,c_8_v_(video_148.mp4)_f_164.jpg,c_8,1,0.999489,1
ViT-B/16,1,c_8_v_(video_148.mp4)_f_185.jpg,c_8,1,0.996284,1
ViT-B/16,1,c_8_v_(video_148.mp4)_f_2515.jpg,c_8,1,0.994542,1
ViT-B/16,1,c_8_v_(video_148.mp4)_f_2723.jpg,c_8,1,0.185863,0
ViT-B/16,1,c_8_v_(video_148.mp4)_f_973.jpg,c_8,1,0.990837,1
ViT-B/16,1,c_8_v_(video_153.mp4)_f_2707.jpg,c_8,1,0.999275,1
ViT-B/16,1,v_2506_s_0-95__f_82.jpg,v_2506_s_0-95,0,0.034579,0
ViT-B/16,1,v_2506_s_0-95__f_21.jpg,v_2506_s_0-95,0,0.004726,0
ViT-B/16,1,v_2506_s_0-95__f_11.jpg,v_2506_s_0-95,0,0.108579,0
ViT-B/16,1,v_2506_s_0-95__f_40.jpg,v_2506_s_0-95,0,0.001834,0
ViT-B/16,1,v_2506_s_0-95__f_37.jpg,v_2506_s_0-95,0,0.006492,0
ViT-B/16,1,v_2506_s_0-95__f_34.jpg,v_2506_s_0-95,0,0.011072,0
ViT-B/16,1,v_2506_s_0-95__f_24.jpg,v_2506_s_0-95,0,0.008043,0
ViT-B/16,1,v_2506_s_0-95__f_20.jpg,v_2506_s_0-95,0,0.008169,0
ViT-B/16,1,v_2506_s_0-95__f_87.jpg,v_2506_s_0-95,0,0.033449,0
ViT-B/16,1,v_2506_s_0-95__f_71.jpg,v_2506_s_0-95,0,0.020035,0
ViT-B/16,1,v_2506_s_0-95__f_19.jpg,v_2506_s_0-95,0,0.007532,0
ViT-B/16,1,v_2506_s_0-95__f_77.jpg,v_2506_s_0-95,0,0.410022,0
ViT-B/16,1,v_2506_s_0-95__f_58.jpg,v_2506_s_0-95,0,0.033961,0
ViT-B/16,1,v_2506_s_0-95__f_12.jpg,v_2506_s_0-95,0,0.023984,0
ViT-B/16,1,v_2507_s_2320-3371__f_2548.jpg,v_2507_s_2320-3371,0,0.003198,0
ViT-B/16,1,v_2507_s_2320-3371__f_2371.jpg,v_2507_s_2320-3371,0,0.002799,0
ViT-B/16,1,v_2507_s_2320-3371__f_2883.jpg,v_2507_s_2320-3371,0,0.953734,1
ViT-B/16,1,v_2507_s_2320-3371__f_2821.jpg,v_2507_s_2320-3371,0,0.049951,0
ViT-B/16,1,v_2507_s_2320-3371__f_2777.jpg,v_2507_s_2320-3371,0,0.174608,0
ViT-B/16,1,v_2507_s_2320-3371__f_2605.jpg,v_2507_s_2320-3371,0,0.083422,0
ViT-B/16,1,v_2507_s_2320-3371__f_2529.jpg,v_2507_s_2320-3371,0,0.008014,0
ViT-B/16,1,v_2507_s_2320-3371__f_2498.jpg,v_2507_s_2320-3371,0,0.006777,0
ViT-B/16,1,v_2507_s_2320-3371__f_3184.jpg,v_2507_s_2320-3371,0,0.675411,1
ViT-B/16,1,v_2507_s_2320-3371__f_2385.jpg,v_2507_s_2320-3371,0,0.002178,0
ViT-B/16,1,v_2507_s_2320-3371__f_2381.jpg,v_2507_s_2320-3371,0,0.003617,0
ViT-B/16,1,v_2507_s_2320-3371__f_2511.jpg,v_2507_s_2320-3371,0,0.013015,0
ViT-B/16,1,v_2507_s_2320-3371__f_2767.jpg,v_2507_s_2320-3371,0,0.354088,0
ViT-B/16,1,v_2507_s_2320-3371__f_2796.jpg,v_2507_s_2320-3371,0,0.021755,0
ViT-B/16,1,v_3528_s_1030-2231__f_1258.jpg,v_3528_s_1030-2231,0,0.176447,0
ViT-B/16,1,v_3528_s_1030-2231__f_1081.jpg,v_3528_s_1030-2231,0,0.154192,0
ViT-B/16,1,v_3528_s_1030-2231__f_1593.jpg,v_3528_s_1030-2231,0,0.916810,1
ViT-B/16,1,v_3528_s_1030-2231__f_1531.jpg,v_3528_s_1030-2231,0,0.944911,1
ViT-B/16,1,v_3528_s_1030-2231__f_1487.jpg,v_3528_s_1030-2231,0,0.998235,1
ViT-B/16,1,v_3528_s_1030-2231__f_1315.jpg,v_3528_s_1030-2231,0,0.334449,0
ViT-B/16,1,v_3528_s_1030-2231__f_1239.jpg,v_3528_s_1030-2231,0,0.053203,0
ViT-B/16,1,v_3528_s_1030-2231__f_2146.jpg,v_3528_s_1030-2231,0,0.003079,0
ViT-B/16,1,v_3528_s_1030-2231__f_1208.jpg,v_3528_s_1030-2231,0,0.022213,0
ViT-B/16,1,v_3528_s_1030-2231__f_1894.jpg,v_3528_s_1030-2231,0,0.102202,0
ViT-B/16,1,v_3528_s_1030-2231__f_1095.jpg,v_3528_s_1030-2231,0,0.098884,0
ViT-B/16,1,v_3528_s_1030-2231__f_1091.jpg,v_3528_s_1030-2231,0,0.040386,0
ViT-B/16,1,v_3528_s_1030-2231__f_1221.jpg,v_3528_s_1030-2231,0,0.012220,0
ViT-B/16,1,v_3528_s_1030-2231__f_1477.jpg,v_3528_s_1030-2231,0,0.981292,1
ViT-B/16,1,v_4770_s_2649-3117__f_2976.jpg,v_4770_s_2649-3117,0,0.012993,0
ViT-B/16,1,v_4770_s_2649-3117__f_2706.jpg,v_4770_s_2649-3117,0,0.045745,0
ViT-B/16,1,v_4770_s_2649-3117__f_2661.jpg,v_4770_s_2649-3117,0,0.176253,0
ViT-B/16,1,v_4770_s_2649-3117__f_3028.jpg,v_4770_s_2649-3117,0,0.069909,0
ViT-B/16,1,v_4770_s_2649-3117__f_2789.jpg,v_4770_s_2649-3117,0,0.013494,0
ViT-B/16,1,v_4770_s_2649-3117__f_2774.jpg,v_4770_s_2649-3117,0,0.108936,0
ViT-B/16,1,v_4770_s_2649-3117__f_2763.jpg,v_4770_s_2649-3117,0,0.032253,0
ViT-B/16,1,v_4770_s_2649-3117__f_2720.jpg,v_4770_s_2649-3117,0,0.980293,1
ViT-B/16,1,v_4770_s_2649-3117__f_3026.jpg,v_4770_s_2649-3117,0,0.101693,0
ViT-B/16,1,v_4770_s_2649-3117__f_2701.jpg,v_4770_s_2649-3117,0,0.007752,0
ViT-B/16,1,v_4770_s_2649-3117__f_2995.jpg,v_4770_s_2649-3117,0,0.008656,0
ViT-B/16,1,v_4770_s_2649-3117__f_3113.jpg,v_4770_s_2649-3117,0,0.061195,0
ViT-B/16,1,v_4770_s_2649-3117__f_2928.jpg,v_4770_s_2649-3117,0,0.121365,0
ViT-B/16,1,v_5280_s_89-491__f_427.jpg,v_5280_s_89-491,0,0.045881,0
ViT-B/16,1,v_5280_s_89-491__f_157.jpg,v_5280_s_89-491,0,0.003333,0
ViT-B/16,1,v_5280_s_89-491__f_112.jpg,v_5280_s_89-491,0,0.549511,1
ViT-B/16,1,v_5280_s_89-491__f_479.jpg,v_5280_s_89-491,0,0.046989,0
ViT-B/16,1,v_5280_s_89-491__f_240.jpg,v_5280_s_89-491,0,0.078843,0
ViT-B/16,1,v_5280_s_89-491__f_225.jpg,v_5280_s_89-491,0,0.007175,0
ViT-B/16,1,v_5280_s_89-491__f_214.jpg,v_5280_s_89-491,0,0.156892,0
ViT-B/16,1,v_5280_s_89-491__f_171.jpg,v_5280_s_89-491,0,0.021544,0
ViT-B/16,1,v_5280_s_89-491__f_477.jpg,v_5280_s_89-491,0,0.046772,0
ViT-B/16,1,v_5280_s_89-491__f_152.jpg,v_5280_s_89-491,0,0.087822,0
ViT-B/16,1,v_5280_s_89-491__f_446.jpg,v_5280_s_89-491,0,0.124287,0
ViT-B/16,1,v_5280_s_89-491__f_96.jpg,v_5280_s_89-491,0,0.050224,0
ViT-B/16,1,v_5280_s_89-491__f_379.jpg,v_5280_s_89-491,0,0.008681,0
ViT-B/16,2,c_102_v_(video_3119.mp4)_f_1311.jpg,c_102,1,0.999688,1
ViT-B/16,2,c_102_v_(video_3119.mp4)_f_185.jpg,c_102,1,0.999647,1
ViT-B/16,2,c_102_v_(video_3124.mp4)_f_97.jpg,c_102,1,0.999793,1
ViT-B/16,2,c_102_v_(video_3130.mp4)_f_0.jpg,c_102,1,0.999054,1
ViT-B/16,2,c_113_v_(video_3427.mp4)_f_211.jpg,c_113,1,0.284548,0
ViT-B/16,2,c_114_v_(video_3461.mp4)_f_610.jpg,c_114,1,0.998953,1
ViT-B/16,2,c_117_v_(video_3530.mp4)_f_811.jpg,c_117,1,0.999708,1
ViT-B/16,2,c_117_v_(video_3533.mp4)_f_195.jpg,c_117,1,0.999769,1
ViT-B/16,2,c_121_v_(video_3630.mp4)_f_37.jpg,c_121,1,0.999562,1
ViT-B/16,2,c_127_v_(video_3756.mp4)_f_40.jpg,c_127,1,0.999621,1
ViT-B/16,2,c_145_v_(video_4391.mp4)_f_27.jpg,c_145,1,0.999872,1
ViT-B/16,2,c_178_v_(video_5419.mp4)_f_794.jpg,c_178,1,0.997086,1
ViT-B/16,2,c_178_v_(video_5426.mp4)_f_90.jpg,c_178,1,0.999759,1
ViT-B/16,2,c_19_v_(video_507.mp4)_f_2389.jpg,c_19,1,0.999719,1
ViT-B/16,2,c_25_v_(video_774.mp4)_f_1246.jpg,c_25,1,0.999511,1
ViT-B/16,2,c_25_v_(video_774.mp4)_f_608.jpg,c_25,1,0.999800,1
ViT-B/16,2,c_25_v_(video_774.mp4)_f_772.jpg,c_25,1,0.999773,1
ViT-B/16,2,c_25_v_(video_776.mp4)_f_1436.jpg,c_25,1,0.999804,1
ViT-B/16,2,c_25_v_(video_776.mp4)_f_750.jpg,c_25,1,0.993887,1
ViT-B/16,2,c_25_v_(video_777.mp4)_f_33.jpg,c_25,1,0.958669,1
ViT-B/16,2,c_41_v_(video_1297.mp4)_f_140.jpg,c_41,1,0.973827,1
ViT-B/16,2,c_41_v_(video_1297.mp4)_f_500.jpg,c_41,1,0.990677,1
ViT-B/16,2,c_41_v_(video_1297.mp4)_f_826.jpg,c_41,1,0.997512,1
ViT-B/16,2,c_4_v_(video_47.mp4)_f_3852.jpg,c_4,1,0.999009,1
ViT-B/16,2,c_4_v_(video_48.mp4)_f_402.jpg,c_4,1,0.999496,1
ViT-B/16,2,c_50_v_(video_1589.mp4)_f_109.jpg,c_50,1,0.999757,1
ViT-B/16,2,c_50_v_(video_1589.mp4)_f_220.jpg,c_50,1,0.999803,1
ViT-B/16,2,c_55_v_(video_1729.mp4)_f_1915.jpg,c_55,1,0.999683,1
ViT-B/16,2,c_57_v_(video_1790.mp4)_f_557.jpg,c_57,1,0.999797,1
ViT-B/16,2,c_59_v_(video_1898.mp4)_f_1838.jpg,c_59,1,0.999330,1
ViT-B/16,2,c_59_v_(video_1898.mp4)_f_47.jpg,c_59,1,0.969105,1
ViT-B/16,2,c_59_v_(video_1898.mp4)_f_917.jpg,c_59,1,0.999684,1
ViT-B/16,2,c_70_v_(video_2176.mp4)_f_221.jpg,c_70,1,0.999448,1
ViT-B/16,2,c_70_v_(video_2176.mp4)_f_308.jpg,c_70,1,0.992059,1
ViT-B/16,2,c_70_v_(video_2176.mp4)_f_502.jpg,c_70,1,0.997079,1
ViT-B/16,2,c_70_v_(video_2178.mp4)_f_769.jpg,c_70,1,0.999026,1
ViT-B/16,2,c_87_v_(video_2641.mp4)_f_163.jpg,c_87,1,0.999834,1
ViT-B/16,2,c_87_v_(video_2662.mp4)_f_143.jpg,c_87,1,0.999737,1
ViT-B/16,2,v_2607_s_2534-2971__f_2861.jpg,v_2607_s_2534-2971,0,0.999276,1
ViT-B/16,2,v_2607_s_2534-2971__f_2591.jpg,v_2607_s_2534-2971,0,0.996004,1
ViT-B/16,2,v_2607_s_2534-2971__f_2546.jpg,v_2607_s_2534-2971,0,0.884407,1
ViT-B/16,2,v_2607_s_2534-2971__f_2913.jpg,v_2607_s_2534-2971,0,0.998122,1
ViT-B/16,2,v_2607_s_2534-2971__f_2674.jpg,v_2607_s_2534-2971,0,0.696032,1
ViT-B/16,2,v_2607_s_2534-2971__f_2659.jpg,v_2607_s_2534-2971,0,0.344955,0
ViT-B/16,2,v_2607_s_2534-2971__f_2648.jpg,v_2607_s_2534-2971,0,0.913056,1
ViT-B/16,2,v_2607_s_2534-2971__f_2605.jpg,v_2607_s_2534-2971,0,0.990513,1
ViT-B/16,2,v_2607_s_2534-2971__f_2911.jpg,v_2607_s_2534-2971,0,0.997726,1
ViT-B/16,2,v_2607_s_2534-2971__f_2586.jpg,v_2607_s_2534-2971,0,0.992326,1
ViT-B/16,2,v_2607_s_2534-2971__f_2880.jpg,v_2607_s_2534-2971,0,0.998533,1
ViT-B/16,2,v_2607_s_2534-2971__f_2967.jpg,v_2607_s_2534-2971,0,0.153617,0
ViT-B/16,2,v_2607_s_2534-2971__f_2813.jpg,v_2607_s_2534-2971,0,0.996710,1
ViT-B/16,2,v_2607_s_2534-2971__f_2578.jpg,v_2607_s_2534-2971,0,0.998565,1
ViT-B/16,2,v_2736_s_19-698__f_75.jpg,v_2736_s_19-698,0,0.534245,1
ViT-B/16,2,v_2736_s_19-698__f_211.jpg,v_2736_s_19-698,0,0.999588,1
ViT-B/16,2,v_2736_s_19-698__f_125.jpg,v_2736_s_19-698,0,0.007591,0
ViT-B/16,2,v_2736_s_19-698__f_363.jpg,v_2736_s_19-698,0,0.995789,1
ViT-B/16,2,v_2736_s_19-698__f_335.jpg,v_2736_s_19-698,0,0.041460,0
ViT-B/16,2,v_2736_s_19-698__f_315.jpg,v_2736_s_19-698,0,0.995870,1
ViT-B/16,2,v_2736_s_19-698__f_237.jpg,v_2736_s_19-698,0,0.420139,0
ViT-B/16,2,v_2736_s_19-698__f_202.jpg,v_2736_s_19-698,0,0.991587,1
ViT-B/16,2,v_2736_s_19-698__f_615.jpg,v_2736_s_19-698,0,0.999680,1
ViT-B/16,2,v_2736_s_19-698__f_189.jpg,v_2736_s_19-698,0,0.994935,1
ViT-B/16,2,v_2736_s_19-698__f_657.jpg,v_2736_s_19-698,0,0.997591,1
ViT-B/16,2,v_2736_s_19-698__f_500.jpg,v_2736_s_19-698,0,0.999656,1
ViT-B/16,2,v_2736_s_19-698__f_132.jpg,v_2736_s_19-698,0,0.083981,0
ViT-B/16,2,v_2736_s_19-698__f_130.jpg,v_2736_s_19-698,0,0.415773,0
ViT-B/16,2,v_3312_s_0-278__f_15.jpg,v_3312_s_0-278,0,0.288906,0
ViT-B/16,2,v_3312_s_0-278__f_109.jpg,v_3312_s_0-278,0,0.825395,1
ViT-B/16,2,v_3312_s_0-278__f_224.jpg,v_3312_s_0-278,0,0.701927,1
ViT-B/16,2,v_3312_s_0-278__f_210.jpg,v_3312_s_0-278,0,0.175612,0
ViT-B/16,2,v_3312_s_0-278__f_200.jpg,v_3312_s_0-278,0,0.746437,1
ViT-B/16,2,v_3312_s_0-278__f_162.jpg,v_3312_s_0-278,0,0.010723,0
ViT-B/16,2,v_3312_s_0-278__f_145.jpg,v_3312_s_0-278,0,0.043806,0
ViT-B/16,2,v_3312_s_0-278__f_138.jpg,v_3312_s_0-278,0,0.021398,0
ViT-B/16,2,v_3312_s_0-278__f_43.jpg,v_3312_s_0-278,0,0.905353,1
ViT-B/16,2,v_3312_s_0-278__f_112.jpg,v_3312_s_0-278,0,0.982121,1
ViT-B/16,2,v_3312_s_0-278__f_111.jpg,v_3312_s_0-278,0,0.923329,1
ViT-B/16,2,v_3312_s_0-278__f_140.jpg,v_3312_s_0-278,0,0.564597,1
ViT-B/16,2,v_3312_s_0-278__f_199.jpg,v_3312_s_0-278,0,0.440468,0
ViT-B/16,2,v_3312_s_0-278__f_205.jpg,v_3312_s_0-278,0,0.050633,0
ViT-B/16,2,v_3312_s_1737-1823__f_1818.jpg,v_3312_s_1737-1823,0,0.128097,0
ViT-B/16,2,v_3312_s_1737-1823__f_1751.jpg,v_3312_s_1737-1823,0,0.988389,1
ViT-B/16,2,v_3312_s_1737-1823__f_1740.jpg,v_3312_s_1737-1823,0,0.996320,1
ViT-B/16,2,v_3312_s_1737-1823__f_1772.jpg,v_3312_s_1737-1823,0,0.981472,1
ViT-B/16,2,v_3312_s_1737-1823__f_1768.jpg,v_3312_s_1737-1823,0,0.992644,1
ViT-B/16,2,v_3312_s_1737-1823__f_1765.jpg,v_3312_s_1737-1823,0,0.982416,1
ViT-B/16,2,v_3312_s_1737-1823__f_1754.jpg,v_3312_s_1737-1823,0,0.992511,1
ViT-B/16,2,v_3312_s_1737-1823__f_1750.jpg,v_3312_s_1737-1823,0,0.991899,1
ViT-B/16,2,v_3312_s_1737-1823__f_1806.jpg,v_3312_s_1737-1823,0,0.878979,1
ViT-B/16,2,v_3312_s_1737-1823__f_1748.jpg,v_3312_s_1737-1823,0,0.994491,1
ViT-B/16,2,v_3312_s_1737-1823__f_1812.jpg,v_3312_s_1737-1823,0,0.989065,1
ViT-B/16,2,v_3312_s_1737-1823__f_1791.jpg,v_3312_s_1737-1823,0,0.996262,1
ViT-B/16,2,v_3312_s_1737-1823__f_1741.jpg,v_3312_s_1737-1823,0,0.994327,1
ViT-B/16,2,v_3312_s_1737-1823__f_1820.jpg,v_3312_s_1737-1823,0,0.001306,0
ViT-B/16,2,v_3712_s_367-410__f_407.jpg,v_3712_s_367-410,0,0.000787,0
ViT-B/16,2,v_3712_s_367-410__f_374.jpg,v_3712_s_367-410,0,0.876323,1
ViT-B/16,2,v_3712_s_367-410__f_368.jpg,v_3712_s_367-410,0,0.981582,1
ViT-B/16,2,v_3712_s_367-410__f_384.jpg,v_3712_s_367-410,0,0.427174,0
ViT-B/16,2,v_3712_s_367-410__f_382.jpg,v_3712_s_367-410,0,0.014519,0
ViT-B/16,2,v_3712_s_367-410__f_381.jpg,v_3712_s_367-410,0,0.022795,0
ViT-B/16,2,v_3712_s_367-410__f_375.jpg,v_3712_s_367-410,0,0.708129,1
ViT-B/16,2,v_3712_s_367-410__f_373.jpg,v_3712_s_367-410,0,0.762242,1
ViT-B/16,2,v_3712_s_367-410__f_401.jpg,v_3712_s_367-410,0,0.008784,0
ViT-B/16,2,v_3712_s_367-410__f_372.jpg,v_3712_s_367-410,0,0.758701,1
ViT-B/16,2,v_3712_s_367-410__f_394.jpg,v_3712_s_367-410,0,0.010031,0
ViT-B/16,2,v_3712_s_367-410__f_369.jpg,v_3712_s_367-410,0,0.977004,1
ViT-B/16,2,v_3712_s_367-410__f_367.jpg,v_3712_s_367-410,0,0.986248,1
ViT-B/16,2,v_3712_s_367-410__f_398.jpg,v_3712_s_367-410,0,0.006423,0
ViT-B/16,2,v_4044_s_0-253__f_245.jpg,v_4044_s_0-253,0,0.981541,1
ViT-B/16,2,v_4044_s_0-253__f_123.jpg,v_4044_s_0-253,0,0.999608,1
ViT-B/16,2,v_4044_s_0-253__f_103.jpg,v_4044_s_0-253,0,0.999641,1
ViT-B/16,2,v_4044_s_0-253__f_41.jpg,v_4044_s_0-253,0,0.997604,1
ViT-B/16,2,v_4044_s_0-253__f_161.jpg,v_4044_s_0-253,0,0.999626,1
ViT-B/16,2,v_4044_s_0-253__f_154.jpg,v_4044_s_0-253,0,0.999473,1
ViT-B/16,2,v_4044_s_0-253__f_15.jpg,v_4044_s_0-253,0,0.187791,0
ViT-B/16,2,v_4044_s_0-253__f_13.jpg,v_4044_s_0-253,0,0.021543,0
ViT-B/16,2,v_4044_s_0-253__f_40.jpg,v_4044_s_0-253,0,0.994117,1
ViT-B/16,2,v_4044_s_0-253__f_121.jpg,v_4044_s_0-253,0,0.999518,1
ViT-B/16,2,v_4044_s_0-253__f_27.jpg,v_4044_s_0-253,0,0.999340,1
ViT-B/16,2,v_4044_s_0-253__f_96.jpg,v_4044_s_0-253,0,0.999792,1
ViT-B/16,2,v_4044_s_0-253__f_77.jpg,v_4044_s_0-253,0,0.999730,1
ViT-B/16,2,v_4044_s_0-253__f_223.jpg,v_4044_s_0-253,0,0.999534,1
ViT-B/16,2,v_5675_s_277-396__f_358.jpg,v_5675_s_277-396,0,0.958706,1
ViT-B/16,2,v_5675_s_277-396__f_291.jpg,v_5675_s_277-396,0,0.217275,0
ViT-B/16,2,v_5675_s_277-396__f_280.jpg,v_5675_s_277-396,0,0.002947,0
ViT-B/16,2,v_5675_s_277-396__f_371.jpg,v_5675_s_277-396,0,0.281888,0
ViT-B/16,2,v_5675_s_277-396__f_312.jpg,v_5675_s_277-396,0,0.398781,0
ViT-B/16,2,v_5675_s_277-396__f_308.jpg,v_5675_s_277-396,0,0.478651,0
ViT-B/16,2,v_5675_s_277-396__f_305.jpg,v_5675_s_277-396,0,0.691769,1
ViT-B/16,2,v_5675_s_277-396__f_294.jpg,v_5675_s_277-396,0,0.401966,0
ViT-B/16,2,v_5675_s_277-396__f_392.jpg,v_5675_s_277-396,0,0.805818,1
ViT-B/16,2,v_5675_s_277-396__f_290.jpg,v_5675_s_277-396,0,0.173021,0
ViT-B/16,2,v_5675_s_277-396__f_363.jpg,v_5675_s_277-396,0,0.654467,1
ViT-B/16,2,v_5675_s_277-396__f_387.jpg,v_5675_s_277-396,0,0.948233,1
ViT-B/16,2,v_5675_s_277-396__f_346.jpg,v_5675_s_277-396,0,0.845578,1
ViT-B/16,2,v_5675_s_547-736__f_710.jpg,v_5675_s_547-736,0,0.999489,1
ViT-B/16,2,v_5675_s_547-736__f_575.jpg,v_5675_s_547-736,0,0.999625,1
ViT-B/16,2,v_5675_s_547-736__f_553.jpg,v_5675_s_547-736,0,0.999695,1
ViT-B/16,2,v_5675_s_547-736__f_617.jpg,v_5675_s_547-736,0,0.999674,1
ViT-B/16,2,v_5675_s_547-736__f_609.jpg,v_5675_s_547-736,0,0.999654,1
ViT-B/16,2,v_5675_s_547-736__f_604.jpg,v_5675_s_547-736,0,0.999584,1
ViT-B/16,2,v_5675_s_547-736__f_582.jpg,v_5675_s_547-736,0,0.999678,1
ViT-B/16,2,v_5675_s_547-736__f_573.jpg,v_5675_s_547-736,0,0.999560,1
ViT-B/16,2,v_5675_s_547-736__f_720.jpg,v_5675_s_547-736,0,0.999295,1
ViT-B/16,2,v_5675_s_547-736__f_686.jpg,v_5675_s_547-736,0,0.999530,1
ViT-B/16,2,v_5675_s_547-736__f_569.jpg,v_5675_s_547-736,0,0.999662,1
ViT-B/16,2,v_5675_s_547-736__f_698.jpg,v_5675_s_547-736,0,0.999735,1
ViT-B/16,2,v_5675_s_547-736__f_655.jpg,v_5675_s_547-736,0,0.999730,1
ViT-B/16,3,c_100_v_(video_3062.mp4)_f_1458.jpg,c_100,1,0.960873,1
ViT-B/16,3,c_120_v_(video_3598.mp4)_f_713.jpg,c_120,1,0.994156,1
ViT-B/16,3,c_120_v_(video_3599.mp4)_f_39.jpg,c_120,1,0.992771,1
ViT-B/16,3,c_123_v_(video_3706.mp4)_f_659.jpg,c_123,1,0.993683,1
ViT-B/16,3,c_125_v_(video_3726.mp4)_f_247.jpg,c_125,1,0.995975,1
ViT-B/16,3,c_146_v_(video_4410.mp4)_f_2066.jpg,c_146,1,0.853543,1
ViT-B/16,3,c_146_v_(video_4410.mp4)_f_740.jpg,c_146,1,0.961818,1
ViT-B/16,3,c_146_v_(video_4412.mp4)_f_43.jpg,c_146,1,0.990323,1
ViT-B/16,3,c_15_v_(video_449.mp4)_f_2374.jpg,c_15,1,0.006529,0
ViT-B/16,3,c_15_v_(video_449.mp4)_f_2831.jpg,c_15,1,0.995866,1
ViT-B/16,3,c_15_v_(video_450.mp4)_f_623.jpg,c_15,1,0.990381,1
ViT-B/16,3,c_15_v_(video_451.mp4)_f_251.jpg,c_15,1,0.996864,1
ViT-B/16,3,c_15_v_(video_454.mp4)_f_144.jpg,c_15,1,0.998196,1
ViT-B/16,3,c_173_v_(video_5306.mp4)_f_20.jpg,c_173,1,0.994867,1
ViT-B/16,3,c_173_v_(video_5306.mp4)_f_228.jpg,c_173,1,0.894717,1
ViT-B/16,3,c_1_v_(video_17.mp4)_f_1232.jpg,c_1,1,0.995759,1
ViT-B/16,3,c_1_v_(video_17.mp4)_f_530.jpg,c_1,1,0.992272,1
ViT-B/16,3,c_1_v_(video_17.mp4)_f_925.jpg,c_1,1,0.996170,1
ViT-B/16,3,c_1_v_(video_7.mp4)_f_1299.jpg,c_1,1,0.722465,1
ViT-B/16,3,c_1_v_(video_7.mp4)_f_36.jpg,c_1,1,0.993940,1
ViT-B/16,3,c_20_v_(video_539.mp4)_f_16.jpg,c_20,1,0.998789,1
ViT-B/16,3,c_20_v_(video_539.mp4)_f_201.jpg,c_20,1,0.916426,1
ViT-B/16,3,c_20_v_(video_539.mp4)_f_305.jpg,c_20,1,0.999198,1
ViT-B/16,3,c_20_v_(video_539.mp4)_f_560.jpg,c_20,1,0.998648,1
ViT-B/16,3,c_20_v_(video_539.mp4)_f_800.jpg,c_20,1,0.997447,1
ViT-B/16,3,c_22_v_(video_631.mp4)_f_25.jpg,c_22,1,0.985456,1
ViT-B/16,3,c_22_v_(video_631.mp4)_f_358.jpg,c_22,1,0.999222,1
ViT-B/16,3,c_22_v_(video_631.mp4)_f_706.jpg,c_22,1,0.997077,1
ViT-B/16,3,c_22_v_(video_632.mp4)_f_228.jpg,c_22,1,0.998166,1
ViT-B/16,3,c_22_v_(video_632.mp4)_f_2825.jpg,c_22,1,0.041596,0
ViT-B/16,3,c_22_v_(video_634.mp4)_f_22.jpg,c_22,1,0.998735,1
ViT-B/16,3,c_32_v_(video_1044.mp4)_f_1545.jpg,c_32,1,0.993596,1
ViT-B/16,3,c_33_v_(video_1058.mp4)_f_1034.jpg,c_33,1,0.991295,1
ViT-B/16,3,c_33_v_(video_1058.mp4)_f_1254.jpg,c_33,1,0.999007,1
ViT-B/16,3,c_33_v_(video_1058.mp4)_f_1427.jpg,c_33,1,0.998091,1
ViT-B/16,3,c_39_v_(video_1263.mp4)_f_1769.jpg,c_39,1,0.998943,1
ViT-B/16,3,c_39_v_(video_1263.mp4)_f_481.jpg,c_39,1,0.993550,1
ViT-B/16,3,c_40_v_(video_1275.mp4)_f_184.jpg,c_40,1,0.998686,1
ViT-B/16,3,c_40_v_(video_1277.mp4)_f_411.jpg,c_40,1,0.987946,1
ViT-B/16,3,c_40_v_(video_1281.mp4)_f_262.jpg,c_40,1,0.996455,1
ViT-B/16,3,c_40_v_(video_1286.mp4)_f_126.jpg,c_40,1,0.997981,1
ViT-B/16,3,c_40_v_(video_1286.mp4)_f_775.jpg,c_40,1,0.994752,1
ViT-B/16,3,c_40_v_(video_1288.mp4)_f_17.jpg,c_40,1,0.989534,1
ViT-B/16,3,c_48_v_(video_1525.mp4)_f_685.jpg,c_48,1,0.998994,1
ViT-B/16,3,c_48_v_(video_1525.mp4)_f_759.jpg,c_48,1,0.998401,1
ViT-B/16,3,c_52_v_(video_1656.mp4)_f_2711.jpg,c_52,1,0.997511,1
ViT-B/16,3,c_52_v_(video_1656.mp4)_f_5548.jpg,c_52,1,0.828931,1
ViT-B/16,3,c_62_v_(video_2045.mp4)_f_363.jpg,c_62,1,0.982500,1
ViT-B/16,3,c_62_v_(video_2045.mp4)_f_379.jpg,c_62,1,0.480312,0
ViT-B/16,3,c_62_v_(video_2045.mp4)_f_846.jpg,c_62,1,0.962729,1
ViT-B/16,3,c_62_v_(video_2046.mp4)_f_357.jpg,c_62,1,0.995229,1
ViT-B/16,3,c_62_v_(video_2056.mp4)_f_312.jpg,c_62,1,0.140980,0
ViT-B/16,3,c_62_v_(video_2056.mp4)_f_56.jpg,c_62,1,0.722121,1
ViT-B/16,3,c_62_v_(video_2057.mp4)_f_53.jpg,c_62,1,0.990264,1
ViT-B/16,3,c_65_v_(video_2087.mp4)_f_1648.jpg,c_65,1,0.939588,1
ViT-B/16,3,c_65_v_(video_2087.mp4)_f_1816.jpg,c_65,1,0.997015,1
ViT-B/16,3,c_65_v_(video_2087.mp4)_f_2155.jpg,c_65,1,0.957711,1
ViT-B/16,3,c_65_v_(video_2087.mp4)_f_2161.jpg,c_65,1,0.987445,1
ViT-B/16,3,c_65_v_(video_2087.mp4)_f_274.jpg,c_65,1,0.991879,1
ViT-B/16,3,c_65_v_(video_2087.mp4)_f_278.jpg,c_65,1,0.988357,1
ViT-B/16,3,c_65_v_(video_2087.mp4)_f_66.jpg,c_65,1,0.991209,1
ViT-B/16,3,c_65_v_(video_2087.mp4)_f_714.jpg,c_65,1,0.997393,1
ViT-B/16,3,c_65_v_(video_2087.mp4)_f_918.jpg,c_65,1,0.997482,1
ViT-B/16,3,c_6_v_(video_112.mp4)_f_1122.jpg,c_6,1,0.996178,1
ViT-B/16,3,c_6_v_(video_112.mp4)_f_120.jpg,c_6,1,0.992931,1
ViT-B/16,3,c_6_v_(video_112.mp4)_f_174.jpg,c_6,1,0.996364,1
ViT-B/16,3,c_6_v_(video_112.mp4)_f_709.jpg,c_6,1,0.995055,1
ViT-B/16,3,c_6_v_(video_84.mp4)_f_459.jpg,c_6,1,0.998838,1
ViT-B/16,3,c_6_v_(video_84.mp4)_f_695.jpg,c_6,1,0.997351,1
ViT-B/16,3,c_6_v_(video_84.mp4)_f_93.jpg,c_6,1,0.998809,1
ViT-B/16,3,c_6_v_(video_89.mp4)_f_177.jpg,c_6,1,0.998088,1
ViT-B/16,3,c_6_v_(video_89.mp4)_f_340.jpg,c_6,1,0.997752,1
ViT-B/16,3,c_6_v_(video_89.mp4)_f_511.jpg,c_6,1,0.998283,1
ViT-B/16,3,c_6_v_(video_90.mp4)_f_212.jpg,c_6,1,0.997455,1
ViT-B/16,3,c_6_v_(video_90.mp4)_f_684.jpg,c_6,1,0.998094,1
ViT-B/16,3,c_6_v_(video_95.mp4)_f_173.jpg,c_6,1,0.997568,1
ViT-B/16,3,c_6_v_(video_95.mp4)_f_226.jpg,c_6,1,0.994480,1
ViT-B/16,3,c_6_v_(video_96.mp4)_f_84.jpg,c_6,1,0.998423,1
ViT-B/16,3,c_76_v_(video_2329.mp4)_f_1012.jpg,c_76,1,0.976834,1
ViT-B/16,3,c_76_v_(video_2329.mp4)_f_59.jpg,c_76,1,0.881864,1
ViT-B/16,3,c_76_v_(video_2330.mp4)_f_161.jpg,c_76,1,0.984019,1
ViT-B/16,3,c_76_v_(video_2364.mp4)_f_25.jpg,c_76,1,0.998048,1
ViT-B/16,3,c_7_v_(video_130.mp4)_f_100.jpg,c_7,1,0.928462,1
ViT-B/16,3,c_7_v_(video_130.mp4)_f_1233.jpg,c_7,1,0.997462,1
ViT-B/16,3,c_7_v_(video_130.mp4)_f_1360.jpg,c_7,1,0.924244,1
ViT-B/16,3,c_7_v_(video_130.mp4)_f_241.jpg,c_7,1,0.993901,1
ViT-B/16,3,c_7_v_(video_130.mp4)_f_411.jpg,c_7,1,0.986619,1
ViT-B/16,3,c_7_v_(video_130.mp4)_f_986.jpg,c_7,1,0.997559,1
ViT-B/16,3,c_7_v_(video_134.mp4)_f_1093.jpg,c_7,1,0.980638,1
ViT-B/16,3,c_7_v_(video_134.mp4)_f_1716.jpg,c_7,1,0.997678,1
ViT-B/16,3,c_7_v_(video_134.mp4)_f_2323.jpg,c_7,1,0.974835,1
ViT-B/16,3,c_93_v_(video_2819.mp4)_f_1744.jpg,c_93,1,0.995557,1
ViT-B/16,3,c_93_v_(video_2819.mp4)_f_992.jpg,c_93,1,0.994017,1
ViT-B/16,3,c_93_v_(video_2824.mp4)_f_0.jpg,c_93,1,0.938843,1
ViT-B/16,3,c_93_v_(video_2824.mp4)_f_116.jpg,c_93,1,0.992563,1
ViT-B/16,3,c_93_v_(video_2824.mp4)_f_283.jpg,c_93,1,0.980849,1
ViT-B/16,3,c_93_v_(video_2824.mp4)_f_383.jpg,c_93,1,0.953905,1
ViT-B/16,3,c_93_v_(video_2824.mp4)_f_436.jpg,c_93,1,0.967537,1
ViT-B/16,3,c_93_v_(video_2846.mp4)_f_54.jpg,c_93,1,0.997800,1
ViT-B/16,3,v_3528_s_179-537__f_506.jpg,v_3528_s_179-537,0,0.105417,0
ViT-B/16,3,v_3528_s_179-537__f_236.jpg,v_3528_s_179-537,0,0.784152,1
ViT-B/16,3,v_3528_s_179-537__f_191.jpg,v_3528_s_179-537,0,0.651120,1
ViT-B/16,3,v_3528_s_179-537__f_319.jpg,v_3528_s_179-537,0,0.990392,1
ViT-B/16,3,v_3528_s_179-537__f_304.jpg,v_3528_s_179-537,0,0.993919,1
ViT-B/16,3,v_3528_s_179-537__f_293.jpg,v_3528_s_179-537,0,0.996815,1
ViT-B/16,3,v_3528_s_179-537__f_250.jpg,v_3528_s_179-537,0,0.979104,1
ViT-B/16,3,v_3528_s_179-537__f_231.jpg,v_3528_s_179-537,0,0.706815,1
ViT-B/16,3,v_3528_s_179-537__f_525.jpg,v_3528_s_179-537,0,0.006794,0
ViT-B/16,3,v_3528_s_179-537__f_458.jpg,v_3528_s_179-537,0,0.601143,1
ViT-B/16,3,v_3528_s_179-537__f_223.jpg,v_3528_s_179-537,0,0.902625,1
ViT-B/16,3,v_3528_s_179-537__f_481.jpg,v_3528_s_179-537,0,0.053577,0
ViT-B/16,3,v_3528_s_179-537__f_395.jpg,v_3528_s_179-537,0,0.057877,0
ViT-B/16,3,v_3528_s_179-537__f_195.jpg,v_3528_s_179-537,0,0.164828,0
ViT-B/16,3,v_3570_s_1247-1816__f_1361.jpg,v_3570_s_1247-1816,0,0.007057,0
ViT-B/16,3,v_3570_s_1247-1816__f_1272.jpg,v_3570_s_1247-1816,0,0.021574,0
ViT-B/16,3,v_3570_s_1247-1816__f_1528.jpg,v_3570_s_1247-1816,0,0.042656,0
ViT-B/16,3,v_3570_s_1247-1816__f_1497.jpg,v_3570_s_1247-1816,0,0.005864,0
ViT-B/16,3,v_3570_s_1247-1816__f_1475.jpg,v_3570_s_1247-1816,0,0.031833,0
ViT-B/16,3,v_3570_s_1247-1816__f_1389.jpg,v_3570_s_1247-1816,0,0.010262,0
ViT-B/16,3,v_3570_s_1247-1816__f_1351.jpg,v_3570_s_1247-1816,0,0.009777,0
ViT-B/16,3,v_3570_s_1247-1816__f_1805.jpg,v_3570_s_1247-1816,0,0.046998,0
ViT-B/16,3,v_3570_s_1247-1816__f_1336.jpg,v_3570_s_1247-1816,0,0.014820,0
ViT-B/16,3,v_3570_s_1247-1816__f_1679.jpg,v_3570_s_1247-1816,0,0.022455,0
ViT-B/16,3,v_3570_s_1247-1816__f_1279.jpg,v_3570_s_1247-1816,0,0.050310,0
ViT-B/16,3,v_3570_s_1247-1816__f_1277.jpg,v_3570_s_1247-1816,0,0.016603,0
ViT-B/16,3,v_3570_s_1247-1816__f_1342.jpg,v_3570_s_1247-1816,0,0.008222,0
ViT-B/16,3,v_3570_s_1247-1816__f_1470.jpg,v_3570_s_1247-1816,0,0.034147,0
ViT-B/16,3,v_3598_s_197-518__f_254.jpg,v_3598_s_197-518,0,0.080969,0
ViT-B/16,3,v_3598_s_197-518__f_209.jpg,v_3598_s_197-518,0,0.097091,0
ViT-B/16,3,v_3598_s_197-518__f_337.jpg,v_3598_s_197-518,0,0.161540,0
ViT-B/16,3,v_3598_s_197-518__f_322.jpg,v_3598_s_197-518,0,0.155130,0
ViT-B/16,3,v_3598_s_197-518__f_311.jpg,v_3598_s_197-518,0,0.314799,0
ViT-B/16,3,v_3598_s_197-518__f_268.jpg,v_3598_s_197-518,0,0.041086,0
ViT-B/16,3,v_3598_s_197-518__f_249.jpg,v_3598_s_197-518,0,0.347877,0
ViT-B/16,3,v_3598_s_197-518__f_476.jpg,v_3598_s_197-518,0,0.026495,0
ViT-B/16,3,v_3598_s_197-518__f_241.jpg,v_3598_s_197-518,0,0.037658,0
ViT-B/16,3,v_3598_s_197-518__f_499.jpg,v_3598_s_197-518,0,0.014294,0
ViT-B/16,3,v_3598_s_197-518__f_413.jpg,v_3598_s_197-518,0,0.122934,0
ViT-B/16,3,v_3598_s_197-518__f_213.jpg,v_3598_s_197-518,0,0.190638,0
ViT-B/16,3,v_3598_s_197-518__f_212.jpg,v_3598_s_197-518,0,0.138489,0
ViT-B/16,3,v_3598_s_197-518__f_244.jpg,v_3598_s_197-518,0,0.034182,0
ViT-B/16,3,v_3750_s_80-1904__f_505.jpg,v_3750_s_80-1904,0,0.246805,0
ViT-B/16,3,v_3750_s_80-1904__f_1207.jpg,v_3750_s_80-1904,0,0.003452,0
ViT-B/16,3,v_3750_s_80-1904__f_1046.jpg,v_3750_s_80-1904,0,0.426206,0
ViT-B/16,3,v_3750_s_80-1904__f_714.jpg,v_3750_s_80-1904,0,0.507952,1
ViT-B/16,3,v_3750_s_80-1904__f_1511.jpg,v_3750_s_80-1904,0,0.927822,1
ViT-B/16,3,v_3750_s_80-1904__f_1455.jpg,v_3750_s_80-1904,0,0.841197,1
ViT-B/16,3,v_3750_s_80-1904__f_1415.jpg,v_3750_s_80-1904,0,0.027376,0
ViT-B/16,3,v_3750_s_80-1904__f_1259.jpg,v_3750_s_80-1904,0,0.006129,0
ViT-B/16,3,v_3750_s_80-1904__f_704.jpg,v_3750_s_80-1904,0,0.126532,0
ViT-B/16,3,v_3750_s_80-1904__f_119.jpg,v_3750_s_80-1904,0,0.284567,0
ViT-B/16,3,v_3750_s_80-1904__f_581.jpg,v_3750_s_80-1904,0,0.944173,1
ViT-B/16,3,v_3750_s_80-1904__f_712.jpg,v_3750_s_80-1904,0,0.659169,1
ViT-B/16,3,v_3750_s_80-1904__f_312.jpg,v_3750_s_80-1904,0,0.614091,1
ViT-B/16,3,v_3750_s_80-1904__f_1161.jpg,v_3750_s_80-1904,0,0.005436,0
ViT-B/16,4,c_135_v_(video_4058.mp4)_f_1.jpg,c_135,1,0.985228,1
ViT-B/16,4,c_135_v_(video_4079.mp4)_f_229.jpg,c_135,1,0.008499,0
ViT-B/16,4,c_13_v_(video_391.mp4)_f_226.jpg,c_13,1,0.185179,0
ViT-B/16,4,c_144_v_(video_4371.mp4)_f_66.jpg,c_144,1,0.999609,1
ViT-B/16,4,c_144_v_(video_4371.mp4)_f_872.jpg,c_144,1,0.992748,1
ViT-B/16,4,c_144_v_(video_4374.mp4)_f_2517.jpg,c_144,1,0.999623,1
ViT-B/16,4,c_144_v_(video_4374.mp4)_f_2771.jpg,c_144,1,0.999808,1
ViT-B/16,4,c_149_v_(video_4479.mp4)_f_1577.jpg,c_149,1,0.999667,1
ViT-B/16,4,c_149_v_(video_4479.mp4)_f_3137.jpg,c_149,1,0.999818,1
ViT-B/16,4,c_150_v_(video_4517.mp4)_f_109.jpg,c_150,1,0.999882,1
ViT-B/16,4,c_150_v_(video_4518.mp4)_f_28.jpg,c_150,1,0.999867,1
ViT-B/16,4,c_150_v_(video_4520.mp4)_f_132.jpg,c_150,1,0.997121,1
ViT-B/16,4,c_162_v_(video_4957.mp4)_f_230.jpg,c_162,1,0.999466,1
ViT-B/16,4,c_169_v_(video_5210.mp4)_f_102.jpg,c_169,1,0.999851,1
ViT-B/16,4,c_169_v_(video_5211.mp4)_f_104.jpg,c_169,1,0.999832,1
ViT-B/16,4,c_170_v_(video_5222.mp4)_f_64.jpg,c_170,1,0.979280,1
ViT-B/16,4,c_172_v_(video_5281.mp4)_f_1193.jpg,c_172,1,0.999278,1
ViT-B/16,4,c_172_v_(video_5281.mp4)_f_484.jpg,c_172,1,0.999655,1
ViT-B/16,4,c_28_v_(video_903.mp4)_f_1330.jpg,c_28,1,0.999790,1
ViT-B/16,4,c_28_v_(video_903.mp4)_f_1635.jpg,c_28,1,0.999900,1
ViT-B/16,4,c_28_v_(video_903.mp4)_f_1761.jpg,c_28,1,0.999928,1
ViT-B/16,4,c_28_v_(video_903.mp4)_f_330.jpg,c_28,1,0.999735,1
ViT-B/16,4,c_28_v_(video_903.mp4)_f_627.jpg,c_28,1,0.999590,1
ViT-B/16,4,c_28_v_(video_903.mp4)_f_853.jpg,c_28,1,0.174600,0
ViT-B/16,4,c_28_v_(video_905.mp4)_f_53.jpg,c_28,1,0.999922,1
ViT-B/16,4,c_28_v_(video_907.mp4)_f_73.jpg,c_28,1,0.999899,1
ViT-B/16,4,c_28_v_(video_934.mp4)_f_288.jpg,c_28,1,0.999913,1
ViT-B/16,4,c_295_v_(video_9755.mp4)_f_3595.jpg,c_295,1,0.998740,1
ViT-B/16,4,c_38_v_(video_1253.mp4)_f_1117.jpg,c_38,1,0.999210,1
ViT-B/16,4,c_43_v_(video_1363.mp4)_f_1062.jpg,c_43,1,0.999806,1
ViT-B/16,4,c_43_v_(video_1363.mp4)_f_2080.jpg,c_43,1,0.999773,1
ViT-B/16,4,c_43_v_(video_1363.mp4)_f_778.jpg,c_43,1,0.999792,1
ViT-B/16,4,c_43_v_(video_1364.mp4)_f_495.jpg,c_43,1,0.999696,1
ViT-B/16,4,c_43_v_(video_1366.mp4)_f_0.jpg,c_43,1,0.999816,1
ViT-B/16,4,c_45_v_(video_1386.mp4)_f_563.jpg,c_45,1,0.999864,1
ViT-B/16,4,c_45_v_(video_1386.mp4)_f_622.jpg,c_45,1,0.999878,1
ViT-B/16,4,c_45_v_(video_1386.mp4)_f_753.jpg,c_45,1,0.999933,1
ViT-B/16,4,c_45_v_(video_1396.mp4)_f_1483.jpg,c_45,1,0.999864,1
ViT-B/16,4,c_45_v_(video_1396.mp4)_f_2895.jpg,c_45,1,0.999853,1
ViT-B/16,4,c_45_v_(video_1396.mp4)_f_3007.jpg,c_45,1,0.999772,1
ViT-B/16,4,c_45_v_(video_1396.mp4)_f_408.jpg,c_45,1,0.999634,1
ViT-B/16,4,c_46_v_(video_1405.mp4)_f_299.jpg,c_46,1,0.989329,1
ViT-B/16,4,c_46_v_(video_1405.mp4)_f_36.jpg,c_46,1,0.006108,0
ViT-B/16,4,c_46_v_(video_1405.mp4)_f_568.jpg,c_46,1,0.998078,1
ViT-B/16,4,c_46_v_(video_1406.mp4)_f_108.jpg,c_46,1,0.999222,1
ViT-B/16,4,c_46_v_(video_1406.mp4)_f_209.jpg,c_46,1,0.999532,1
ViT-B/16,4,c_46_v_(video_1406.mp4)_f_426.jpg,c_46,1,0.998843,1
ViT-B/16,4,c_46_v_(video_1406.mp4)_f_81.jpg,c_46,1,0.999241,1
ViT-B/16,4,c_49_v_(video_1561.mp4)_f_1248.jpg,c_49,1,0.999863,1
ViT-B/16,4,c_49_v_(video_1561.mp4)_f_1299.jpg,c_49,1,0.999875,1
ViT-B/16,4,c_49_v_(video_1561.mp4)_f_141.jpg,c_49,1,0.999837,1
ViT-B/16,4,c_49_v_(video_1561.mp4)_f_202.jpg,c_49,1,0.999460,1
ViT-B/16,4,c_49_v_(video_1561.mp4)_f_334.jpg,c_49,1,0.999613,1
ViT-B/16,4,c_49_v_(video_1561.mp4)_f_411.jpg,c_49,1,0.999614,1
ViT-B/16,4,c_63_v_(video_2060.mp4)_f_0.jpg,c_63,1,0.999653,1
ViT-B/16,4,c_72_v_(video_2199.mp4)_f_0.jpg,c_72,1,0.011050,0
ViT-B/16,4,c_79_v_(video_2401.mp4)_f_210.jpg,c_79,1,0.999810,1
ViT-B/16,4,c_79_v_(video_2403.mp4)_f_1001.jpg,c_79,1,0.999792,1
ViT-B/16,4,c_79_v_(video_2404.mp4)_f_688.jpg,c_79,1,0.997416,1
ViT-B/16,4,c_79_v_(video_2405.mp4)_f_42.jpg,c_79,1,0.999843,1
ViT-B/16,4,c_86_v_(video_2617.mp4)_f_177.jpg,c_86,1,0.999847,1
ViT-B/16,4,c_86_v_(video_2638.mp4)_f_150.jpg,c_86,1,0.999849,1
ViT-B/16,4,c_92_v_(video_2749.mp4)_f_25.jpg,c_92,1,0.999840,1
ViT-B/16,4,c_92_v_(video_2787.mp4)_f_199.jpg,c_92,1,0.999507,1
ViT-B/16,4,c_92_v_(video_2787.mp4)_f_462.jpg,c_92,1,0.999126,1
ViT-B/16,4,c_99_v_(video_2998.mp4)_f_256.jpg,c_99,1,0.999760,1
ViT-B/16,4,c_99_v_(video_2998.mp4)_f_73.jpg,c_99,1,0.999729,1
ViT-B/16,4,c_99_v_(video_3000.mp4)_f_51.jpg,c_99,1,0.002764,0
ViT-B/16,4,c_99_v_(video_3006.mp4)_f_102.jpg,c_99,1,0.999824,1
ViT-B/16,4,c_99_v_(video_3041.mp4)_f_0.jpg,c_99,1,0.999798,1
ViT-B/16,4,v_2690_s_154-252__f_235.jpg,v_2690_s_154-252,0,0.000838,0
ViT-B/16,4,v_2690_s_154-252__f_168.jpg,v_2690_s_154-252,0,0.000945,0
ViT-B/16,4,v_2690_s_154-252__f_157.jpg,v_2690_s_154-252,0,0.000477,0
ViT-B/16,4,v_2690_s_154-252__f_248.jpg,v_2690_s_154-252,0,0.002839,0
ViT-B/16,4,v_2690_s_154-252__f_189.jpg,v_2690_s_154-252,0,0.000973,0
ViT-B/16,4,v_2690_s_154-252__f_185.jpg,v_2690_s_154-252,0,0.000812,0
ViT-B/16,4,v_2690_s_154-252__f_182.jpg,v_2690_s_154-252,0,0.000886,0
ViT-B/16,4,v_2690_s_154-252__f_171.jpg,v_2690_s_154-252,0,0.000763,0
ViT-B/16,4,v_2690_s_154-252__f_167.jpg,v_2690_s_154-252,0,0.000946,0
ViT-B/16,4,v_2690_s_154-252__f_240.jpg,v_2690_s_154-252,0,0.000751,0
ViT-B/16,4,v_2690_s_154-252__f_223.jpg,v_2690_s_154-252,0,0.000465,0
ViT-B/16,4,v_2690_s_154-252__f_165.jpg,v_2690_s_154-252,0,0.000729,0
ViT-B/16,4,v_2690_s_154-252__f_229.jpg,v_2690_s_154-252,0,0.000695,0
ViT-B/16,4,v_2690_s_154-252__f_208.jpg,v_2690_s_154-252,0,0.000689,0
ViT-B/16,4,v_4466_s_0-186__f_79.jpg,v_4466_s_0-186,0,0.000783,0
ViT-B/16,4,v_4466_s_0-186__f_123.jpg,v_4466_s_0-186,0,0.000397,0
ViT-B/16,4,v_4466_s_0-186__f_103.jpg,v_4466_s_0-186,0,0.000279,0
ViT-B/16,4,v_4466_s_0-186__f_161.jpg,v_4466_s_0-186,0,0.000320,0
ViT-B/16,4,v_4466_s_0-186__f_154.jpg,v_4466_s_0-186,0,0.000305,0
ViT-B/16,4,v_4466_s_0-186__f_15.jpg,v_4466_s_0-186,0,0.405342,0
ViT-B/16,4,v_4466_s_0-186__f_13.jpg,v_4466_s_0-186,0,0.641621,1
ViT-B/16,4,v_4466_s_0-186__f_121.jpg,v_4466_s_0-186,0,0.000222,0
ViT-B/16,4,v_4466_s_0-186__f_88.jpg,v_4466_s_0-186,0,0.000527,0
ViT-B/16,4,v_4466_s_0-186__f_57.jpg,v_4466_s_0-186,0,0.000861,0
ViT-B/16,4,v_4466_s_0-186__f_118.jpg,v_4466_s_0-186,0,0.000259,0
ViT-B/16,4,v_4466_s_0-186__f_68.jpg,v_4466_s_0-186,0,0.002419,0
ViT-B/16,4,v_4466_s_0-186__f_29.jpg,v_4466_s_0-186,0,0.045607,0
ViT-B/16,4,v_4466_s_0-186__f_105.jpg,v_4466_s_0-186,0,0.000277,0
ViT-B/16,4,v_4581_s_0-342__f_86.jpg,v_4581_s_0-342,0,0.070461,0
ViT-B/16,4,v_4581_s_0-342__f_15.jpg,v_4581_s_0-342,0,0.731258,1
ViT-B/16,4,v_4581_s_0-342__f_109.jpg,v_4581_s_0-342,0,0.951833,1
ViT-B/16,4,v_4581_s_0-342__f_224.jpg,v_4581_s_0-342,0,0.006453,0
ViT-B/16,4,v_4581_s_0-342__f_210.jpg,v_4581_s_0-342,0,0.000972,0
ViT-B/16,4,v_4581_s_0-342__f_200.jpg,v_4581_s_0-342,0,0.007943,0
ViT-B/16,4,v_4581_s_0-342__f_162.jpg,v_4581_s_0-342,0,0.736278,1
ViT-B/16,4,v_4581_s_0-342__f_145.jpg,v_4581_s_0-342,0,0.997814,1
ViT-B/16,4,v_4581_s_0-342__f_42.jpg,v_4581_s_0-342,0,0.999219,1
ViT-B/16,4,v_4581_s_0-342__f_138.jpg,v_4581_s_0-342,0,0.991574,1
ViT-B/16,4,v_4581_s_0-342__f_63.jpg,v_4581_s_0-342,0,0.994271,1
ViT-B/16,4,v_4581_s_0-342__f_293.jpg,v_4581_s_0-342,0,0.293412,0
ViT-B/16,4,v_4581_s_0-342__f_112.jpg,v_4581_s_0-342,0,0.997645,1
ViT-B/16,4,v_4581_s_0-342__f_111.jpg,v_4581_s_0-342,0,0.995279,1
ViT-B/16,4,v_4763_s_30-2507__f_1414.jpg,v_4763_s_30-2507,0,0.002987,0
ViT-B/16,4,v_4763_s_30-2507__f_1092.jpg,v_4763_s_30-2507,0,0.006228,0
ViT-B/16,4,v_4763_s_30-2507__f_2023.jpg,v_4763_s_30-2507,0,0.998031,1
ViT-B/16,4,v_4763_s_30-2507__f_1911.jpg,v_4763_s_30-2507,0,0.982797,1
ViT-B/16,4,v_4763_s_30-2507__f_1830.jpg,v_4763_s_30-2507,0,0.944513,1
ViT-B/16,4,v_4763_s_30-2507__f_1519.jpg,v_4763_s_30-2507,0,0.980319,1
ViT-B/16,4,v_4763_s_30-2507__f_1380.jpg,v_4763_s_30-2507,0,0.079023,0
ViT-B/16,4,v_4763_s_30-2507__f_778.jpg,v_4763_s_30-2507,0,0.005159,0
ViT-B/16,4,v_4763_s_30-2507__f_1323.jpg,v_4763_s_30-2507,0,0.648813,1
ViT-B/16,4,v_4763_s_30-2507__f_946.jpg,v_4763_s_30-2507,0,0.073403,0
ViT-B/16,4,v_4763_s_30-2507__f_319.jpg,v_4763_s_30-2507,0,0.000313,0
ViT-B/16,4,v_4763_s_30-2507__f_1118.jpg,v_4763_s_30-2507,0,0.001116,0
ViT-B/16,4,v_4763_s_30-2507__f_1110.jpg,v_4763_s_30-2507,0,0.001153,0
ViT-B/16,4,v_4763_s_30-2507__f_1348.jpg,v_4763_s_30-2507,0,0.646034,1
EfficientNet-B0,3,c_100_v_(video_3062.mp4)_f_1458.jpg,c_100,1,0.376112,0
EfficientNet-B0,3,c_120_v_(video_3598.mp4)_f_713.jpg,c_120,1,0.939353,1
EfficientNet-B0,3,c_120_v_(video_3599.mp4)_f_39.jpg,c_120,1,0.983911,1
EfficientNet-B0,3,c_123_v_(video_3706.mp4)_f_659.jpg,c_123,1,0.978683,1
EfficientNet-B0,3,c_125_v_(video_3726.mp4)_f_247.jpg,c_125,1,0.996068,1
EfficientNet-B0,3,c_146_v_(video_4410.mp4)_f_2066.jpg,c_146,1,0.655824,1
EfficientNet-B0,3,c_146_v_(video_4410.mp4)_f_740.jpg,c_146,1,0.985097,1
EfficientNet-B0,3,c_146_v_(video_4412.mp4)_f_43.jpg,c_146,1,0.939892,1
EfficientNet-B0,3,c_15_v_(video_449.mp4)_f_2374.jpg,c_15,1,0.040657,0
EfficientNet-B0,3,c_15_v_(video_449.mp4)_f_2831.jpg,c_15,1,0.969162,1
EfficientNet-B0,3,c_15_v_(video_450.mp4)_f_623.jpg,c_15,1,0.742896,1
EfficientNet-B0,3,c_15_v_(video_451.mp4)_f_251.jpg,c_15,1,0.996792,1
EfficientNet-B0,3,c_15_v_(video_454.mp4)_f_144.jpg,c_15,1,0.996267,1
EfficientNet-B0,3,c_173_v_(video_5306.mp4)_f_20.jpg,c_173,1,0.249994,0
EfficientNet-B0,3,c_173_v_(video_5306.mp4)_f_228.jpg,c_173,1,0.335328,0
EfficientNet-B0,3,c_1_v_(video_17.mp4)_f_1232.jpg,c_1,1,0.786014,1
EfficientNet-B0,3,c_1_v_(video_17.mp4)_f_530.jpg,c_1,1,0.993808,1
EfficientNet-B0,3,c_1_v_(video_17.mp4)_f_925.jpg,c_1,1,0.989540,1
EfficientNet-B0,3,c_1_v_(video_7.mp4)_f_1299.jpg,c_1,1,0.751002,1
EfficientNet-B0,3,c_1_v_(video_7.mp4)_f_36.jpg,c_1,1,0.889464,1
EfficientNet-B0,3,c_20_v_(video_539.mp4)_f_16.jpg,c_20,1,0.537008,1
EfficientNet-B0,3,c_20_v_(video_539.mp4)_f_201.jpg,c_20,1,0.629865,1
EfficientNet-B0,3,c_20_v_(video_539.mp4)_f_305.jpg,c_20,1,0.958326,1
EfficientNet-B0,3,c_20_v_(video_539.mp4)_f_560.jpg,c_20,1,0.992759,1
EfficientNet-B0,3,c_20_v_(video_539.mp4)_f_800.jpg,c_20,1,0.983035,1
EfficientNet-B0,3,c_22_v_(video_631.mp4)_f_25.jpg,c_22,1,0.867276,1
EfficientNet-B0,3,c_22_v_(video_631.mp4)_f_358.jpg,c_22,1,0.986503,1
EfficientNet-B0,3,c_22_v_(video_631.mp4)_f_706.jpg,c_22,1,0.964492,1
EfficientNet-B0,3,c_22_v_(video_632.mp4)_f_228.jpg,c_22,1,0.105776,0
EfficientNet-B0,3,c_22_v_(video_632.mp4)_f_2825.jpg,c_22,1,0.473068,0
EfficientNet-B0,3,c_22_v_(video_634.mp4)_f_22.jpg,c_22,1,0.996403,1
EfficientNet-B0,3,c_32_v_(video_1044.mp4)_f_1545.jpg,c_32,1,0.902615,1
EfficientNet-B0,3,c_33_v_(video_1058.mp4)_f_1034.jpg,c_33,1,0.967819,1
EfficientNet-B0,3,c_33_v_(video_1058.mp4)_f_1254.jpg,c_33,1,0.993010,1
EfficientNet-B0,3,c_33_v_(video_1058.mp4)_f_1427.jpg,c_33,1,0.995261,1
EfficientNet-B0,3,c_39_v_(video_1263.mp4)_f_1769.jpg,c_39,1,0.991995,1
EfficientNet-B0,3,c_39_v_(video_1263.mp4)_f_481.jpg,c_39,1,0.972308,1
EfficientNet-B0,3,c_40_v_(video_1275.mp4)_f_184.jpg,c_40,1,0.675997,1
EfficientNet-B0,3,c_40_v_(video_1277.mp4)_f_411.jpg,c_40,1,0.939700,1
EfficientNet-B0,3,c_40_v_(video_1281.mp4)_f_262.jpg,c_40,1,0.988653,1
EfficientNet-B0,3,c_40_v_(video_1286.mp4)_f_126.jpg,c_40,1,0.979837,1
EfficientNet-B0,3,c_40_v_(video_1286.mp4)_f_775.jpg,c_40,1,0.981276,1
EfficientNet-B0,3,c_40_v_(video_1288.mp4)_f_17.jpg,c_40,1,0.968769,1
EfficientNet-B0,3,c_48_v_(video_1525.mp4)_f_685.jpg,c_48,1,0.996498,1
EfficientNet-B0,3,c_48_v_(video_1525.mp4)_f_759.jpg,c_48,1,0.993858,1
EfficientNet-B0,3,c_52_v_(video_1656.mp4)_f_2711.jpg,c_52,1,0.992128,1
EfficientNet-B0,3,c_52_v_(video_1656.mp4)_f_5548.jpg,c_52,1,0.886295,1
EfficientNet-B0,3,c_62_v_(video_2045.mp4)_f_363.jpg,c_62,1,0.931195,1
EfficientNet-B0,3,c_62_v_(video_2045.mp4)_f_379.jpg,c_62,1,0.972062,1
EfficientNet-B0,3,c_62_v_(video_2045.mp4)_f_846.jpg,c_62,1,0.971339,1
EfficientNet-B0,3,c_62_v_(video_2046.mp4)_f_357.jpg,c_62,1,0.935080,1
EfficientNet-B0,3,c_62_v_(video_2056.mp4)_f_312.jpg,c_62,1,0.463386,0
EfficientNet-B0,3,c_62_v_(video_2056.mp4)_f_56.jpg,c_62,1,0.891258,1
EfficientNet-B0,3,c_62_v_(video_2057.mp4)_f_53.jpg,c_62,1,0.858713,1
EfficientNet-B0,3,c_65_v_(video_2087.mp4)_f_1648.jpg,c_65,1,0.990104,1
EfficientNet-B0,3,c_65_v_(video_2087.mp4)_f_1816.jpg,c_65,1,0.960915,1
EfficientNet-B0,3,c_65_v_(video_2087.mp4)_f_2155.jpg,c_65,1,0.987320,1
EfficientNet-B0,3,c_65_v_(video_2087.mp4)_f_2161.jpg,c_65,1,0.972554,1
EfficientNet-B0,3,c_65_v_(video_2087.mp4)_f_274.jpg,c_65,1,0.958433,1
EfficientNet-B0,3,c_65_v_(video_2087.mp4)_f_278.jpg,c_65,1,0.935370,1
EfficientNet-B0,3,c_65_v_(video_2087.mp4)_f_66.jpg,c_65,1,0.300097,0
EfficientNet-B0,3,c_65_v_(video_2087.mp4)_f_714.jpg,c_65,1,0.822179,1
EfficientNet-B0,3,c_65_v_(video_2087.mp4)_f_918.jpg,c_65,1,0.983050,1
EfficientNet-B0,3,c_6_v_(video_112.mp4)_f_1122.jpg,c_6,1,0.992191,1
EfficientNet-B0,3,c_6_v_(video_112.mp4)_f_120.jpg,c_6,1,0.955645,1
EfficientNet-B0,3,c_6_v_(video_112.mp4)_f_174.jpg,c_6,1,0.990955,1
EfficientNet-B0,3,c_6_v_(video_112.mp4)_f_709.jpg,c_6,1,0.991398,1
EfficientNet-B0,3,c_6_v_(video_84.mp4)_f_459.jpg,c_6,1,0.995207,1
EfficientNet-B0,3,c_6_v_(video_84.mp4)_f_695.jpg,c_6,1,0.958530,1
EfficientNet-B0,3,c_6_v_(video_84.mp4)_f_93.jpg,c_6,1,0.996105,1
EfficientNet-B0,3,c_6_v_(video_89.mp4)_f_177.jpg,c_6,1,0.996846,1
EfficientNet-B0,3,c_6_v_(video_89.mp4)_f_340.jpg,c_6,1,0.995205,1
EfficientNet-B0,3,c_6_v_(video_89.mp4)_f_511.jpg,c_6,1,0.992213,1
EfficientNet-B0,3,c_6_v_(video_90.mp4)_f_212.jpg,c_6,1,0.997829,1
EfficientNet-B0,3,c_6_v_(video_90.mp4)_f_684.jpg,c_6,1,0.994058,1
EfficientNet-B0,3,c_6_v_(video_95.mp4)_f_173.jpg,c_6,1,0.993107,1
EfficientNet-B0,3,c_6_v_(video_95.mp4)_f_226.jpg,c_6,1,0.979886,1
EfficientNet-B0,3,c_6_v_(video_96.mp4)_f_84.jpg,c_6,1,0.997330,1
EfficientNet-B0,3,c_76_v_(video_2329.mp4)_f_1012.jpg,c_76,1,0.907862,1
EfficientNet-B0,3,c_76_v_(video_2329.mp4)_f_59.jpg,c_76,1,0.637105,1
EfficientNet-B0,3,c_76_v_(video_2330.mp4)_f_161.jpg,c_76,1,0.328390,0
EfficientNet-B0,3,c_76_v_(video_2364.mp4)_f_25.jpg,c_76,1,0.982000,1
EfficientNet-B0,3,c_7_v_(video_130.mp4)_f_100.jpg,c_7,1,0.944638,1
EfficientNet-B0,3,c_7_v_(video_130.mp4)_f_1233.jpg,c_7,1,0.973782,1
EfficientNet-B0,3,c_7_v_(video_130.mp4)_f_1360.jpg,c_7,1,0.515266,1
EfficientNet-B0,3,c_7_v_(video_130.mp4)_f_241.jpg,c_7,1,0.890041,1
EfficientNet-B0,3,c_7_v_(video_130.mp4)_f_411.jpg,c_7,1,0.111480,0
EfficientNet-B0,3,c_7_v_(video_130.mp4)_f_986.jpg,c_7,1,0.972182,1
EfficientNet-B0,3,c_7_v_(video_134.mp4)_f_1093.jpg,c_7,1,0.279002,0
EfficientNet-B0,3,c_7_v_(video_134.mp4)_f_1716.jpg,c_7,1,0.867197,1
EfficientNet-B0,3,c_7_v_(video_134.mp4)_f_2323.jpg,c_7,1,0.907657,1
EfficientNet-B0,3,c_93_v_(video_2819.mp4)_f_1744.jpg,c_93,1,0.997923,1
EfficientNet-B0,3,c_93_v_(video_2819.mp4)_f_992.jpg,c_93,1,0.995016,1
EfficientNet-B0,3,c_93_v_(video_2824.mp4)_f_0.jpg,c_93,1,0.402500,0
EfficientNet-B0,3,c_93_v_(video_2824.mp4)_f_116.jpg,c_93,1,0.971763,1
EfficientNet-B0,3,c_93_v_(video_2824.mp4)_f_283.jpg,c_93,1,0.911440,1
EfficientNet-B0,3,c_93_v_(video_2824.mp4)_f_383.jpg,c_93,1,0.707551,1
EfficientNet-B0,3,c_93_v_(video_2824.mp4)_f_436.jpg,c_93,1,0.953211,1
EfficientNet-B0,3,c_93_v_(video_2846.mp4)_f_54.jpg,c_93,1,0.983548,1
EfficientNet-B0,3,v_3528_s_179-537__f_506.jpg,v_3528_s_179-537,0,0.162969,0
EfficientNet-B0,3,v_3528_s_179-537__f_236.jpg,v_3528_s_179-537,0,0.580588,1
EfficientNet-B0,3,v_3528_s_179-537__f_191.jpg,v_3528_s_179-537,0,0.456069,0
EfficientNet-B0,3,v_3528_s_179-537__f_319.jpg,v_3528_s_179-537,0,0.975349,1
EfficientNet-B0,3,v_3528_s_179-537__f_304.jpg,v_3528_s_179-537,0,0.986776,1
EfficientNet-B0,3,v_3528_s_179-537__f_293.jpg,v_3528_s_179-537,0,0.919991,1
EfficientNet-B0,3,v_3528_s_179-537__f_250.jpg,v_3528_s_179-537,0,0.810052,1
EfficientNet-B0,3,v_3528_s_179-537__f_231.jpg,v_3528_s_179-537,0,0.463335,0
EfficientNet-B0,3,v_3528_s_179-537__f_525.jpg,v_3528_s_179-537,0,0.024684,0
EfficientNet-B0,3,v_3528_s_179-537__f_458.jpg,v_3528_s_179-537,0,0.336537,0
EfficientNet-B0,3,v_3528_s_179-537__f_223.jpg,v_3528_s_179-537,0,0.781494,1
EfficientNet-B0,3,v_3528_s_179-537__f_481.jpg,v_3528_s_179-537,0,0.372488,0
EfficientNet-B0,3,v_3528_s_179-537__f_395.jpg,v_3528_s_179-537,0,0.192947,0
EfficientNet-B0,3,v_3528_s_179-537__f_195.jpg,v_3528_s_179-537,0,0.373252,0
EfficientNet-B0,3,v_3570_s_1247-1816__f_1361.jpg,v_3570_s_1247-1816,0,0.043098,0
EfficientNet-B0,3,v_3570_s_1247-1816__f_1272.jpg,v_3570_s_1247-1816,0,0.103930,0
EfficientNet-B0,3,v_3570_s_1247-1816__f_1528.jpg,v_3570_s_1247-1816,0,0.034024,0
EfficientNet-B0,3,v_3570_s_1247-1816__f_1497.jpg,v_3570_s_1247-1816,0,0.024426,0
EfficientNet-B0,3,v_3570_s_1247-1816__f_1475.jpg,v_3570_s_1247-1816,0,0.018628,0
EfficientNet-B0,3,v_3570_s_1247-1816__f_1389.jpg,v_3570_s_1247-1816,0,0.244611,0
EfficientNet-B0,3,v_3570_s_1247-1816__f_1351.jpg,v_3570_s_1247-1816,0,0.066693,0
EfficientNet-B0,3,v_3570_s_1247-1816__f_1805.jpg,v_3570_s_1247-1816,0,0.129292,0
EfficientNet-B0,3,v_3570_s_1247-1816__f_1336.jpg,v_3570_s_1247-1816,0,0.053244,0
EfficientNet-B0,3,v_3570_s_1247-1816__f_1679.jpg,v_3570_s_1247-1816,0,0.014273,0
EfficientNet-B0,3,v_3570_s_1247-1816__f_1279.jpg,v_3570_s_1247-1816,0,0.153524,0
EfficientNet-B0,3,v_3570_s_1247-1816__f_1277.jpg,v_3570_s_1247-1816,0,0.134727,0
EfficientNet-B0,3,v_3570_s_1247-1816__f_1342.jpg,v_3570_s_1247-1816,0,0.089540,0
EfficientNet-B0,3,v_3570_s_1247-1816__f_1470.jpg,v_3570_s_1247-1816,0,0.035115,0
EfficientNet-B0,3,v_3598_s_197-518__f_254.jpg,v_3598_s_197-518,0,0.007886,0
EfficientNet-B0,3,v_3598_s_197-518__f_209.jpg,v_3598_s_197-518,0,0.026429,0
EfficientNet-B0,3,v_3598_s_197-518__f_337.jpg,v_3598_s_197-518,0,0.019251,0
EfficientNet-B0,3,v_3598_s_197-518__f_322.jpg,v_3598_s_197-518,0,0.016967,0
EfficientNet-B0,3,v_3598_s_197-518__f_311.jpg,v_3598_s_197-518,0,0.007365,0
EfficientNet-B0,3,v_3598_s_197-518__f_268.jpg,v_3598_s_197-518,0,0.012221,0
EfficientNet-B0,3,v_3598_s_197-518__f_249.jpg,v_3598_s_197-518,0,0.011552,0
EfficientNet-B0,3,v_3598_s_197-518__f_476.jpg,v_3598_s_197-518,0,0.023632,0
EfficientNet-B0,3,v_3598_s_197-518__f_241.jpg,v_3598_s_197-518,0,0.009818,0
EfficientNet-B0,3,v_3598_s_197-518__f_499.jpg,v_3598_s_197-518,0,0.000145,0
EfficientNet-B0,3,v_3598_s_197-518__f_413.jpg,v_3598_s_197-518,0,0.118566,0
EfficientNet-B0,3,v_3598_s_197-518__f_213.jpg,v_3598_s_197-518,0,0.027658,0
EfficientNet-B0,3,v_3598_s_197-518__f_212.jpg,v_3598_s_197-518,0,0.024166,0
EfficientNet-B0,3,v_3598_s_197-518__f_244.jpg,v_3598_s_197-518,0,0.005355,0
EfficientNet-B0,3,v_3750_s_80-1904__f_505.jpg,v_3750_s_80-1904,0,0.220304,0
EfficientNet-B0,3,v_3750_s_80-1904__f_1207.jpg,v_3750_s_80-1904,0,0.024542,0
EfficientNet-B0,3,v_3750_s_80-1904__f_1046.jpg,v_3750_s_80-1904,0,0.119888,0
EfficientNet-B0,3,v_3750_s_80-1904__f_714.jpg,v_3750_s_80-1904,0,0.432871,0
EfficientNet-B0,3,v_3750_s_80-1904__f_1511.jpg,v_3750_s_80-1904,0,0.759494,1
EfficientNet-B0,3,v_3750_s_80-1904__f_1455.jpg,v_3750_s_80-1904,0,0.380058,0
EfficientNet-B0,3,v_3750_s_80-1904__f_1415.jpg,v_3750_s_80-1904,0,0.023820,0
EfficientNet-B0,3,v_3750_s_80-1904__f_1259.jpg,v_3750_s_80-1904,0,0.014669,0
EfficientNet-B0,3,v_3750_s_80-1904__f_704.jpg,v_3750_s_80-1904,0,0.762384,1
EfficientNet-B0,3,v_3750_s_80-1904__f_119.jpg,v_3750_s_80-1904,0,0.061816,0
EfficientNet-B0,3,v_3750_s_80-1904__f_581.jpg,v_3750_s_80-1904,0,0.144052,0
EfficientNet-B0,3,v_3750_s_80-1904__f_712.jpg,v_3750_s_80-1904,0,0.599078,1
EfficientNet-B0,3,v_3750_s_80-1904__f_312.jpg,v_3750_s_80-1904,0,0.120338,0
EfficientNet-B0,3,v_3750_s_80-1904__f_1161.jpg,v_3750_s_80-1904,0,0.030231,0
